2026-08-11 09:01:41,052 INFO it_colbert.benchmark.run: resuming from outputs/benchmark/results.json
2026-08-11 09:01:41,052 INFO it_colbert.benchmark.run: === benchmark mldr-it ===
2026-08-11 09:01:41,053 INFO it_colbert.benchmark.datasets: loading Shitao/MLDR italian split=test via jsonl...
2026-08-11 09:01:42,557 INFO httpx: HTTP Request: HEAD https://huggingface.co/datasets/Shitao/MLDR/resolve/main/mldr-v1.0-it/test.jsonl.gz "HTTP/1.1 302 Found"
2026-08-11 09:01:43,061 INFO httpx: HTTP Request: HEAD https://huggingface.co/datasets/Shitao/MLDR/resolve/main/mldr-v1.0-it/corpus.jsonl.gz "HTTP/1.1 302 Found"
2026-08-11 09:01:43,473 INFO httpx: HTTP Request: HEAD https://huggingface.co/datasets/Shitao/MLDR/resolve/main/qrels/qrels.mldr-v1.0-it-test.tsv "HTTP/1.1 307 Temporary Redirect"
2026-08-11 09:01:43,671 INFO httpx: HTTP Request: HEAD https://huggingface.co/api/resolve-cache/datasets/Shitao/MLDR/d67138e705d963e346253a80e59676ddb418810a/qrels%2Fqrels.mldr-v1.0-it-test.tsv "HTTP/1.1 200 OK"
2026-08-11 09:01:45,793 INFO it_colbert.benchmark.datasets: mldr-it ready: 200 queries, 10000 docs, qrels=200
2026-08-11 09:01:45,793 INFO it_colbert.benchmark.run: skip completed mldr-it / BM25
2026-08-11 09:01:45,793 INFO it_colbert.benchmark.run: skip completed mldr-it / Italian-ModernBERT-base (mean-pool)
2026-08-11 09:01:45,793 INFO it_colbert.benchmark.run: skip completed mldr-it / Italian-ModernBERT-mmarco-mnrl
2026-08-11 09:01:45,793 INFO it_colbert.benchmark.run: skip completed mldr-it / multilingual-e5-base
2026-08-11 09:01:45,793 INFO it_colbert.benchmark.run: skip completed mldr-it / multilingual-e5-large
2026-08-11 09:01:45,793 INFO it_colbert.benchmark.run: skip completed mldr-it / bge-m3
2026-08-11 09:01:45,793 INFO it_colbert.benchmark.run: skip completed mldr-it / Ita-Search
2026-08-11 09:01:45,793 INFO it_colbert.benchmark.run: skip completed mldr-it / jina-colbert-v2
2026-08-11 09:01:45,793 INFO it_colbert.benchmark.run: skip completed mldr-it / SauerkrautLM-Multi-ModernColBERT
2026-08-11 09:01:45,793 INFO it_colbert.benchmark.run: skip completed mldr-it / mLateOn
2026-08-11 09:01:45,793 INFO it_colbert.benchmark.run: skip completed mldr-it / ColBERT-XM
2026-08-11 09:01:45,793 INFO it_colbert.benchmark.run: --- mldr-it / ItColBERT (phase1-only) ---
2026-08-11 09:01:45,793 INFO it_colbert.benchmark.retrievers: loading colbert model outputs/final_phase1
2026-08-11 09:01:45,794 INFO sentence_transformers.SentenceTransformer: Use pytorch device_name: cuda:0
2026-08-11 09:01:45,794 INFO sentence_transformers.SentenceTransformer: Load pretrained ColBERT: outputs/final_phase1
2026-08-11 09:01:46,111 INFO httpx: HTTP Request: HEAD https://huggingface.co/outputs/final_phase1/resolve/main/modules.json "HTTP/1.1 404 Not Found"
2026-08-11 09:01:46,111 WARNING pylate.models.colbert: No sentence-transformers model found with name outputs/final_phase1.
2026-08-11 09:01:46,420 INFO httpx: HTTP Request: HEAD https://huggingface.co/outputs/final_phase1/resolve/main/adapter_config.json "HTTP/1.1 404 Not Found"
2026-08-11 09:01:46,420 ERROR it_colbert.benchmark.run: failed on mldr-it / ItColBERT (phase1-only)
Traceback (most recent call last):
  File "/home/enricollen/PROJECTS/it-colbert/.venv/lib/python3.11/site-packages/huggingface_hub/utils/_http.py", line 795, in hf_raise_for_status
    response.raise_for_status()
  File "/home/enricollen/PROJECTS/it-colbert/.venv/lib/python3.11/site-packages/httpx/_models.py", line 829, in raise_for_status
    raise HTTPStatusError(message, request=request, response=self)
httpx.HTTPStatusError: Client error '404 Not Found' for url 'https://huggingface.co/outputs/final_phase1/resolve/main/adapter_config.json'
For more information check: https://developer.mozilla.org/en-US/docs/Web/HTTP/Status/404

The above exception was the direct cause of the following exception:

Traceback (most recent call last):
  File "/home/enricollen/PROJECTS/it-colbert/.venv/lib/python3.11/site-packages/transformers/utils/hub.py", line 420, in cached_files
    hf_hub_download(
  File "/home/enricollen/PROJECTS/it-colbert/.venv/lib/python3.11/site-packages/huggingface_hub/utils/_validators.py", line 88, in _inner_fn
    return fn(*args, **kwargs)
           ^^^^^^^^^^^^^^^^^^^
  File "/home/enricollen/PROJECTS/it-colbert/.venv/lib/python3.11/site-packages/huggingface_hub/file_download.py", line 1019, in hf_hub_download
    return _hf_hub_download_to_cache_dir(
           ^^^^^^^^^^^^^^^^^^^^^^^^^^^^^^
  File "/home/enricollen/PROJECTS/it-colbert/.venv/lib/python3.11/site-packages/huggingface_hub/file_download.py", line 1166, in _hf_hub_download_to_cache_dir
    _raise_on_head_call_error(head_call_error, force_download, local_files_only)
  File "/home/enricollen/PROJECTS/it-colbert/.venv/lib/python3.11/site-packages/huggingface_hub/file_download.py", line 1876, in _raise_on_head_call_error
    raise head_call_error
  File "/home/enricollen/PROJECTS/it-colbert/.venv/lib/python3.11/site-packages/huggingface_hub/file_download.py", line 1713, in _get_metadata_or_catch_error
    metadata = get_hf_file_metadata(
               ^^^^^^^^^^^^^^^^^^^^^
  File "/home/enricollen/PROJECTS/it-colbert/.venv/lib/python3.11/site-packages/huggingface_hub/utils/_validators.py", line 88, in _inner_fn
    return fn(*args, **kwargs)
           ^^^^^^^^^^^^^^^^^^^
  File "/home/enricollen/PROJECTS/it-colbert/.venv/lib/python3.11/site-packages/huggingface_hub/file_download.py", line 1621, in get_hf_file_metadata
    response = _httpx_follow_relative_redirects_with_backoff(
               ^^^^^^^^^^^^^^^^^^^^^^^^^^^^^^^^^^^^^^^^^^^^^^
  File "/home/enricollen/PROJECTS/it-colbert/.venv/lib/python3.11/site-packages/huggingface_hub/utils/_http.py", line 726, in _httpx_follow_relative_redirects_with_backoff
    hf_raise_for_status(response)
  File "/home/enricollen/PROJECTS/it-colbert/.venv/lib/python3.11/site-packages/huggingface_hub/utils/_http.py", line 882, in hf_raise_for_status
    raise _format(RepositoryNotFoundError, message, response, repo_type=repo_type, repo_id=repo_id) from e
huggingface_hub.errors.RepositoryNotFoundError: 404 Client Error. (Request ID: Root=1-6a7ac8db-3a36bcab3bb401b449ba874b;fe3bae7c-7a5d-449a-9b6b-56922ac5fa98)

Repository Not Found for url: https://huggingface.co/outputs/final_phase1/resolve/main/adapter_config.json.
Please make sure you specified the correct `repo_id` and `repo_type`.
If you are trying to access a private or gated repo, make sure you are authenticated and your token has the required permissions.
For more details, see https://huggingface.co/docs/huggingface_hub/authentication

The above exception was the direct cause of the following exception:

Traceback (most recent call last):
  File "/home/enricollen/PROJECTS/it-colbert/src/it_colbert/benchmark/run.py", line 426, in run_benchmark
    scores = _retrieve_for_model(spec, split, cfg)
             ^^^^^^^^^^^^^^^^^^^^^^^^^^^^^^^^^^^^^
  File "/home/enricollen/PROJECTS/it-colbert/src/it_colbert/benchmark/run.py", line 288, in _retrieve_for_model
    retr = ColBERTRetriever(
           ^^^^^^^^^^^^^^^^^
  File "/home/enricollen/PROJECTS/it-colbert/src/it_colbert/benchmark/retrievers.py", line 324, in __init__
    self.model = models.ColBERT(
                 ^^^^^^^^^^^^^^^
  File "/home/enricollen/PROJECTS/it-colbert/.venv/lib/python3.11/site-packages/pylate/models/colbert.py", line 231, in __init__
    super(ColBERT, self).__init__(
  File "/home/enricollen/PROJECTS/it-colbert/.venv/lib/python3.11/site-packages/sentence_transformers/SentenceTransformer.py", line 339, in __init__
    modules = self._load_auto_model(
              ^^^^^^^^^^^^^^^^^^^^^^
  File "/home/enricollen/PROJECTS/it-colbert/.venv/lib/python3.11/site-packages/pylate/models/colbert.py", line 1270, in _load_auto_model
    transformer_model = Transformer(
                        ^^^^^^^^^^^^
  File "/home/enricollen/PROJECTS/it-colbert/.venv/lib/python3.11/site-packages/sentence_transformers/models/Transformer.py", line 120, in __init__
    config, is_peft_model = self._load_config(model_name_or_path, cache_dir, backend, config_args)
                            ^^^^^^^^^^^^^^^^^^^^^^^^^^^^^^^^^^^^^^^^^^^^^^^^^^^^^^^^^^^^^^^^^^^^^^
  File "/home/enricollen/PROJECTS/it-colbert/.venv/lib/python3.11/site-packages/sentence_transformers/models/Transformer.py", line 171, in _load_config
    find_adapter_config_file(
  File "/home/enricollen/PROJECTS/it-colbert/.venv/lib/python3.11/site-packages/transformers/utils/peft_utils.py", line 84, in find_adapter_config_file
    adapter_cached_filename = cached_file(
                              ^^^^^^^^^^^^
  File "/home/enricollen/PROJECTS/it-colbert/.venv/lib/python3.11/site-packages/transformers/utils/hub.py", line 277, in cached_file
    file = cached_files(path_or_repo_id=path_or_repo_id, filenames=[filename], **kwargs)
           ^^^^^^^^^^^^^^^^^^^^^^^^^^^^^^^^^^^^^^^^^^^^^^^^^^^^^^^^^^^^^^^^^^^^^^^^^^^^^
  File "/home/enricollen/PROJECTS/it-colbert/.venv/lib/python3.11/site-packages/transformers/utils/hub.py", line 450, in cached_files
    raise OSError(
OSError: outputs/final_phase1 is not a local folder and is not a valid model identifier listed on 'https://huggingface.co/models'
If this is a private repository, make sure to pass a token having permission to this repo either by logging in with `hf auth login` or by passing `token=<your_token>`
2026-08-11 09:01:46,549 INFO it_colbert.benchmark.run: --- mldr-it / ItColBERT ---
2026-08-11 09:01:46,549 INFO it_colbert.benchmark.retrievers: loading colbert model outputs/final
2026-08-11 09:01:46,550 INFO sentence_transformers.SentenceTransformer: Use pytorch device_name: cuda:0
2026-08-11 09:01:46,550 INFO sentence_transformers.SentenceTransformer: Load pretrained ColBERT: outputs/final
2026-08-11 09:01:46,738 INFO httpx: HTTP Request: HEAD https://huggingface.co/outputs/final/resolve/main/modules.json "HTTP/1.1 404 Not Found"
2026-08-11 09:01:46,739 WARNING pylate.models.colbert: No sentence-transformers model found with name outputs/final.
2026-08-11 09:01:46,925 INFO httpx: HTTP Request: HEAD https://huggingface.co/outputs/final/resolve/main/adapter_config.json "HTTP/1.1 404 Not Found"
2026-08-11 09:01:46,925 ERROR it_colbert.benchmark.run: failed on mldr-it / ItColBERT
Traceback (most recent call last):
  File "/home/enricollen/PROJECTS/it-colbert/.venv/lib/python3.11/site-packages/huggingface_hub/utils/_http.py", line 795, in hf_raise_for_status
    response.raise_for_status()
  File "/home/enricollen/PROJECTS/it-colbert/.venv/lib/python3.11/site-packages/httpx/_models.py", line 829, in raise_for_status
    raise HTTPStatusError(message, request=request, response=self)
httpx.HTTPStatusError: Client error '404 Not Found' for url 'https://huggingface.co/outputs/final/resolve/main/adapter_config.json'
For more information check: https://developer.mozilla.org/en-US/docs/Web/HTTP/Status/404

The above exception was the direct cause of the following exception:

Traceback (most recent call last):
  File "/home/enricollen/PROJECTS/it-colbert/.venv/lib/python3.11/site-packages/transformers/utils/hub.py", line 420, in cached_files
    hf_hub_download(
  File "/home/enricollen/PROJECTS/it-colbert/.venv/lib/python3.11/site-packages/huggingface_hub/utils/_validators.py", line 88, in _inner_fn
    return fn(*args, **kwargs)
           ^^^^^^^^^^^^^^^^^^^
  File "/home/enricollen/PROJECTS/it-colbert/.venv/lib/python3.11/site-packages/huggingface_hub/file_download.py", line 1019, in hf_hub_download
    return _hf_hub_download_to_cache_dir(
           ^^^^^^^^^^^^^^^^^^^^^^^^^^^^^^
  File "/home/enricollen/PROJECTS/it-colbert/.venv/lib/python3.11/site-packages/huggingface_hub/file_download.py", line 1166, in _hf_hub_download_to_cache_dir
    _raise_on_head_call_error(head_call_error, force_download, local_files_only)
  File "/home/enricollen/PROJECTS/it-colbert/.venv/lib/python3.11/site-packages/huggingface_hub/file_download.py", line 1876, in _raise_on_head_call_error
    raise head_call_error
  File "/home/enricollen/PROJECTS/it-colbert/.venv/lib/python3.11/site-packages/huggingface_hub/file_download.py", line 1713, in _get_metadata_or_catch_error
    metadata = get_hf_file_metadata(
               ^^^^^^^^^^^^^^^^^^^^^
  File "/home/enricollen/PROJECTS/it-colbert/.venv/lib/python3.11/site-packages/huggingface_hub/utils/_validators.py", line 88, in _inner_fn
    return fn(*args, **kwargs)
           ^^^^^^^^^^^^^^^^^^^
  File "/home/enricollen/PROJECTS/it-colbert/.venv/lib/python3.11/site-packages/huggingface_hub/file_download.py", line 1621, in get_hf_file_metadata
    response = _httpx_follow_relative_redirects_with_backoff(
               ^^^^^^^^^^^^^^^^^^^^^^^^^^^^^^^^^^^^^^^^^^^^^^
  File "/home/enricollen/PROJECTS/it-colbert/.venv/lib/python3.11/site-packages/huggingface_hub/utils/_http.py", line 726, in _httpx_follow_relative_redirects_with_backoff
    hf_raise_for_status(response)
  File "/home/enricollen/PROJECTS/it-colbert/.venv/lib/python3.11/site-packages/huggingface_hub/utils/_http.py", line 882, in hf_raise_for_status
    raise _format(RepositoryNotFoundError, message, response, repo_type=repo_type, repo_id=repo_id) from e
huggingface_hub.errors.RepositoryNotFoundError: 404 Client Error. (Request ID: Root=1-6a7ac8dc-2de1f0aa266124e9631137c8;b335ad65-da9b-4808-9328-a52d34014af9)

Repository Not Found for url: https://huggingface.co/outputs/final/resolve/main/adapter_config.json.
Please make sure you specified the correct `repo_id` and `repo_type`.
If you are trying to access a private or gated repo, make sure you are authenticated and your token has the required permissions.
For more details, see https://huggingface.co/docs/huggingface_hub/authentication

The above exception was the direct cause of the following exception:

Traceback (most recent call last):
  File "/home/enricollen/PROJECTS/it-colbert/src/it_colbert/benchmark/run.py", line 426, in run_benchmark
    scores = _retrieve_for_model(spec, split, cfg)
             ^^^^^^^^^^^^^^^^^^^^^^^^^^^^^^^^^^^^^
  File "/home/enricollen/PROJECTS/it-colbert/src/it_colbert/benchmark/run.py", line 288, in _retrieve_for_model
    retr = ColBERTRetriever(
           ^^^^^^^^^^^^^^^^^
  File "/home/enricollen/PROJECTS/it-colbert/src/it_colbert/benchmark/retrievers.py", line 324, in __init__
    self.model = models.ColBERT(
                 ^^^^^^^^^^^^^^^
  File "/home/enricollen/PROJECTS/it-colbert/.venv/lib/python3.11/site-packages/pylate/models/colbert.py", line 231, in __init__
    super(ColBERT, self).__init__(
  File "/home/enricollen/PROJECTS/it-colbert/.venv/lib/python3.11/site-packages/sentence_transformers/SentenceTransformer.py", line 339, in __init__
    modules = self._load_auto_model(
              ^^^^^^^^^^^^^^^^^^^^^^
  File "/home/enricollen/PROJECTS/it-colbert/.venv/lib/python3.11/site-packages/pylate/models/colbert.py", line 1270, in _load_auto_model
    transformer_model = Transformer(
                        ^^^^^^^^^^^^
  File "/home/enricollen/PROJECTS/it-colbert/.venv/lib/python3.11/site-packages/sentence_transformers/models/Transformer.py", line 120, in __init__
    config, is_peft_model = self._load_config(model_name_or_path, cache_dir, backend, config_args)
                            ^^^^^^^^^^^^^^^^^^^^^^^^^^^^^^^^^^^^^^^^^^^^^^^^^^^^^^^^^^^^^^^^^^^^^^
  File "/home/enricollen/PROJECTS/it-colbert/.venv/lib/python3.11/site-packages/sentence_transformers/models/Transformer.py", line 171, in _load_config
    find_adapter_config_file(
  File "/home/enricollen/PROJECTS/it-colbert/.venv/lib/python3.11/site-packages/transformers/utils/peft_utils.py", line 84, in find_adapter_config_file
    adapter_cached_filename = cached_file(
                              ^^^^^^^^^^^^
  File "/home/enricollen/PROJECTS/it-colbert/.venv/lib/python3.11/site-packages/transformers/utils/hub.py", line 277, in cached_file
    file = cached_files(path_or_repo_id=path_or_repo_id, filenames=[filename], **kwargs)
           ^^^^^^^^^^^^^^^^^^^^^^^^^^^^^^^^^^^^^^^^^^^^^^^^^^^^^^^^^^^^^^^^^^^^^^^^^^^^^
  File "/home/enricollen/PROJECTS/it-colbert/.venv/lib/python3.11/site-packages/transformers/utils/hub.py", line 450, in cached_files
    raise OSError(
OSError: outputs/final is not a local folder and is not a valid model identifier listed on 'https://huggingface.co/models'
If this is a private repository, make sure to pass a token having permission to this repo either by logging in with `hf auth login` or by passing `token=<your_token>`
2026-08-11 09:01:47,021 INFO it_colbert.benchmark.run: === benchmark mmarco-it ===
2026-08-11 09:01:47,021 INFO it_colbert.benchmark.datasets: loading mmarco-it collection / queries / qrels...
2026-08-11 09:01:47,270 INFO httpx: HTTP Request: HEAD https://huggingface.co/datasets/unicamp-dl/mmarco/resolve/main/data/google/collections/italian_collection.tsv "HTTP/1.1 302 Found"
2026-08-11 09:01:47,541 INFO httpx: HTTP Request: HEAD https://huggingface.co/datasets/unicamp-dl/mmarco/resolve/main/data/google/queries/dev/italian_queries.dev.small.tsv "HTTP/1.1 302 Found"
2026-08-11 09:01:47,797 INFO httpx: HTTP Request: HEAD https://huggingface.co/datasets/unicamp-dl/mmarco/resolve/main/data/qrels.dev.small.tsv "HTTP/1.1 302 Found"
2026-08-11 09:01:57,464 INFO it_colbert.benchmark.datasets: mmarco-it ready: 6980 queries, 100000 docs (qrel=7433), qrels=7437
2026-08-11 09:01:57,472 INFO it_colbert.benchmark.run: skip completed mmarco-it / BM25
2026-08-11 09:01:57,473 INFO it_colbert.benchmark.run: skip completed mmarco-it / Italian-ModernBERT-base (mean-pool)
2026-08-11 09:01:57,473 INFO it_colbert.benchmark.run: skip completed mmarco-it / Italian-ModernBERT-mmarco-mnrl
2026-08-11 09:01:57,473 INFO it_colbert.benchmark.run: skip completed mmarco-it / multilingual-e5-base
2026-08-11 09:01:57,473 INFO it_colbert.benchmark.run: skip completed mmarco-it / multilingual-e5-large
2026-08-11 09:01:57,473 INFO it_colbert.benchmark.run: skip completed mmarco-it / bge-m3
2026-08-11 09:01:57,473 INFO it_colbert.benchmark.run: skip completed mmarco-it / Ita-Search
2026-08-11 09:01:57,473 INFO it_colbert.benchmark.run: skip completed mmarco-it / jina-colbert-v2
2026-08-11 09:01:57,473 INFO it_colbert.benchmark.run: skip completed mmarco-it / SauerkrautLM-Multi-ModernColBERT
2026-08-11 09:01:57,473 INFO it_colbert.benchmark.run: skip completed mmarco-it / mLateOn
2026-08-11 09:01:57,473 INFO it_colbert.benchmark.run: skip completed mmarco-it / ColBERT-XM
2026-08-11 09:01:57,473 INFO it_colbert.benchmark.run: --- mmarco-it / ItColBERT (phase1-only) ---
2026-08-11 09:01:57,476 INFO it_colbert.benchmark.retrievers: loading colbert model outputs/final_phase1
2026-08-11 09:01:57,478 INFO sentence_transformers.SentenceTransformer: Use pytorch device_name: cuda:0
2026-08-11 09:01:57,478 INFO sentence_transformers.SentenceTransformer: Load pretrained ColBERT: outputs/final_phase1
2026-08-11 09:01:58,017 INFO httpx: HTTP Request: HEAD https://huggingface.co/outputs/final_phase1/resolve/main/modules.json "HTTP/1.1 404 Not Found"
2026-08-11 09:01:58,017 WARNING pylate.models.colbert: No sentence-transformers model found with name outputs/final_phase1.
2026-08-11 09:01:58,277 INFO httpx: HTTP Request: HEAD https://huggingface.co/outputs/final_phase1/resolve/main/adapter_config.json "HTTP/1.1 404 Not Found"
2026-08-11 09:01:58,277 ERROR it_colbert.benchmark.run: failed on mmarco-it / ItColBERT (phase1-only)
Traceback (most recent call last):
  File "/home/enricollen/PROJECTS/it-colbert/.venv/lib/python3.11/site-packages/huggingface_hub/utils/_http.py", line 795, in hf_raise_for_status
    response.raise_for_status()
  File "/home/enricollen/PROJECTS/it-colbert/.venv/lib/python3.11/site-packages/httpx/_models.py", line 829, in raise_for_status
    raise HTTPStatusError(message, request=request, response=self)
httpx.HTTPStatusError: Client error '404 Not Found' for url 'https://huggingface.co/outputs/final_phase1/resolve/main/adapter_config.json'
For more information check: https://developer.mozilla.org/en-US/docs/Web/HTTP/Status/404

The above exception was the direct cause of the following exception:

Traceback (most recent call last):
  File "/home/enricollen/PROJECTS/it-colbert/.venv/lib/python3.11/site-packages/transformers/utils/hub.py", line 420, in cached_files
    hf_hub_download(
  File "/home/enricollen/PROJECTS/it-colbert/.venv/lib/python3.11/site-packages/huggingface_hub/utils/_validators.py", line 88, in _inner_fn
    return fn(*args, **kwargs)
           ^^^^^^^^^^^^^^^^^^^
  File "/home/enricollen/PROJECTS/it-colbert/.venv/lib/python3.11/site-packages/huggingface_hub/file_download.py", line 1019, in hf_hub_download
    return _hf_hub_download_to_cache_dir(
           ^^^^^^^^^^^^^^^^^^^^^^^^^^^^^^
  File "/home/enricollen/PROJECTS/it-colbert/.venv/lib/python3.11/site-packages/huggingface_hub/file_download.py", line 1166, in _hf_hub_download_to_cache_dir
    _raise_on_head_call_error(head_call_error, force_download, local_files_only)
  File "/home/enricollen/PROJECTS/it-colbert/.venv/lib/python3.11/site-packages/huggingface_hub/file_download.py", line 1876, in _raise_on_head_call_error
    raise head_call_error
  File "/home/enricollen/PROJECTS/it-colbert/.venv/lib/python3.11/site-packages/huggingface_hub/file_download.py", line 1713, in _get_metadata_or_catch_error
    metadata = get_hf_file_metadata(
               ^^^^^^^^^^^^^^^^^^^^^
  File "/home/enricollen/PROJECTS/it-colbert/.venv/lib/python3.11/site-packages/huggingface_hub/utils/_validators.py", line 88, in _inner_fn
    return fn(*args, **kwargs)
           ^^^^^^^^^^^^^^^^^^^
  File "/home/enricollen/PROJECTS/it-colbert/.venv/lib/python3.11/site-packages/huggingface_hub/file_download.py", line 1621, in get_hf_file_metadata
    response = _httpx_follow_relative_redirects_with_backoff(
               ^^^^^^^^^^^^^^^^^^^^^^^^^^^^^^^^^^^^^^^^^^^^^^
  File "/home/enricollen/PROJECTS/it-colbert/.venv/lib/python3.11/site-packages/huggingface_hub/utils/_http.py", line 726, in _httpx_follow_relative_redirects_with_backoff
    hf_raise_for_status(response)
  File "/home/enricollen/PROJECTS/it-colbert/.venv/lib/python3.11/site-packages/huggingface_hub/utils/_http.py", line 882, in hf_raise_for_status
    raise _format(RepositoryNotFoundError, message, response, repo_type=repo_type, repo_id=repo_id) from e
huggingface_hub.errors.RepositoryNotFoundError: 404 Client Error. (Request ID: Root=1-6a7ac8e7-528f537e6210992829755af9;ba5f0b05-d111-48b4-8f8d-fdc89bfb4d96)

Repository Not Found for url: https://huggingface.co/outputs/final_phase1/resolve/main/adapter_config.json.
Please make sure you specified the correct `repo_id` and `repo_type`.
If you are trying to access a private or gated repo, make sure you are authenticated and your token has the required permissions.
For more details, see https://huggingface.co/docs/huggingface_hub/authentication

The above exception was the direct cause of the following exception:

Traceback (most recent call last):
  File "/home/enricollen/PROJECTS/it-colbert/src/it_colbert/benchmark/run.py", line 426, in run_benchmark
    scores = _retrieve_for_model(spec, split, cfg)
             ^^^^^^^^^^^^^^^^^^^^^^^^^^^^^^^^^^^^^
  File "/home/enricollen/PROJECTS/it-colbert/src/it_colbert/benchmark/run.py", line 288, in _retrieve_for_model
    retr = ColBERTRetriever(
           ^^^^^^^^^^^^^^^^^
  File "/home/enricollen/PROJECTS/it-colbert/src/it_colbert/benchmark/retrievers.py", line 324, in __init__
    self.model = models.ColBERT(
                 ^^^^^^^^^^^^^^^
  File "/home/enricollen/PROJECTS/it-colbert/.venv/lib/python3.11/site-packages/pylate/models/colbert.py", line 231, in __init__
    super(ColBERT, self).__init__(
  File "/home/enricollen/PROJECTS/it-colbert/.venv/lib/python3.11/site-packages/sentence_transformers/SentenceTransformer.py", line 339, in __init__
    modules = self._load_auto_model(
              ^^^^^^^^^^^^^^^^^^^^^^
  File "/home/enricollen/PROJECTS/it-colbert/.venv/lib/python3.11/site-packages/pylate/models/colbert.py", line 1270, in _load_auto_model
    transformer_model = Transformer(
                        ^^^^^^^^^^^^
  File "/home/enricollen/PROJECTS/it-colbert/.venv/lib/python3.11/site-packages/sentence_transformers/models/Transformer.py", line 120, in __init__
    config, is_peft_model = self._load_config(model_name_or_path, cache_dir, backend, config_args)
                            ^^^^^^^^^^^^^^^^^^^^^^^^^^^^^^^^^^^^^^^^^^^^^^^^^^^^^^^^^^^^^^^^^^^^^^
  File "/home/enricollen/PROJECTS/it-colbert/.venv/lib/python3.11/site-packages/sentence_transformers/models/Transformer.py", line 171, in _load_config
    find_adapter_config_file(
  File "/home/enricollen/PROJECTS/it-colbert/.venv/lib/python3.11/site-packages/transformers/utils/peft_utils.py", line 84, in find_adapter_config_file
    adapter_cached_filename = cached_file(
                              ^^^^^^^^^^^^
  File "/home/enricollen/PROJECTS/it-colbert/.venv/lib/python3.11/site-packages/transformers/utils/hub.py", line 277, in cached_file
    file = cached_files(path_or_repo_id=path_or_repo_id, filenames=[filename], **kwargs)
           ^^^^^^^^^^^^^^^^^^^^^^^^^^^^^^^^^^^^^^^^^^^^^^^^^^^^^^^^^^^^^^^^^^^^^^^^^^^^^
  File "/home/enricollen/PROJECTS/it-colbert/.venv/lib/python3.11/site-packages/transformers/utils/hub.py", line 450, in cached_files
    raise OSError(
OSError: outputs/final_phase1 is not a local folder and is not a valid model identifier listed on 'https://huggingface.co/models'
If this is a private repository, make sure to pass a token having permission to this repo either by logging in with `hf auth login` or by passing `token=<your_token>`
2026-08-11 09:01:58,387 INFO it_colbert.benchmark.run: --- mmarco-it / ItColBERT ---
2026-08-11 09:01:58,394 INFO it_colbert.benchmark.retrievers: loading colbert model outputs/final
2026-08-11 09:01:58,395 INFO sentence_transformers.SentenceTransformer: Use pytorch device_name: cuda:0
2026-08-11 09:01:58,395 INFO sentence_transformers.SentenceTransformer: Load pretrained ColBERT: outputs/final
2026-08-11 09:01:58,645 INFO httpx: HTTP Request: HEAD https://huggingface.co/outputs/final/resolve/main/modules.json "HTTP/1.1 404 Not Found"
2026-08-11 09:01:58,646 WARNING pylate.models.colbert: No sentence-transformers model found with name outputs/final.
2026-08-11 09:01:58,937 INFO httpx: HTTP Request: HEAD https://huggingface.co/outputs/final/resolve/main/adapter_config.json "HTTP/1.1 404 Not Found"
2026-08-11 09:01:58,937 ERROR it_colbert.benchmark.run: failed on mmarco-it / ItColBERT
Traceback (most recent call last):
  File "/home/enricollen/PROJECTS/it-colbert/.venv/lib/python3.11/site-packages/huggingface_hub/utils/_http.py", line 795, in hf_raise_for_status
    response.raise_for_status()
  File "/home/enricollen/PROJECTS/it-colbert/.venv/lib/python3.11/site-packages/httpx/_models.py", line 829, in raise_for_status
    raise HTTPStatusError(message, request=request, response=self)
httpx.HTTPStatusError: Client error '404 Not Found' for url 'https://huggingface.co/outputs/final/resolve/main/adapter_config.json'
For more information check: https://developer.mozilla.org/en-US/docs/Web/HTTP/Status/404

The above exception was the direct cause of the following exception:

Traceback (most recent call last):
  File "/home/enricollen/PROJECTS/it-colbert/.venv/lib/python3.11/site-packages/transformers/utils/hub.py", line 420, in cached_files
    hf_hub_download(
  File "/home/enricollen/PROJECTS/it-colbert/.venv/lib/python3.11/site-packages/huggingface_hub/utils/_validators.py", line 88, in _inner_fn
    return fn(*args, **kwargs)
           ^^^^^^^^^^^^^^^^^^^
  File "/home/enricollen/PROJECTS/it-colbert/.venv/lib/python3.11/site-packages/huggingface_hub/file_download.py", line 1019, in hf_hub_download
    return _hf_hub_download_to_cache_dir(
           ^^^^^^^^^^^^^^^^^^^^^^^^^^^^^^
  File "/home/enricollen/PROJECTS/it-colbert/.venv/lib/python3.11/site-packages/huggingface_hub/file_download.py", line 1166, in _hf_hub_download_to_cache_dir
    _raise_on_head_call_error(head_call_error, force_download, local_files_only)
  File "/home/enricollen/PROJECTS/it-colbert/.venv/lib/python3.11/site-packages/huggingface_hub/file_download.py", line 1876, in _raise_on_head_call_error
    raise head_call_error
  File "/home/enricollen/PROJECTS/it-colbert/.venv/lib/python3.11/site-packages/huggingface_hub/file_download.py", line 1713, in _get_metadata_or_catch_error
    metadata = get_hf_file_metadata(
               ^^^^^^^^^^^^^^^^^^^^^
  File "/home/enricollen/PROJECTS/it-colbert/.venv/lib/python3.11/site-packages/huggingface_hub/utils/_validators.py", line 88, in _inner_fn
    return fn(*args, **kwargs)
           ^^^^^^^^^^^^^^^^^^^
  File "/home/enricollen/PROJECTS/it-colbert/.venv/lib/python3.11/site-packages/huggingface_hub/file_download.py", line 1621, in get_hf_file_metadata
    response = _httpx_follow_relative_redirects_with_backoff(
               ^^^^^^^^^^^^^^^^^^^^^^^^^^^^^^^^^^^^^^^^^^^^^^
  File "/home/enricollen/PROJECTS/it-colbert/.venv/lib/python3.11/site-packages/huggingface_hub/utils/_http.py", line 726, in _httpx_follow_relative_redirects_with_backoff
    hf_raise_for_status(response)
  File "/home/enricollen/PROJECTS/it-colbert/.venv/lib/python3.11/site-packages/huggingface_hub/utils/_http.py", line 882, in hf_raise_for_status
    raise _format(RepositoryNotFoundError, message, response, repo_type=repo_type, repo_id=repo_id) from e
huggingface_hub.errors.RepositoryNotFoundError: 404 Client Error. (Request ID: Root=1-6a7ac8e8-235ab3df3f76e14e6c2ac2a1;41a8c08e-84e8-4b86-87c2-02362c60d88f)

Repository Not Found for url: https://huggingface.co/outputs/final/resolve/main/adapter_config.json.
Please make sure you specified the correct `repo_id` and `repo_type`.
If you are trying to access a private or gated repo, make sure you are authenticated and your token has the required permissions.
For more details, see https://huggingface.co/docs/huggingface_hub/authentication

The above exception was the direct cause of the following exception:

Traceback (most recent call last):
  File "/home/enricollen/PROJECTS/it-colbert/src/it_colbert/benchmark/run.py", line 426, in run_benchmark
    scores = _retrieve_for_model(spec, split, cfg)
             ^^^^^^^^^^^^^^^^^^^^^^^^^^^^^^^^^^^^^
  File "/home/enricollen/PROJECTS/it-colbert/src/it_colbert/benchmark/run.py", line 288, in _retrieve_for_model
    retr = ColBERTRetriever(
           ^^^^^^^^^^^^^^^^^
  File "/home/enricollen/PROJECTS/it-colbert/src/it_colbert/benchmark/retrievers.py", line 324, in __init__
    self.model = models.ColBERT(
                 ^^^^^^^^^^^^^^^
  File "/home/enricollen/PROJECTS/it-colbert/.venv/lib/python3.11/site-packages/pylate/models/colbert.py", line 231, in __init__
    super(ColBERT, self).__init__(
  File "/home/enricollen/PROJECTS/it-colbert/.venv/lib/python3.11/site-packages/sentence_transformers/SentenceTransformer.py", line 339, in __init__
    modules = self._load_auto_model(
              ^^^^^^^^^^^^^^^^^^^^^^
  File "/home/enricollen/PROJECTS/it-colbert/.venv/lib/python3.11/site-packages/pylate/models/colbert.py", line 1270, in _load_auto_model
    transformer_model = Transformer(
                        ^^^^^^^^^^^^
  File "/home/enricollen/PROJECTS/it-colbert/.venv/lib/python3.11/site-packages/sentence_transformers/models/Transformer.py", line 120, in __init__
    config, is_peft_model = self._load_config(model_name_or_path, cache_dir, backend, config_args)
                            ^^^^^^^^^^^^^^^^^^^^^^^^^^^^^^^^^^^^^^^^^^^^^^^^^^^^^^^^^^^^^^^^^^^^^^
  File "/home/enricollen/PROJECTS/it-colbert/.venv/lib/python3.11/site-packages/sentence_transformers/models/Transformer.py", line 171, in _load_config
    find_adapter_config_file(
  File "/home/enricollen/PROJECTS/it-colbert/.venv/lib/python3.11/site-packages/transformers/utils/peft_utils.py", line 84, in find_adapter_config_file
    adapter_cached_filename = cached_file(
                              ^^^^^^^^^^^^
  File "/home/enricollen/PROJECTS/it-colbert/.venv/lib/python3.11/site-packages/transformers/utils/hub.py", line 277, in cached_file
    file = cached_files(path_or_repo_id=path_or_repo_id, filenames=[filename], **kwargs)
           ^^^^^^^^^^^^^^^^^^^^^^^^^^^^^^^^^^^^^^^^^^^^^^^^^^^^^^^^^^^^^^^^^^^^^^^^^^^^^
  File "/home/enricollen/PROJECTS/it-colbert/.venv/lib/python3.11/site-packages/transformers/utils/hub.py", line 450, in cached_files
    raise OSError(
OSError: outputs/final is not a local folder and is not a valid model identifier listed on 'https://huggingface.co/models'
If this is a private repository, make sure to pass a token having permission to this repo either by logging in with `hf auth login` or by passing `token=<your_token>`
2026-08-11 09:01:59,038 INFO it_colbert.benchmark.run: === benchmark miracl-ita ===
2026-08-11 09:01:59,038 INFO it_colbert.benchmark.datasets: loading yuri-no/miracl-ita-argos [dev]...
2026-08-11 09:01:59,445 INFO httpx: HTTP Request: HEAD https://huggingface.co/datasets/yuri-no/miracl-ita-argos/resolve/main/README.md "HTTP/1.1 307 Temporary Redirect"
2026-08-11 09:01:59,534 INFO httpx: HTTP Request: HEAD https://huggingface.co/api/resolve-cache/datasets/yuri-no/miracl-ita-argos/b6862f9cbc64ef9e858118b8269743d83e9804cf/README.md "HTTP/1.1 200 OK"
2026-08-11 09:01:59,805 INFO httpx: HTTP Request: HEAD https://huggingface.co/datasets/yuri-no/miracl-ita-argos/resolve/b6862f9cbc64ef9e858118b8269743d83e9804cf/miracl-ita-argos.py "HTTP/1.1 404 Not Found"
2026-08-11 09:02:00,533 INFO httpx: HTTP Request: HEAD https://s3.amazonaws.com/datasets.huggingface.co/datasets/datasets/yuri-no/miracl-ita-argos/yuri-no/miracl-ita-argos.py "HTTP/1.1 404 Not Found"
2026-08-11 09:02:00,913 INFO httpx: HTTP Request: GET https://huggingface.co/api/datasets/yuri-no/miracl-ita-argos/revision/b6862f9cbc64ef9e858118b8269743d83e9804cf "HTTP/1.1 200 OK"
2026-08-11 09:02:01,260 INFO httpx: HTTP Request: HEAD https://huggingface.co/datasets/yuri-no/miracl-ita-argos/resolve/b6862f9cbc64ef9e858118b8269743d83e9804cf/.huggingface.yaml "HTTP/1.1 404 Not Found"
2026-08-11 09:02:01,977 INFO httpx: HTTP Request: GET https://datasets-server.huggingface.co/info?dataset=yuri-no/miracl-ita-argos "HTTP/1.1 200 OK"
2026-08-11 09:02:02,277 INFO httpx: HTTP Request: GET https://huggingface.co/api/datasets/yuri-no/miracl-ita-argos/tree/b6862f9cbc64ef9e858118b8269743d83e9804cf/data?recursive=true&expand=false "HTTP/1.1 200 OK"
2026-08-11 09:02:02,559 INFO httpx: HTTP Request: GET https://huggingface.co/api/datasets/yuri-no/miracl-ita-argos/tree/b6862f9cbc64ef9e858118b8269743d83e9804cf?recursive=false&expand=false "HTTP/1.1 200 OK"
2026-08-11 09:02:02,859 INFO httpx: HTTP Request: HEAD https://huggingface.co/datasets/yuri-no/miracl-ita-argos/resolve/b6862f9cbc64ef9e858118b8269743d83e9804cf/dataset_infos.json "HTTP/1.1 404 Not Found"
2026-08-11 09:02:02,931 INFO it_colbert.benchmark.datasets: adding distractors from yuri-no/miracl-corpus-ita-argos [mini]
2026-08-11 09:02:03,292 INFO httpx: HTTP Request: HEAD https://huggingface.co/datasets/yuri-no/miracl-corpus-ita-argos/resolve/main/README.md "HTTP/1.1 307 Temporary Redirect"
2026-08-11 09:02:03,395 INFO httpx: HTTP Request: HEAD https://huggingface.co/api/resolve-cache/datasets/yuri-no/miracl-corpus-ita-argos/4c69301230a14ce3ce5995e90dacda588b0f5475/README.md "HTTP/1.1 200 OK"
2026-08-11 09:02:03,636 INFO httpx: HTTP Request: HEAD https://huggingface.co/datasets/yuri-no/miracl-corpus-ita-argos/resolve/4c69301230a14ce3ce5995e90dacda588b0f5475/miracl-corpus-ita-argos.py "HTTP/1.1 404 Not Found"
2026-08-11 09:02:03,822 INFO httpx: HTTP Request: HEAD https://s3.amazonaws.com/datasets.huggingface.co/datasets/datasets/yuri-no/miracl-corpus-ita-argos/yuri-no/miracl-corpus-ita-argos.py "HTTP/1.1 404 Not Found"
2026-08-11 09:02:04,211 INFO httpx: HTTP Request: GET https://huggingface.co/api/datasets/yuri-no/miracl-corpus-ita-argos/revision/4c69301230a14ce3ce5995e90dacda588b0f5475 "HTTP/1.1 200 OK"
2026-08-11 09:02:04,480 INFO httpx: HTTP Request: HEAD https://huggingface.co/datasets/yuri-no/miracl-corpus-ita-argos/resolve/4c69301230a14ce3ce5995e90dacda588b0f5475/.huggingface.yaml "HTTP/1.1 404 Not Found"
2026-08-11 09:02:04,745 INFO httpx: HTTP Request: GET https://datasets-server.huggingface.co/info?dataset=yuri-no/miracl-corpus-ita-argos "HTTP/1.1 200 OK"
2026-08-11 09:02:05,117 INFO httpx: HTTP Request: GET https://huggingface.co/api/datasets/yuri-no/miracl-corpus-ita-argos/tree/4c69301230a14ce3ce5995e90dacda588b0f5475/data?recursive=true&expand=false "HTTP/1.1 200 OK"
2026-08-11 09:02:05,544 INFO httpx: HTTP Request: GET https://huggingface.co/api/datasets/yuri-no/miracl-corpus-ita-argos/tree/4c69301230a14ce3ce5995e90dacda588b0f5475?recursive=false&expand=false "HTTP/1.1 200 OK"
2026-08-11 09:02:05,872 INFO httpx: HTTP Request: HEAD https://huggingface.co/datasets/yuri-no/miracl-corpus-ita-argos/resolve/4c69301230a14ce3ce5995e90dacda588b0f5475/dataset_infos.json "HTTP/1.1 404 Not Found"
2026-08-11 09:02:06,255 INFO it_colbert.benchmark.datasets: miracl-ita ready: 799 queries, 33689 docs, qrels=2326
2026-08-11 09:02:06,274 INFO it_colbert.benchmark.run: skip completed miracl-ita / BM25
2026-08-11 09:02:06,274 INFO it_colbert.benchmark.run: skip completed miracl-ita / Italian-ModernBERT-base (mean-pool)
2026-08-11 09:02:06,275 INFO it_colbert.benchmark.run: skip completed miracl-ita / Italian-ModernBERT-mmarco-mnrl
2026-08-11 09:02:06,275 INFO it_colbert.benchmark.run: skip completed miracl-ita / multilingual-e5-base
2026-08-11 09:02:06,275 INFO it_colbert.benchmark.run: skip completed miracl-ita / multilingual-e5-large
2026-08-11 09:02:06,275 INFO it_colbert.benchmark.run: skip completed miracl-ita / bge-m3
2026-08-11 09:02:06,275 INFO it_colbert.benchmark.run: skip completed miracl-ita / Ita-Search
2026-08-11 09:02:06,275 INFO it_colbert.benchmark.run: skip completed miracl-ita / jina-colbert-v2
2026-08-11 09:02:06,275 INFO it_colbert.benchmark.run: skip completed miracl-ita / SauerkrautLM-Multi-ModernColBERT
2026-08-11 09:02:06,275 INFO it_colbert.benchmark.run: --- miracl-ita / mLateOn ---
2026-08-11 09:02:06,277 INFO it_colbert.benchmark.retrievers: loading colbert model lightonai/mLateOn
2026-08-11 09:02:06,278 INFO sentence_transformers.SentenceTransformer: Use pytorch device_name: cuda:0
2026-08-11 09:02:06,278 INFO sentence_transformers.SentenceTransformer: Load pretrained ColBERT: lightonai/mLateOn
2026-08-11 09:02:06,652 INFO httpx: HTTP Request: HEAD https://huggingface.co/lightonai/mLateOn/resolve/main/modules.json "HTTP/1.1 307 Temporary Redirect"
2026-08-11 09:02:06,813 INFO httpx: HTTP Request: HEAD https://huggingface.co/api/resolve-cache/models/lightonai/mLateOn/35391e36392085d72a93d232f6122607a234ad7a/modules.json "HTTP/1.1 200 OK"
2026-08-11 09:02:07,107 INFO httpx: HTTP Request: HEAD https://huggingface.co/lightonai/mLateOn/resolve/main/config_sentence_transformers.json "HTTP/1.1 307 Temporary Redirect"
2026-08-11 09:02:07,190 INFO httpx: HTTP Request: HEAD https://huggingface.co/api/resolve-cache/models/lightonai/mLateOn/35391e36392085d72a93d232f6122607a234ad7a/config_sentence_transformers.json "HTTP/1.1 200 OK"
2026-08-11 09:02:07,380 INFO httpx: HTTP Request: HEAD https://huggingface.co/lightonai/mLateOn/resolve/main/config_sentence_transformers.json "HTTP/1.1 307 Temporary Redirect"
2026-08-11 09:02:07,402 INFO httpx: HTTP Request: HEAD https://huggingface.co/api/resolve-cache/models/lightonai/mLateOn/35391e36392085d72a93d232f6122607a234ad7a/config_sentence_transformers.json "HTTP/1.1 200 OK"
2026-08-11 09:02:07,743 INFO httpx: HTTP Request: HEAD https://huggingface.co/lightonai/mLateOn/resolve/main/README.md "HTTP/1.1 307 Temporary Redirect"
2026-08-11 09:02:07,795 INFO httpx: HTTP Request: HEAD https://huggingface.co/api/resolve-cache/models/lightonai/mLateOn/35391e36392085d72a93d232f6122607a234ad7a/README.md "HTTP/1.1 200 OK"
2026-08-11 09:02:08,058 INFO httpx: HTTP Request: HEAD https://huggingface.co/lightonai/mLateOn/resolve/main/modules.json "HTTP/1.1 307 Temporary Redirect"
2026-08-11 09:02:08,142 INFO httpx: HTTP Request: HEAD https://huggingface.co/api/resolve-cache/models/lightonai/mLateOn/35391e36392085d72a93d232f6122607a234ad7a/modules.json "HTTP/1.1 200 OK"
2026-08-11 09:02:08,397 INFO httpx: HTTP Request: HEAD https://huggingface.co/lightonai/mLateOn/resolve/main/sentence_bert_config.json "HTTP/1.1 307 Temporary Redirect"
2026-08-11 09:02:08,487 INFO httpx: HTTP Request: HEAD https://huggingface.co/api/resolve-cache/models/lightonai/mLateOn/35391e36392085d72a93d232f6122607a234ad7a/sentence_bert_config.json "HTTP/1.1 200 OK"
2026-08-11 09:02:08,770 INFO httpx: HTTP Request: HEAD https://huggingface.co/lightonai/mLateOn/resolve/main/adapter_config.json "HTTP/1.1 404 Not Found"
2026-08-11 09:02:09,034 INFO httpx: HTTP Request: HEAD https://huggingface.co/lightonai/mLateOn/resolve/main/config.json "HTTP/1.1 307 Temporary Redirect"
2026-08-11 09:02:09,120 INFO httpx: HTTP Request: HEAD https://huggingface.co/api/resolve-cache/models/lightonai/mLateOn/35391e36392085d72a93d232f6122607a234ad7a/config.json "HTTP/1.1 200 OK"
Loading weights:   0%|          | 0/134 [00:00<?, ?it/s]Loading weights: 100%|██████████| 134/134 [00:00<00:00, 2650.40it/s]
2026-08-11 09:02:09,480 INFO httpx: HTTP Request: HEAD https://huggingface.co/lightonai/mLateOn/resolve/main/config.json "HTTP/1.1 307 Temporary Redirect"
2026-08-11 09:02:09,572 INFO httpx: HTTP Request: HEAD https://huggingface.co/api/resolve-cache/models/lightonai/mLateOn/35391e36392085d72a93d232f6122607a234ad7a/config.json "HTTP/1.1 200 OK"
2026-08-11 09:02:09,820 INFO httpx: HTTP Request: HEAD https://huggingface.co/lightonai/mLateOn/resolve/main/tokenizer_config.json "HTTP/1.1 307 Temporary Redirect"
2026-08-11 09:02:09,902 INFO httpx: HTTP Request: HEAD https://huggingface.co/api/resolve-cache/models/lightonai/mLateOn/35391e36392085d72a93d232f6122607a234ad7a/tokenizer_config.json "HTTP/1.1 200 OK"
2026-08-11 09:02:10,159 INFO httpx: HTTP Request: GET https://huggingface.co/api/models/lightonai/mLateOn/tree/main/additional_chat_templates?recursive=false&expand=false "HTTP/1.1 404 Not Found"
2026-08-11 09:02:10,450 INFO httpx: HTTP Request: GET https://huggingface.co/api/models/lightonai/mLateOn/tree/main?recursive=true&expand=false "HTTP/1.1 200 OK"
2026-08-11 09:02:12,798 INFO httpx: HTTP Request: GET https://huggingface.co/api/models/lightonai/mLateOn "HTTP/1.1 200 OK"
2026-08-11 09:02:13,138 INFO httpx: HTTP Request: GET https://huggingface.co/api/models/lightonai/mLateOn/revision/main "HTTP/1.1 200 OK"
2026-08-11 09:02:13,426 INFO httpx: HTTP Request: GET https://huggingface.co/api/models/lightonai/mLateOn/revision/main "HTTP/1.1 200 OK"
2026-08-11 09:02:13,719 INFO httpx: HTTP Request: GET https://huggingface.co/api/models/lightonai/mLateOn/revision/main "HTTP/1.1 200 OK"
2026-08-11 09:02:13,992 INFO httpx: HTTP Request: GET https://huggingface.co/api/models/lightonai/mLateOn "HTTP/1.1 200 OK"
2026-08-11 09:02:14,260 INFO httpx: HTTP Request: HEAD https://huggingface.co/lightonai/mLateOn/resolve/main/config_sentence_transformers.json "HTTP/1.1 307 Temporary Redirect"
2026-08-11 09:02:14,351 INFO httpx: HTTP Request: HEAD https://huggingface.co/api/resolve-cache/models/lightonai/mLateOn/35391e36392085d72a93d232f6122607a234ad7a/config_sentence_transformers.json "HTTP/1.1 200 OK"
2026-08-11 09:02:15,463 INFO it_colbert.benchmark.retrievers: encoding 33689 documents with colbert (bruteforce=False)
Encoding documents (bs=32):   0%|          | 0/1053 [00:00<?, ?it/s]Encoding documents (bs=32):   0%|          | 1/1053 [00:00<09:45,  1.80it/s]Encoding documents (bs=32):   0%|          | 2/1053 [00:00<07:30,  2.33it/s]Encoding documents (bs=32):   0%|          | 3/1053 [00:01<06:47,  2.57it/s]Encoding documents (bs=32):   0%|          | 4/1053 [00:01<06:27,  2.71it/s]Encoding documents (bs=32):   0%|          | 5/1053 [00:01<06:15,  2.79it/s]Encoding documents (bs=32):   1%|          | 6/1053 [00:02<06:08,  2.84it/s]Encoding documents (bs=32):   1%|          | 7/1053 [00:02<06:03,  2.88it/s]Encoding documents (bs=32):   1%|          | 8/1053 [00:02<06:01,  2.89it/s]Encoding documents (bs=32):   1%|          | 9/1053 [00:03<05:59,  2.90it/s]Encoding documents (bs=32):   1%|          | 10/1053 [00:03<05:57,  2.91it/s]Encoding documents (bs=32):   1%|          | 11/1053 [00:03<05:57,  2.92it/s]Encoding documents (bs=32):   1%|          | 12/1053 [00:04<05:56,  2.92it/s]Encoding documents (bs=32):   1%|          | 13/1053 [00:04<05:56,  2.92it/s]Encoding documents (bs=32):   1%|▏         | 14/1053 [00:04<05:57,  2.91it/s]Encoding documents (bs=32):   1%|▏         | 15/1053 [00:05<05:55,  2.92it/s]Encoding documents (bs=32):   2%|▏         | 16/1053 [00:05<05:55,  2.92it/s]Encoding documents (bs=32):   2%|▏         | 17/1053 [00:06<05:54,  2.92it/s]Encoding documents (bs=32):   2%|▏         | 18/1053 [00:06<05:55,  2.91it/s]Encoding documents (bs=32):   2%|▏         | 19/1053 [00:06<05:54,  2.92it/s]Encoding documents (bs=32):   2%|▏         | 20/1053 [00:07<05:53,  2.92it/s]Encoding documents (bs=32):   2%|▏         | 21/1053 [00:07<05:52,  2.92it/s]Encoding documents (bs=32):   2%|▏         | 22/1053 [00:07<05:52,  2.92it/s]Encoding documents (bs=32):   2%|▏         | 23/1053 [00:08<05:52,  2.93it/s]Encoding documents (bs=32):   2%|▏         | 24/1053 [00:08<05:51,  2.93it/s]Encoding documents (bs=32):   2%|▏         | 25/1053 [00:08<05:51,  2.93it/s]Encoding documents (bs=32):   2%|▏         | 26/1053 [00:09<05:50,  2.93it/s]Encoding documents (bs=32):   3%|▎         | 27/1053 [00:09<05:50,  2.93it/s]Encoding documents (bs=32):   3%|▎         | 28/1053 [00:09<05:48,  2.94it/s]Encoding documents (bs=32):   3%|▎         | 29/1053 [00:10<05:48,  2.94it/s]Encoding documents (bs=32):   3%|▎         | 30/1053 [00:10<05:48,  2.94it/s]Encoding documents (bs=32):   3%|▎         | 31/1053 [00:10<05:46,  2.95it/s]Encoding documents (bs=32):   3%|▎         | 32/1053 [00:11<05:47,  2.94it/s]Encoding documents (bs=32):   3%|▎         | 33/1053 [00:11<05:45,  2.95it/s]Encoding documents (bs=32):   3%|▎         | 34/1053 [00:11<05:46,  2.95it/s]Encoding documents (bs=32):   3%|▎         | 35/1053 [00:12<05:45,  2.94it/s]Encoding documents (bs=32):   3%|▎         | 36/1053 [00:12<05:37,  3.01it/s]Encoding documents (bs=32):   4%|▎         | 37/1053 [00:12<05:40,  2.98it/s]Encoding documents (bs=32):   4%|▎         | 38/1053 [00:13<05:42,  2.96it/s]Encoding documents (bs=32):   4%|▎         | 39/1053 [00:13<05:35,  3.03it/s]Encoding documents (bs=32):   4%|▍         | 40/1053 [00:13<05:34,  3.03it/s]Encoding documents (bs=32):   4%|▍         | 41/1053 [00:14<05:31,  3.06it/s]Encoding documents (bs=32):   4%|▍         | 42/1053 [00:14<05:27,  3.09it/s]Encoding documents (bs=32):   4%|▍         | 43/1053 [00:14<05:28,  3.08it/s]Encoding documents (bs=32):   4%|▍         | 44/1053 [00:15<05:23,  3.12it/s]Encoding documents (bs=32):   4%|▍         | 45/1053 [00:15<05:21,  3.14it/s]Encoding documents (bs=32):   4%|▍         | 46/1053 [00:15<05:19,  3.15it/s]Encoding documents (bs=32):   4%|▍         | 47/1053 [00:15<05:11,  3.23it/s]Encoding documents (bs=32):   5%|▍         | 48/1053 [00:16<05:05,  3.29it/s]Encoding documents (bs=32):   5%|▍         | 49/1053 [00:16<05:09,  3.24it/s]Encoding documents (bs=32):   5%|▍         | 50/1053 [00:16<05:14,  3.19it/s]Encoding documents (bs=32):   5%|▍         | 51/1053 [00:17<05:07,  3.26it/s]Encoding documents (bs=32):   5%|▍         | 52/1053 [00:17<05:09,  3.23it/s]Encoding documents (bs=32):   5%|▌         | 53/1053 [00:17<05:11,  3.21it/s]Encoding documents (bs=32):   5%|▌         | 54/1053 [00:18<05:05,  3.27it/s]Encoding documents (bs=32):   5%|▌         | 55/1053 [00:18<04:58,  3.34it/s]Encoding documents (bs=32):   5%|▌         | 56/1053 [00:18<05:03,  3.29it/s]Encoding documents (bs=32):   5%|▌         | 57/1053 [00:19<04:59,  3.32it/s]Encoding documents (bs=32):   6%|▌         | 58/1053 [00:19<05:01,  3.30it/s]Encoding documents (bs=32):   6%|▌         | 59/1053 [00:19<05:12,  3.18it/s]Encoding documents (bs=32):   6%|▌         | 60/1053 [00:19<05:04,  3.26it/s]Encoding documents (bs=32):   6%|▌         | 61/1053 [00:20<04:57,  3.33it/s]Encoding documents (bs=32):   6%|▌         | 62/1053 [00:20<04:53,  3.38it/s]Encoding documents (bs=32):   6%|▌         | 63/1053 [00:20<04:48,  3.44it/s]Encoding documents (bs=32):   6%|▌         | 64/1053 [00:21<04:42,  3.50it/s]Encoding documents (bs=32):   6%|▌         | 65/1053 [00:21<04:37,  3.56it/s]Encoding documents (bs=32):   6%|▋         | 66/1053 [00:21<04:53,  3.36it/s]Encoding documents (bs=32):   6%|▋         | 67/1053 [00:21<04:51,  3.38it/s]Encoding documents (bs=32):   6%|▋         | 68/1053 [00:22<04:50,  3.39it/s]Encoding documents (bs=32):   7%|▋         | 69/1053 [00:22<04:46,  3.43it/s]Encoding documents (bs=32):   7%|▋         | 70/1053 [00:22<04:39,  3.52it/s]Encoding documents (bs=32):   7%|▋         | 71/1053 [00:23<04:34,  3.58it/s]Encoding documents (bs=32):   7%|▋         | 72/1053 [00:23<04:44,  3.45it/s]Encoding documents (bs=32):   7%|▋         | 73/1053 [00:23<04:39,  3.50it/s]Encoding documents (bs=32):   7%|▋         | 74/1053 [00:23<04:36,  3.54it/s]Encoding documents (bs=32):   7%|▋         | 75/1053 [00:24<04:38,  3.51it/s]Encoding documents (bs=32):   7%|▋         | 76/1053 [00:24<04:36,  3.54it/s]Encoding documents (bs=32):   7%|▋         | 77/1053 [00:24<04:32,  3.58it/s]Encoding documents (bs=32):   7%|▋         | 78/1053 [00:25<04:29,  3.62it/s]Encoding documents (bs=32):   8%|▊         | 79/1053 [00:25<04:20,  3.74it/s]Encoding documents (bs=32):   8%|▊         | 80/1053 [00:25<04:33,  3.56it/s]Encoding documents (bs=32):   8%|▊         | 81/1053 [00:25<04:31,  3.58it/s]Encoding documents (bs=32):   8%|▊         | 82/1053 [00:26<04:26,  3.64it/s]Encoding documents (bs=32):   8%|▊         | 83/1053 [00:26<04:26,  3.64it/s]Encoding documents (bs=32):   8%|▊         | 84/1053 [00:26<04:24,  3.66it/s]Encoding documents (bs=32):   8%|▊         | 85/1053 [00:26<04:21,  3.70it/s]Encoding documents (bs=32):   8%|▊         | 86/1053 [00:27<04:19,  3.73it/s]Encoding documents (bs=32):   8%|▊         | 87/1053 [00:27<04:18,  3.73it/s]Encoding documents (bs=32):   8%|▊         | 88/1053 [00:27<04:18,  3.73it/s]Encoding documents (bs=32):   8%|▊         | 89/1053 [00:28<04:20,  3.71it/s]Encoding documents (bs=32):   9%|▊         | 90/1053 [00:28<04:20,  3.70it/s]Encoding documents (bs=32):   9%|▊         | 91/1053 [00:28<04:19,  3.70it/s]Encoding documents (bs=32):   9%|▊         | 92/1053 [00:28<04:16,  3.74it/s]Encoding documents (bs=32):   9%|▉         | 93/1053 [00:29<04:10,  3.83it/s]Encoding documents (bs=32):   9%|▉         | 94/1053 [00:29<04:25,  3.61it/s]Encoding documents (bs=32):   9%|▉         | 95/1053 [00:29<04:20,  3.68it/s]Encoding documents (bs=32):   9%|▉         | 96/1053 [00:29<04:11,  3.81it/s]Encoding documents (bs=32):   9%|▉         | 97/1053 [00:30<04:05,  3.90it/s]Encoding documents (bs=32):   9%|▉         | 98/1053 [00:30<04:01,  3.96it/s]Encoding documents (bs=32):   9%|▉         | 99/1053 [00:30<04:02,  3.93it/s]Encoding documents (bs=32):   9%|▉         | 100/1053 [00:30<03:58,  3.99it/s]Encoding documents (bs=32):  10%|▉         | 101/1053 [00:31<04:05,  3.87it/s]Encoding documents (bs=32):  10%|▉         | 102/1053 [00:31<04:14,  3.73it/s]Encoding documents (bs=32):  10%|▉         | 103/1053 [00:31<04:08,  3.82it/s]Encoding documents (bs=32):  10%|▉         | 104/1053 [00:31<04:12,  3.77it/s]Encoding documents (bs=32):  10%|▉         | 105/1053 [00:32<04:05,  3.86it/s]Encoding documents (bs=32):  10%|█         | 106/1053 [00:32<04:05,  3.86it/s]Encoding documents (bs=32):  10%|█         | 107/1053 [00:32<03:58,  3.96it/s]Encoding documents (bs=32):  10%|█         | 108/1053 [00:32<03:54,  4.04it/s]Encoding documents (bs=32):  10%|█         | 109/1053 [00:33<03:50,  4.09it/s]Encoding documents (bs=32):  10%|█         | 110/1053 [00:33<03:49,  4.11it/s]Encoding documents (bs=32):  11%|█         | 111/1053 [00:33<03:51,  4.08it/s]Encoding documents (bs=32):  11%|█         | 112/1053 [00:33<03:50,  4.08it/s]Encoding documents (bs=32):  11%|█         | 113/1053 [00:34<03:49,  4.10it/s]Encoding documents (bs=32):  11%|█         | 114/1053 [00:34<03:45,  4.15it/s]Encoding documents (bs=32):  11%|█         | 115/1053 [00:34<03:45,  4.16it/s]Encoding documents (bs=32):  11%|█         | 116/1053 [00:34<03:44,  4.18it/s]Encoding documents (bs=32):  11%|█         | 117/1053 [00:35<03:40,  4.24it/s]Encoding documents (bs=32):  11%|█         | 118/1053 [00:35<03:49,  4.07it/s]Encoding documents (bs=32):  11%|█▏        | 119/1053 [00:35<03:49,  4.08it/s]Encoding documents (bs=32):  11%|█▏        | 120/1053 [00:35<03:46,  4.13it/s]Encoding documents (bs=32):  11%|█▏        | 121/1053 [00:36<03:43,  4.17it/s]Encoding documents (bs=32):  12%|█▏        | 122/1053 [00:36<03:43,  4.17it/s]Encoding documents (bs=32):  12%|█▏        | 123/1053 [00:36<03:54,  3.96it/s]Encoding documents (bs=32):  12%|█▏        | 124/1053 [00:36<03:45,  4.12it/s]Encoding documents (bs=32):  12%|█▏        | 125/1053 [00:37<03:43,  4.15it/s]Encoding documents (bs=32):  12%|█▏        | 126/1053 [00:37<03:39,  4.22it/s]Encoding documents (bs=32):  12%|█▏        | 127/1053 [00:37<03:37,  4.25it/s]Encoding documents (bs=32):  12%|█▏        | 128/1053 [00:37<03:37,  4.26it/s]Encoding documents (bs=32):  12%|█▏        | 129/1053 [00:38<03:38,  4.24it/s]Encoding documents (bs=32):  12%|█▏        | 130/1053 [00:38<03:45,  4.09it/s]Encoding documents (bs=32):  12%|█▏        | 131/1053 [00:38<03:41,  4.17it/s]Encoding documents (bs=32):  13%|█▎        | 132/1053 [00:38<03:38,  4.22it/s]Encoding documents (bs=32):  13%|█▎        | 133/1053 [00:38<03:34,  4.28it/s]Encoding documents (bs=32):  13%|█▎        | 134/1053 [00:39<03:35,  4.27it/s]Encoding documents (bs=32):  13%|█▎        | 135/1053 [00:39<03:31,  4.35it/s]Encoding documents (bs=32):  13%|█▎        | 136/1053 [00:39<03:28,  4.40it/s]Encoding documents (bs=32):  13%|█▎        | 137/1053 [00:39<03:32,  4.31it/s]Encoding documents (bs=32):  13%|█▎        | 138/1053 [00:40<03:27,  4.41it/s]Encoding documents (bs=32):  13%|█▎        | 139/1053 [00:40<03:39,  4.16it/s]Encoding documents (bs=32):  13%|█▎        | 140/1053 [00:40<03:36,  4.22it/s]Encoding documents (bs=32):  13%|█▎        | 141/1053 [00:40<03:44,  4.05it/s]Encoding documents (bs=32):  13%|█▎        | 142/1053 [00:41<03:41,  4.12it/s]Encoding documents (bs=32):  14%|█▎        | 143/1053 [00:41<03:38,  4.16it/s]Encoding documents (bs=32):  14%|█▎        | 144/1053 [00:41<03:36,  4.21it/s]Encoding documents (bs=32):  14%|█▍        | 145/1053 [00:41<03:37,  4.18it/s]Encoding documents (bs=32):  14%|█▍        | 146/1053 [00:42<03:31,  4.28it/s]Encoding documents (bs=32):  14%|█▍        | 147/1053 [00:42<03:31,  4.28it/s]Encoding documents (bs=32):  14%|█▍        | 148/1053 [00:42<03:26,  4.38it/s]Encoding documents (bs=32):  14%|█▍        | 149/1053 [00:42<03:22,  4.46it/s]Encoding documents (bs=32):  14%|█▍        | 150/1053 [00:42<03:26,  4.36it/s]Encoding documents (bs=32):  14%|█▍        | 151/1053 [00:43<03:28,  4.32it/s]Encoding documents (bs=32):  14%|█▍        | 152/1053 [00:43<03:27,  4.34it/s]Encoding documents (bs=32):  15%|█▍        | 153/1053 [00:43<03:29,  4.29it/s]Encoding documents (bs=32):  15%|█▍        | 154/1053 [00:43<03:29,  4.28it/s]Encoding documents (bs=32):  15%|█▍        | 155/1053 [00:44<03:30,  4.28it/s]Encoding documents (bs=32):  15%|█▍        | 156/1053 [00:44<03:26,  4.35it/s]Encoding documents (bs=32):  15%|█▍        | 157/1053 [00:44<03:25,  4.36it/s]Encoding documents (bs=32):  15%|█▌        | 158/1053 [00:44<03:24,  4.37it/s]Encoding documents (bs=32):  15%|█▌        | 159/1053 [00:45<03:22,  4.42it/s]Encoding documents (bs=32):  15%|█▌        | 160/1053 [00:45<03:20,  4.46it/s]Encoding documents (bs=32):  15%|█▌        | 161/1053 [00:45<03:20,  4.44it/s]Encoding documents (bs=32):  15%|█▌        | 162/1053 [00:45<03:14,  4.58it/s]Encoding documents (bs=32):  15%|█▌        | 163/1053 [00:45<03:15,  4.54it/s]Encoding documents (bs=32):  16%|█▌        | 164/1053 [00:46<03:17,  4.51it/s]Encoding documents (bs=32):  16%|█▌        | 165/1053 [00:46<03:29,  4.24it/s]Encoding documents (bs=32):  16%|█▌        | 166/1053 [00:46<03:31,  4.20it/s]Encoding documents (bs=32):  16%|█▌        | 167/1053 [00:46<03:20,  4.42it/s]Encoding documents (bs=32):  16%|█▌        | 168/1053 [00:47<03:18,  4.45it/s]Encoding documents (bs=32):  16%|█▌        | 169/1053 [00:47<03:11,  4.62it/s]Encoding documents (bs=32):  16%|█▌        | 170/1053 [00:47<03:10,  4.64it/s]Encoding documents (bs=32):  16%|█▌        | 171/1053 [00:47<03:24,  4.31it/s]Encoding documents (bs=32):  16%|█▋        | 172/1053 [00:47<03:22,  4.35it/s]Encoding documents (bs=32):  16%|█▋        | 173/1053 [00:48<03:23,  4.32it/s]Encoding documents (bs=32):  17%|█▋        | 174/1053 [00:48<03:15,  4.49it/s]Encoding documents (bs=32):  17%|█▋        | 175/1053 [00:48<03:09,  4.63it/s]Encoding documents (bs=32):  17%|█▋        | 176/1053 [00:48<03:05,  4.72it/s]Encoding documents (bs=32):  17%|█▋        | 177/1053 [00:49<03:09,  4.63it/s]Encoding documents (bs=32):  17%|█▋        | 178/1053 [00:49<03:14,  4.51it/s]Encoding documents (bs=32):  17%|█▋        | 179/1053 [00:49<03:13,  4.52it/s]Encoding documents (bs=32):  17%|█▋        | 180/1053 [00:49<03:18,  4.40it/s]Encoding documents (bs=32):  17%|█▋        | 181/1053 [00:49<03:10,  4.58it/s]Encoding documents (bs=32):  17%|█▋        | 182/1053 [00:50<03:05,  4.70it/s]Encoding documents (bs=32):  17%|█▋        | 183/1053 [00:50<03:12,  4.53it/s]Encoding documents (bs=32):  17%|█▋        | 184/1053 [00:50<03:10,  4.56it/s]Encoding documents (bs=32):  18%|█▊        | 185/1053 [00:50<03:12,  4.52it/s]Encoding documents (bs=32):  18%|█▊        | 186/1053 [00:50<03:05,  4.67it/s]Encoding documents (bs=32):  18%|█▊        | 187/1053 [00:51<03:11,  4.52it/s]Encoding documents (bs=32):  18%|█▊        | 188/1053 [00:51<03:09,  4.57it/s]Encoding documents (bs=32):  18%|█▊        | 189/1053 [00:51<03:03,  4.72it/s]Encoding documents (bs=32):  18%|█▊        | 190/1053 [00:51<03:00,  4.78it/s]Encoding documents (bs=32):  18%|█▊        | 191/1053 [00:52<03:01,  4.75it/s]Encoding documents (bs=32):  18%|█▊        | 192/1053 [00:52<03:02,  4.71it/s]Encoding documents (bs=32):  18%|█▊        | 193/1053 [00:52<03:03,  4.69it/s]Encoding documents (bs=32):  18%|█▊        | 194/1053 [00:52<03:03,  4.69it/s]Encoding documents (bs=32):  19%|█▊        | 195/1053 [00:52<03:05,  4.62it/s]Encoding documents (bs=32):  19%|█▊        | 196/1053 [00:53<03:02,  4.71it/s]Encoding documents (bs=32):  19%|█▊        | 197/1053 [00:53<03:04,  4.64it/s]Encoding documents (bs=32):  19%|█▉        | 198/1053 [00:53<03:03,  4.66it/s]Encoding documents (bs=32):  19%|█▉        | 199/1053 [00:53<03:09,  4.52it/s]Encoding documents (bs=32):  19%|█▉        | 200/1053 [00:53<03:03,  4.65it/s]Encoding documents (bs=32):  19%|█▉        | 201/1053 [00:54<03:06,  4.57it/s]Encoding documents (bs=32):  19%|█▉        | 202/1053 [00:54<03:01,  4.68it/s]Encoding documents (bs=32):  19%|█▉        | 203/1053 [00:54<02:55,  4.85it/s]Encoding documents (bs=32):  19%|█▉        | 204/1053 [00:54<02:53,  4.90it/s]Encoding documents (bs=32):  19%|█▉        | 205/1053 [00:55<03:03,  4.62it/s]Encoding documents (bs=32):  20%|█▉        | 206/1053 [00:55<02:57,  4.76it/s]Encoding documents (bs=32):  20%|█▉        | 207/1053 [00:55<02:55,  4.82it/s]Encoding documents (bs=32):  20%|█▉        | 208/1053 [00:55<02:57,  4.77it/s]Encoding documents (bs=32):  20%|█▉        | 209/1053 [00:55<02:55,  4.82it/s]Encoding documents (bs=32):  20%|█▉        | 210/1053 [00:56<02:50,  4.95it/s]Encoding documents (bs=32):  20%|██        | 211/1053 [00:56<02:47,  5.04it/s]Encoding documents (bs=32):  20%|██        | 212/1053 [00:56<02:46,  5.05it/s]Encoding documents (bs=32):  20%|██        | 213/1053 [00:56<02:46,  5.04it/s]Encoding documents (bs=32):  20%|██        | 214/1053 [00:56<02:44,  5.11it/s]Encoding documents (bs=32):  20%|██        | 215/1053 [00:57<02:44,  5.10it/s]Encoding documents (bs=32):  21%|██        | 216/1053 [00:57<02:48,  4.96it/s]Encoding documents (bs=32):  21%|██        | 217/1053 [00:57<02:52,  4.85it/s]Encoding documents (bs=32):  21%|██        | 218/1053 [00:57<02:54,  4.79it/s]Encoding documents (bs=32):  21%|██        | 219/1053 [00:57<02:56,  4.73it/s]Encoding documents (bs=32):  21%|██        | 220/1053 [00:58<02:59,  4.65it/s]Encoding documents (bs=32):  21%|██        | 221/1053 [00:58<02:52,  4.83it/s]Encoding documents (bs=32):  21%|██        | 222/1053 [00:58<02:50,  4.89it/s]Encoding documents (bs=32):  21%|██        | 223/1053 [00:58<02:48,  4.92it/s]Encoding documents (bs=32):  21%|██▏       | 224/1053 [00:58<02:45,  5.02it/s]Encoding documents (bs=32):  21%|██▏       | 225/1053 [00:59<02:42,  5.10it/s]Encoding documents (bs=32):  21%|██▏       | 226/1053 [00:59<02:42,  5.08it/s]Encoding documents (bs=32):  22%|██▏       | 227/1053 [00:59<02:43,  5.06it/s]Encoding documents (bs=32):  22%|██▏       | 228/1053 [00:59<02:43,  5.06it/s]Encoding documents (bs=32):  22%|██▏       | 229/1053 [00:59<02:41,  5.12it/s]Encoding documents (bs=32):  22%|██▏       | 230/1053 [01:00<02:42,  5.07it/s]Encoding documents (bs=32):  22%|██▏       | 231/1053 [01:00<02:42,  5.05it/s]Encoding documents (bs=32):  22%|██▏       | 232/1053 [01:00<02:39,  5.16it/s]Encoding documents (bs=32):  22%|██▏       | 233/1053 [01:00<02:38,  5.19it/s]Encoding documents (bs=32):  22%|██▏       | 234/1053 [01:00<02:46,  4.92it/s]Encoding documents (bs=32):  22%|██▏       | 235/1053 [01:01<02:43,  5.02it/s]Encoding documents (bs=32):  22%|██▏       | 236/1053 [01:01<02:39,  5.11it/s]Encoding documents (bs=32):  23%|██▎       | 237/1053 [01:01<02:38,  5.16it/s]Encoding documents (bs=32):  23%|██▎       | 238/1053 [01:01<02:39,  5.11it/s]Encoding documents (bs=32):  23%|██▎       | 239/1053 [01:01<02:44,  4.96it/s]Encoding documents (bs=32):  23%|██▎       | 240/1053 [01:02<02:39,  5.10it/s]Encoding documents (bs=32):  23%|██▎       | 241/1053 [01:02<02:40,  5.06it/s]Encoding documents (bs=32):  23%|██▎       | 242/1053 [01:02<02:36,  5.19it/s]Encoding documents (bs=32):  23%|██▎       | 243/1053 [01:02<02:36,  5.17it/s]Encoding documents (bs=32):  23%|██▎       | 244/1053 [01:02<02:37,  5.14it/s]Encoding documents (bs=32):  23%|██▎       | 245/1053 [01:03<02:38,  5.11it/s]Encoding documents (bs=32):  23%|██▎       | 246/1053 [01:03<02:36,  5.14it/s]Encoding documents (bs=32):  23%|██▎       | 247/1053 [01:03<02:33,  5.25it/s]Encoding documents (bs=32):  24%|██▎       | 248/1053 [01:03<02:33,  5.25it/s]Encoding documents (bs=32):  24%|██▎       | 249/1053 [01:03<02:35,  5.18it/s]Encoding documents (bs=32):  24%|██▎       | 250/1053 [01:03<02:31,  5.28it/s]Encoding documents (bs=32):  24%|██▍       | 251/1053 [01:04<02:33,  5.23it/s]Encoding documents (bs=32):  24%|██▍       | 252/1053 [01:04<02:31,  5.29it/s]Encoding documents (bs=32):  24%|██▍       | 253/1053 [01:04<02:32,  5.25it/s]Encoding documents (bs=32):  24%|██▍       | 254/1053 [01:04<02:30,  5.32it/s]Encoding documents (bs=32):  24%|██▍       | 255/1053 [01:04<02:30,  5.30it/s]Encoding documents (bs=32):  24%|██▍       | 256/1053 [01:05<02:30,  5.29it/s]Encoding documents (bs=32):  24%|██▍       | 257/1053 [01:05<02:28,  5.35it/s]Encoding documents (bs=32):  25%|██▍       | 258/1053 [01:05<02:40,  4.95it/s]Encoding documents (bs=32):  25%|██▍       | 259/1053 [01:05<02:46,  4.77it/s]Encoding documents (bs=32):  25%|██▍       | 260/1053 [01:05<02:41,  4.92it/s]Encoding documents (bs=32):  25%|██▍       | 261/1053 [01:06<02:48,  4.70it/s]Encoding documents (bs=32):  25%|██▍       | 262/1053 [01:06<02:52,  4.60it/s]Encoding documents (bs=32):  25%|██▍       | 263/1053 [01:06<02:44,  4.80it/s]Encoding documents (bs=32):  25%|██▌       | 264/1053 [01:06<02:37,  5.00it/s]Encoding documents (bs=32):  25%|██▌       | 265/1053 [01:06<02:35,  5.08it/s]Encoding documents (bs=32):  25%|██▌       | 266/1053 [01:07<02:31,  5.20it/s]Encoding documents (bs=32):  25%|██▌       | 267/1053 [01:07<02:36,  5.03it/s]Encoding documents (bs=32):  25%|██▌       | 268/1053 [01:07<02:33,  5.11it/s]Encoding documents (bs=32):  26%|██▌       | 269/1053 [01:07<02:29,  5.23it/s]Encoding documents (bs=32):  26%|██▌       | 270/1053 [01:07<02:29,  5.24it/s]Encoding documents (bs=32):  26%|██▌       | 271/1053 [01:08<02:28,  5.26it/s]Encoding documents (bs=32):  26%|██▌       | 272/1053 [01:08<02:25,  5.37it/s]Encoding documents (bs=32):  26%|██▌       | 273/1053 [01:08<02:32,  5.10it/s]Encoding documents (bs=32):  26%|██▌       | 274/1053 [01:08<02:36,  4.97it/s]Encoding documents (bs=32):  26%|██▌       | 275/1053 [01:08<02:43,  4.77it/s]Encoding documents (bs=32):  26%|██▌       | 276/1053 [01:09<02:36,  4.98it/s]Encoding documents (bs=32):  26%|██▋       | 277/1053 [01:09<02:30,  5.14it/s]Encoding documents (bs=32):  26%|██▋       | 278/1053 [01:09<02:27,  5.24it/s]Encoding documents (bs=32):  26%|██▋       | 279/1053 [01:09<02:27,  5.25it/s]Encoding documents (bs=32):  27%|██▋       | 280/1053 [01:09<02:24,  5.33it/s]Encoding documents (bs=32):  27%|██▋       | 281/1053 [01:10<02:24,  5.34it/s]Encoding documents (bs=32):  27%|██▋       | 282/1053 [01:10<02:22,  5.40it/s]Encoding documents (bs=32):  27%|██▋       | 283/1053 [01:10<02:22,  5.40it/s]Encoding documents (bs=32):  27%|██▋       | 284/1053 [01:10<02:19,  5.51it/s]Encoding documents (bs=32):  27%|██▋       | 285/1053 [01:10<02:31,  5.08it/s]Encoding documents (bs=32):  27%|██▋       | 286/1053 [01:10<02:26,  5.25it/s]Encoding documents (bs=32):  27%|██▋       | 287/1053 [01:11<02:25,  5.27it/s]Encoding documents (bs=32):  27%|██▋       | 288/1053 [01:11<02:21,  5.40it/s]Encoding documents (bs=32):  27%|██▋       | 289/1053 [01:11<02:19,  5.49it/s]Encoding documents (bs=32):  28%|██▊       | 290/1053 [01:11<02:16,  5.59it/s]Encoding documents (bs=32):  28%|██▊       | 291/1053 [01:11<02:16,  5.59it/s]Encoding documents (bs=32):  28%|██▊       | 292/1053 [01:12<02:20,  5.43it/s]Encoding documents (bs=32):  28%|██▊       | 293/1053 [01:12<02:19,  5.43it/s]Encoding documents (bs=32):  28%|██▊       | 294/1053 [01:12<02:19,  5.46it/s]Encoding documents (bs=32):  28%|██▊       | 295/1053 [01:12<02:17,  5.53it/s]Encoding documents (bs=32):  28%|██▊       | 296/1053 [01:12<02:16,  5.53it/s]Encoding documents (bs=32):  28%|██▊       | 297/1053 [01:12<02:16,  5.52it/s]Encoding documents (bs=32):  28%|██▊       | 298/1053 [01:13<02:16,  5.54it/s]Encoding documents (bs=32):  28%|██▊       | 299/1053 [01:13<02:16,  5.54it/s]Encoding documents (bs=32):  28%|██▊       | 300/1053 [01:13<02:21,  5.34it/s]Encoding documents (bs=32):  29%|██▊       | 301/1053 [01:13<02:23,  5.23it/s]Encoding documents (bs=32):  29%|██▊       | 302/1053 [01:13<02:21,  5.31it/s]Encoding documents (bs=32):  29%|██▉       | 303/1053 [01:14<02:28,  5.06it/s]Encoding documents (bs=32):  29%|██▉       | 304/1053 [01:14<02:22,  5.26it/s]Encoding documents (bs=32):  29%|██▉       | 305/1053 [01:14<02:28,  5.02it/s]Encoding documents (bs=32):  29%|██▉       | 306/1053 [01:14<02:31,  4.91it/s]Encoding documents (bs=32):  29%|██▉       | 307/1053 [01:14<02:25,  5.12it/s]Encoding documents (bs=32):  29%|██▉       | 308/1053 [01:15<02:21,  5.25it/s]Encoding documents (bs=32):  29%|██▉       | 309/1053 [01:15<02:18,  5.39it/s]Encoding documents (bs=32):  29%|██▉       | 310/1053 [01:15<02:20,  5.30it/s]Encoding documents (bs=32):  30%|██▉       | 311/1053 [01:15<02:18,  5.36it/s]Encoding documents (bs=32):  30%|██▉       | 312/1053 [01:15<02:16,  5.43it/s]Encoding documents (bs=32):  30%|██▉       | 313/1053 [01:15<02:15,  5.46it/s]Encoding documents (bs=32):  30%|██▉       | 314/1053 [01:16<02:17,  5.36it/s]Encoding documents (bs=32):  30%|██▉       | 315/1053 [01:16<02:24,  5.10it/s]Encoding documents (bs=32):  30%|███       | 316/1053 [01:16<02:30,  4.90it/s]Encoding documents (bs=32):  30%|███       | 317/1053 [01:16<02:33,  4.80it/s]Encoding documents (bs=32):  30%|███       | 318/1053 [01:17<02:26,  5.01it/s]Encoding documents (bs=32):  30%|███       | 319/1053 [01:17<02:23,  5.11it/s]Encoding documents (bs=32):  30%|███       | 320/1053 [01:17<02:18,  5.30it/s]Encoding documents (bs=32):  30%|███       | 321/1053 [01:17<02:11,  5.57it/s]Encoding documents (bs=32):  31%|███       | 322/1053 [01:17<02:10,  5.62it/s]Encoding documents (bs=32):  31%|███       | 323/1053 [01:17<02:11,  5.56it/s]Encoding documents (bs=32):  31%|███       | 324/1053 [01:18<02:10,  5.60it/s]Encoding documents (bs=32):  31%|███       | 325/1053 [01:18<02:11,  5.55it/s]Encoding documents (bs=32):  31%|███       | 326/1053 [01:18<02:13,  5.46it/s]Encoding documents (bs=32):  31%|███       | 327/1053 [01:18<02:12,  5.47it/s]Encoding documents (bs=32):  31%|███       | 328/1053 [01:18<02:09,  5.59it/s]Encoding documents (bs=32):  31%|███       | 329/1053 [01:19<02:15,  5.36it/s]Encoding documents (bs=32):  31%|███▏      | 330/1053 [01:19<02:13,  5.42it/s]Encoding documents (bs=32):  31%|███▏      | 331/1053 [01:19<02:11,  5.51it/s]Encoding documents (bs=32):  32%|███▏      | 332/1053 [01:19<02:06,  5.70it/s]Encoding documents (bs=32):  32%|███▏      | 333/1053 [01:19<02:08,  5.62it/s]Encoding documents (bs=32):  32%|███▏      | 334/1053 [01:19<02:06,  5.66it/s]Encoding documents (bs=32):  32%|███▏      | 335/1053 [01:20<02:03,  5.83it/s]Encoding documents (bs=32):  32%|███▏      | 336/1053 [01:20<02:02,  5.83it/s]Encoding documents (bs=32):  32%|███▏      | 337/1053 [01:20<02:02,  5.84it/s]Encoding documents (bs=32):  32%|███▏      | 338/1053 [01:20<02:04,  5.72it/s]Encoding documents (bs=32):  32%|███▏      | 339/1053 [01:20<02:04,  5.72it/s]Encoding documents (bs=32):  32%|███▏      | 340/1053 [01:20<02:01,  5.88it/s]Encoding documents (bs=32):  32%|███▏      | 341/1053 [01:21<02:01,  5.87it/s]Encoding documents (bs=32):  32%|███▏      | 342/1053 [01:21<02:00,  5.89it/s]Encoding documents (bs=32):  33%|███▎      | 343/1053 [01:21<02:01,  5.84it/s]Encoding documents (bs=32):  33%|███▎      | 344/1053 [01:21<02:03,  5.74it/s]Encoding documents (bs=32):  33%|███▎      | 345/1053 [01:21<02:02,  5.78it/s]Encoding documents (bs=32):  33%|███▎      | 346/1053 [01:21<02:03,  5.70it/s]Encoding documents (bs=32):  33%|███▎      | 347/1053 [01:22<02:00,  5.85it/s]Encoding documents (bs=32):  33%|███▎      | 348/1053 [01:22<02:01,  5.80it/s]Encoding documents (bs=32):  33%|███▎      | 349/1053 [01:22<02:01,  5.81it/s]Encoding documents (bs=32):  33%|███▎      | 350/1053 [01:22<02:01,  5.80it/s]Encoding documents (bs=32):  33%|███▎      | 351/1053 [01:22<01:59,  5.89it/s]Encoding documents (bs=32):  33%|███▎      | 352/1053 [01:22<01:57,  5.96it/s]Encoding documents (bs=32):  34%|███▎      | 353/1053 [01:23<01:59,  5.84it/s]Encoding documents (bs=32):  34%|███▎      | 354/1053 [01:23<02:01,  5.75it/s]Encoding documents (bs=32):  34%|███▎      | 355/1053 [01:23<02:00,  5.78it/s]Encoding documents (bs=32):  34%|███▍      | 356/1053 [01:23<01:58,  5.89it/s]Encoding documents (bs=32):  34%|███▍      | 357/1053 [01:23<01:59,  5.84it/s]Encoding documents (bs=32):  34%|███▍      | 358/1053 [01:23<01:55,  6.00it/s]Encoding documents (bs=32):  34%|███▍      | 359/1053 [01:24<01:56,  5.94it/s]Encoding documents (bs=32):  34%|███▍      | 360/1053 [01:24<01:54,  6.06it/s]Encoding documents (bs=32):  34%|███▍      | 361/1053 [01:24<01:55,  5.99it/s]Encoding documents (bs=32):  34%|███▍      | 362/1053 [01:24<01:53,  6.09it/s]Encoding documents (bs=32):  34%|███▍      | 363/1053 [01:24<01:56,  5.90it/s]Encoding documents (bs=32):  35%|███▍      | 364/1053 [01:24<01:57,  5.86it/s]Encoding documents (bs=32):  35%|███▍      | 365/1053 [01:25<01:55,  5.97it/s]Encoding documents (bs=32):  35%|███▍      | 366/1053 [01:25<01:52,  6.09it/s]Encoding documents (bs=32):  35%|███▍      | 367/1053 [01:25<01:55,  5.93it/s]Encoding documents (bs=32):  35%|███▍      | 368/1053 [01:25<01:55,  5.92it/s]Encoding documents (bs=32):  35%|███▌      | 369/1053 [01:25<01:59,  5.73it/s]Encoding documents (bs=32):  35%|███▌      | 370/1053 [01:26<01:58,  5.77it/s]Encoding documents (bs=32):  35%|███▌      | 371/1053 [01:26<01:55,  5.93it/s]Encoding documents (bs=32):  35%|███▌      | 372/1053 [01:26<01:53,  6.01it/s]Encoding documents (bs=32):  35%|███▌      | 373/1053 [01:26<01:54,  5.92it/s]Encoding documents (bs=32):  36%|███▌      | 374/1053 [01:26<01:52,  6.03it/s]Encoding documents (bs=32):  36%|███▌      | 375/1053 [01:26<01:51,  6.09it/s]Encoding documents (bs=32):  36%|███▌      | 376/1053 [01:27<01:54,  5.90it/s]Encoding documents (bs=32):  36%|███▌      | 377/1053 [01:27<01:55,  5.85it/s]Encoding documents (bs=32):  36%|███▌      | 378/1053 [01:27<01:51,  6.03it/s]Encoding documents (bs=32):  36%|███▌      | 379/1053 [01:27<01:53,  5.95it/s]Encoding documents (bs=32):  36%|███▌      | 380/1053 [01:27<01:55,  5.82it/s]Encoding documents (bs=32):  36%|███▌      | 381/1053 [01:27<01:52,  5.95it/s]Encoding documents (bs=32):  36%|███▋      | 382/1053 [01:28<01:53,  5.89it/s]Encoding documents (bs=32):  36%|███▋      | 383/1053 [01:28<01:59,  5.59it/s]Encoding documents (bs=32):  36%|███▋      | 384/1053 [01:28<01:58,  5.66it/s]Encoding documents (bs=32):  37%|███▋      | 385/1053 [01:28<01:54,  5.83it/s]Encoding documents (bs=32):  37%|███▋      | 386/1053 [01:28<01:55,  5.78it/s]Encoding documents (bs=32):  37%|███▋      | 387/1053 [01:28<01:55,  5.78it/s]Encoding documents (bs=32):  37%|███▋      | 388/1053 [01:29<01:56,  5.71it/s]Encoding documents (bs=32):  37%|███▋      | 389/1053 [01:29<01:53,  5.87it/s]Encoding documents (bs=32):  37%|███▋      | 390/1053 [01:29<02:04,  5.32it/s]Encoding documents (bs=32):  37%|███▋      | 391/1053 [01:29<02:01,  5.43it/s]Encoding documents (bs=32):  37%|███▋      | 392/1053 [01:29<01:55,  5.70it/s]Encoding documents (bs=32):  37%|███▋      | 393/1053 [01:29<01:52,  5.86it/s]Encoding documents (bs=32):  37%|███▋      | 394/1053 [01:30<01:53,  5.79it/s]Encoding documents (bs=32):  38%|███▊      | 395/1053 [01:30<01:51,  5.90it/s]Encoding documents (bs=32):  38%|███▊      | 396/1053 [01:30<01:48,  6.06it/s]Encoding documents (bs=32):  38%|███▊      | 397/1053 [01:30<01:46,  6.14it/s]Encoding documents (bs=32):  38%|███▊      | 398/1053 [01:30<01:44,  6.27it/s]Encoding documents (bs=32):  38%|███▊      | 399/1053 [01:30<01:43,  6.32it/s]Encoding documents (bs=32):  38%|███▊      | 400/1053 [01:31<01:47,  6.07it/s]Encoding documents (bs=32):  38%|███▊      | 401/1053 [01:31<01:45,  6.18it/s]Encoding documents (bs=32):  38%|███▊      | 402/1053 [01:31<01:47,  6.08it/s]Encoding documents (bs=32):  38%|███▊      | 403/1053 [01:31<01:51,  5.84it/s]Encoding documents (bs=32):  38%|███▊      | 404/1053 [01:31<01:51,  5.84it/s]Encoding documents (bs=32):  38%|███▊      | 405/1053 [01:31<01:52,  5.76it/s]Encoding documents (bs=32):  39%|███▊      | 406/1053 [01:32<01:49,  5.93it/s]Encoding documents (bs=32):  39%|███▊      | 407/1053 [01:32<01:50,  5.84it/s]Encoding documents (bs=32):  39%|███▊      | 408/1053 [01:32<01:47,  5.99it/s]Encoding documents (bs=32):  39%|███▉      | 409/1053 [01:32<01:54,  5.62it/s]Encoding documents (bs=32):  39%|███▉      | 410/1053 [01:32<01:51,  5.77it/s]Encoding documents (bs=32):  39%|███▉      | 411/1053 [01:32<01:51,  5.78it/s]Encoding documents (bs=32):  39%|███▉      | 412/1053 [01:33<01:45,  6.06it/s]Encoding documents (bs=32):  39%|███▉      | 413/1053 [01:33<01:51,  5.75it/s]Encoding documents (bs=32):  39%|███▉      | 414/1053 [01:33<01:53,  5.62it/s]Encoding documents (bs=32):  39%|███▉      | 415/1053 [01:33<01:52,  5.66it/s]Encoding documents (bs=32):  40%|███▉      | 416/1053 [01:33<01:48,  5.87it/s]Encoding documents (bs=32):  40%|███▉      | 417/1053 [01:34<01:46,  5.98it/s]Encoding documents (bs=32):  40%|███▉      | 418/1053 [01:34<01:42,  6.18it/s]Encoding documents (bs=32):  40%|███▉      | 419/1053 [01:34<01:40,  6.34it/s]Encoding documents (bs=32):  40%|███▉      | 420/1053 [01:34<01:39,  6.34it/s]Encoding documents (bs=32):  40%|███▉      | 421/1053 [01:34<01:44,  6.02it/s]Encoding documents (bs=32):  40%|████      | 422/1053 [01:34<01:43,  6.09it/s]Encoding documents (bs=32):  40%|████      | 423/1053 [01:35<01:48,  5.80it/s]Encoding documents (bs=32):  40%|████      | 424/1053 [01:35<01:50,  5.69it/s]Encoding documents (bs=32):  40%|████      | 425/1053 [01:35<01:46,  5.87it/s]Encoding documents (bs=32):  40%|████      | 426/1053 [01:35<01:44,  5.99it/s]Encoding documents (bs=32):  41%|████      | 427/1053 [01:35<01:46,  5.85it/s]Encoding documents (bs=32):  41%|████      | 428/1053 [01:35<01:46,  5.85it/s]Encoding documents (bs=32):  41%|████      | 429/1053 [01:36<01:44,  5.97it/s]Encoding documents (bs=32):  41%|████      | 430/1053 [01:36<01:42,  6.07it/s]Encoding documents (bs=32):  41%|████      | 431/1053 [01:36<01:44,  5.96it/s]Encoding documents (bs=32):  41%|████      | 432/1053 [01:36<01:45,  5.90it/s]Encoding documents (bs=32):  41%|████      | 433/1053 [01:36<01:42,  6.06it/s]Encoding documents (bs=32):  41%|████      | 434/1053 [01:36<01:39,  6.20it/s]Encoding documents (bs=32):  41%|████▏     | 435/1053 [01:36<01:37,  6.35it/s]Encoding documents (bs=32):  41%|████▏     | 436/1053 [01:37<01:40,  6.15it/s]Encoding documents (bs=32):  42%|████▏     | 437/1053 [01:37<01:37,  6.34it/s]Encoding documents (bs=32):  42%|████▏     | 438/1053 [01:37<01:35,  6.43it/s]Encoding documents (bs=32):  42%|████▏     | 439/1053 [01:37<01:36,  6.36it/s]Encoding documents (bs=32):  42%|████▏     | 440/1053 [01:37<01:51,  5.52it/s]Encoding documents (bs=32):  42%|████▏     | 441/1053 [01:38<01:47,  5.71it/s]Encoding documents (bs=32):  42%|████▏     | 442/1053 [01:38<01:44,  5.87it/s]Encoding documents (bs=32):  42%|████▏     | 443/1053 [01:38<01:40,  6.07it/s]Encoding documents (bs=32):  42%|████▏     | 444/1053 [01:38<01:38,  6.17it/s]Encoding documents (bs=32):  42%|████▏     | 445/1053 [01:38<01:38,  6.19it/s]Encoding documents (bs=32):  42%|████▏     | 446/1053 [01:38<01:36,  6.26it/s]Encoding documents (bs=32):  42%|████▏     | 447/1053 [01:38<01:36,  6.25it/s]Encoding documents (bs=32):  43%|████▎     | 448/1053 [01:39<01:48,  5.55it/s]Encoding documents (bs=32):  43%|████▎     | 449/1053 [01:39<01:46,  5.66it/s]Encoding documents (bs=32):  43%|████▎     | 450/1053 [01:39<01:42,  5.86it/s]Encoding documents (bs=32):  43%|████▎     | 451/1053 [01:39<01:39,  6.07it/s]Encoding documents (bs=32):  43%|████▎     | 452/1053 [01:39<01:36,  6.20it/s]Encoding documents (bs=32):  43%|████▎     | 453/1053 [01:39<01:35,  6.27it/s]Encoding documents (bs=32):  43%|████▎     | 454/1053 [01:40<01:34,  6.32it/s]Encoding documents (bs=32):  43%|████▎     | 455/1053 [01:40<01:33,  6.37it/s]Encoding documents (bs=32):  43%|████▎     | 456/1053 [01:40<01:31,  6.51it/s]Encoding documents (bs=32):  43%|████▎     | 457/1053 [01:40<01:31,  6.49it/s]Encoding documents (bs=32):  43%|████▎     | 458/1053 [01:40<01:32,  6.43it/s]Encoding documents (bs=32):  44%|████▎     | 459/1053 [01:40<01:31,  6.51it/s]Encoding documents (bs=32):  44%|████▎     | 460/1053 [01:41<01:34,  6.25it/s]Encoding documents (bs=32):  44%|████▍     | 461/1053 [01:41<01:33,  6.32it/s]Encoding documents (bs=32):  44%|████▍     | 462/1053 [01:41<01:34,  6.27it/s]Encoding documents (bs=32):  44%|████▍     | 463/1053 [01:41<01:34,  6.27it/s]Encoding documents (bs=32):  44%|████▍     | 464/1053 [01:41<01:34,  6.24it/s]Encoding documents (bs=32):  44%|████▍     | 465/1053 [01:41<01:33,  6.28it/s]Encoding documents (bs=32):  44%|████▍     | 466/1053 [01:42<01:32,  6.33it/s]Encoding documents (bs=32):  44%|████▍     | 467/1053 [01:42<01:31,  6.42it/s]Encoding documents (bs=32):  44%|████▍     | 468/1053 [01:42<01:30,  6.45it/s]Encoding documents (bs=32):  45%|████▍     | 469/1053 [01:42<01:29,  6.51it/s]Encoding documents (bs=32):  45%|████▍     | 470/1053 [01:42<01:29,  6.52it/s]Encoding documents (bs=32):  45%|████▍     | 471/1053 [01:42<01:28,  6.55it/s]Encoding documents (bs=32):  45%|████▍     | 472/1053 [01:42<01:30,  6.45it/s]Encoding documents (bs=32):  45%|████▍     | 473/1053 [01:43<01:30,  6.38it/s]Encoding documents (bs=32):  45%|████▌     | 474/1053 [01:43<01:33,  6.22it/s]Encoding documents (bs=32):  45%|████▌     | 475/1053 [01:43<01:37,  5.90it/s]Encoding documents (bs=32):  45%|████▌     | 476/1053 [01:43<01:33,  6.18it/s]Encoding documents (bs=32):  45%|████▌     | 477/1053 [01:43<01:30,  6.34it/s]Encoding documents (bs=32):  45%|████▌     | 478/1053 [01:43<01:29,  6.44it/s]Encoding documents (bs=32):  45%|████▌     | 479/1053 [01:44<01:28,  6.49it/s]Encoding documents (bs=32):  46%|████▌     | 480/1053 [01:44<01:25,  6.69it/s]Encoding documents (bs=32):  46%|████▌     | 481/1053 [01:44<01:28,  6.43it/s]Encoding documents (bs=32):  46%|████▌     | 482/1053 [01:44<01:27,  6.51it/s]Encoding documents (bs=32):  46%|████▌     | 483/1053 [01:44<01:27,  6.49it/s]Encoding documents (bs=32):  46%|████▌     | 484/1053 [01:44<01:26,  6.61it/s]Encoding documents (bs=32):  46%|████▌     | 485/1053 [01:44<01:25,  6.62it/s]Encoding documents (bs=32):  46%|████▌     | 486/1053 [01:45<01:25,  6.63it/s]Encoding documents (bs=32):  46%|████▌     | 487/1053 [01:45<01:25,  6.58it/s]Encoding documents (bs=32):  46%|████▋     | 488/1053 [01:45<01:26,  6.56it/s]Encoding documents (bs=32):  46%|████▋     | 489/1053 [01:45<01:29,  6.29it/s]Encoding documents (bs=32):  47%|████▋     | 490/1053 [01:45<01:26,  6.51it/s]Encoding documents (bs=32):  47%|████▋     | 491/1053 [01:45<01:27,  6.42it/s]Encoding documents (bs=32):  47%|████▋     | 492/1053 [01:46<01:34,  5.93it/s]Encoding documents (bs=32):  47%|████▋     | 493/1053 [01:46<01:30,  6.19it/s]Encoding documents (bs=32):  47%|████▋     | 494/1053 [01:46<01:29,  6.26it/s]Encoding documents (bs=32):  47%|████▋     | 495/1053 [01:46<01:27,  6.37it/s]Encoding documents (bs=32):  47%|████▋     | 496/1053 [01:46<01:26,  6.43it/s]Encoding documents (bs=32):  47%|████▋     | 497/1053 [01:46<01:30,  6.14it/s]Encoding documents (bs=32):  47%|████▋     | 498/1053 [01:47<01:30,  6.15it/s]Encoding documents (bs=32):  47%|████▋     | 499/1053 [01:47<01:32,  5.98it/s]Encoding documents (bs=32):  47%|████▋     | 500/1053 [01:47<01:33,  5.90it/s]Encoding documents (bs=32):  48%|████▊     | 501/1053 [01:47<01:31,  6.05it/s]Encoding documents (bs=32):  48%|████▊     | 502/1053 [01:47<01:29,  6.19it/s]Encoding documents (bs=32):  48%|████▊     | 503/1053 [01:47<01:24,  6.48it/s]Encoding documents (bs=32):  48%|████▊     | 504/1053 [01:47<01:21,  6.71it/s]Encoding documents (bs=32):  48%|████▊     | 505/1053 [01:48<01:32,  5.91it/s]Encoding documents (bs=32):  48%|████▊     | 506/1053 [01:48<01:28,  6.15it/s]Encoding documents (bs=32):  48%|████▊     | 507/1053 [01:48<01:26,  6.33it/s]Encoding documents (bs=32):  48%|████▊     | 508/1053 [01:48<01:25,  6.38it/s]Encoding documents (bs=32):  48%|████▊     | 509/1053 [01:48<01:23,  6.53it/s]Encoding documents (bs=32):  48%|████▊     | 510/1053 [01:48<01:22,  6.57it/s]Encoding documents (bs=32):  49%|████▊     | 511/1053 [01:49<01:25,  6.32it/s]Encoding documents (bs=32):  49%|████▊     | 512/1053 [01:49<01:26,  6.25it/s]Encoding documents (bs=32):  49%|████▊     | 513/1053 [01:49<01:25,  6.29it/s]Encoding documents (bs=32):  49%|████▉     | 514/1053 [01:49<01:23,  6.48it/s]Encoding documents (bs=32):  49%|████▉     | 515/1053 [01:49<01:22,  6.52it/s]Encoding documents (bs=32):  49%|████▉     | 516/1053 [01:49<01:21,  6.56it/s]Encoding documents (bs=32):  49%|████▉     | 517/1053 [01:50<01:21,  6.62it/s]Encoding documents (bs=32):  49%|████▉     | 518/1053 [01:50<01:19,  6.76it/s]Encoding documents (bs=32):  49%|████▉     | 519/1053 [01:50<01:17,  6.89it/s]Encoding documents (bs=32):  49%|████▉     | 520/1053 [01:50<01:17,  6.86it/s]Encoding documents (bs=32):  49%|████▉     | 521/1053 [01:50<01:18,  6.80it/s]Encoding documents (bs=32):  50%|████▉     | 522/1053 [01:50<01:17,  6.89it/s]Encoding documents (bs=32):  50%|████▉     | 523/1053 [01:50<01:18,  6.76it/s]Encoding documents (bs=32):  50%|████▉     | 524/1053 [01:51<01:18,  6.72it/s]Encoding documents (bs=32):  50%|████▉     | 525/1053 [01:51<01:20,  6.60it/s]Encoding documents (bs=32):  50%|████▉     | 526/1053 [01:51<01:17,  6.81it/s]Encoding documents (bs=32):  50%|█████     | 527/1053 [01:51<01:16,  6.87it/s]Encoding documents (bs=32):  50%|█████     | 528/1053 [01:51<01:17,  6.81it/s]Encoding documents (bs=32):  50%|█████     | 529/1053 [01:51<01:15,  6.98it/s]Encoding documents (bs=32):  50%|█████     | 530/1053 [01:51<01:16,  6.88it/s]Encoding documents (bs=32):  50%|█████     | 531/1053 [01:52<01:20,  6.48it/s]Encoding documents (bs=32):  51%|█████     | 532/1053 [01:52<01:18,  6.62it/s]Encoding documents (bs=32):  51%|█████     | 533/1053 [01:52<01:17,  6.68it/s]Encoding documents (bs=32):  51%|█████     | 534/1053 [01:52<01:17,  6.67it/s]Encoding documents (bs=32):  51%|█████     | 535/1053 [01:52<01:16,  6.81it/s]Encoding documents (bs=32):  51%|█████     | 536/1053 [01:52<01:13,  6.99it/s]Encoding documents (bs=32):  51%|█████     | 537/1053 [01:52<01:14,  6.90it/s]Encoding documents (bs=32):  51%|█████     | 538/1053 [01:53<01:14,  6.91it/s]Encoding documents (bs=32):  51%|█████     | 539/1053 [01:53<01:15,  6.85it/s]Encoding documents (bs=32):  51%|█████▏    | 540/1053 [01:53<01:13,  6.94it/s]Encoding documents (bs=32):  51%|█████▏    | 541/1053 [01:53<01:13,  6.94it/s]Encoding documents (bs=32):  51%|█████▏    | 542/1053 [01:53<01:13,  6.99it/s]Encoding documents (bs=32):  52%|█████▏    | 543/1053 [01:53<01:12,  7.02it/s]Encoding documents (bs=32):  52%|█████▏    | 544/1053 [01:53<01:12,  7.02it/s]Encoding documents (bs=32):  52%|█████▏    | 545/1053 [01:54<01:11,  7.12it/s]Encoding documents (bs=32):  52%|█████▏    | 546/1053 [01:54<01:11,  7.13it/s]Encoding documents (bs=32):  52%|█████▏    | 547/1053 [01:54<01:10,  7.18it/s]Encoding documents (bs=32):  52%|█████▏    | 548/1053 [01:54<01:09,  7.30it/s]Encoding documents (bs=32):  52%|█████▏    | 549/1053 [01:54<01:08,  7.34it/s]Encoding documents (bs=32):  52%|█████▏    | 550/1053 [01:54<01:10,  7.18it/s]Encoding documents (bs=32):  52%|█████▏    | 551/1053 [01:54<01:09,  7.20it/s]Encoding documents (bs=32):  52%|█████▏    | 552/1053 [01:55<01:09,  7.23it/s]Encoding documents (bs=32):  53%|█████▎    | 553/1053 [01:55<01:09,  7.22it/s]Encoding documents (bs=32):  53%|█████▎    | 554/1053 [01:55<01:09,  7.20it/s]Encoding documents (bs=32):  53%|█████▎    | 555/1053 [01:55<01:11,  7.01it/s]Encoding documents (bs=32):  53%|█████▎    | 556/1053 [01:55<01:09,  7.10it/s]Encoding documents (bs=32):  53%|█████▎    | 557/1053 [01:55<01:09,  7.13it/s]Encoding documents (bs=32):  53%|█████▎    | 558/1053 [01:55<01:10,  7.02it/s]Encoding documents (bs=32):  53%|█████▎    | 559/1053 [01:56<01:08,  7.17it/s]Encoding documents (bs=32):  53%|█████▎    | 560/1053 [01:56<01:08,  7.17it/s]Encoding documents (bs=32):  53%|█████▎    | 561/1053 [01:56<01:07,  7.25it/s]Encoding documents (bs=32):  53%|█████▎    | 562/1053 [01:56<01:07,  7.24it/s]Encoding documents (bs=32):  53%|█████▎    | 563/1053 [01:56<01:14,  6.57it/s]Encoding documents (bs=32):  54%|█████▎    | 564/1053 [01:56<01:13,  6.66it/s]Encoding documents (bs=32):  54%|█████▎    | 565/1053 [01:56<01:11,  6.83it/s]Encoding documents (bs=32):  54%|█████▍    | 566/1053 [01:57<01:07,  7.16it/s]Encoding documents (bs=32):  54%|█████▍    | 567/1053 [01:57<01:10,  6.87it/s]Encoding documents (bs=32):  54%|█████▍    | 568/1053 [01:57<01:10,  6.88it/s]Encoding documents (bs=32):  54%|█████▍    | 569/1053 [01:57<01:09,  6.95it/s]Encoding documents (bs=32):  54%|█████▍    | 570/1053 [01:57<01:08,  7.06it/s]Encoding documents (bs=32):  54%|█████▍    | 571/1053 [01:57<01:07,  7.09it/s]Encoding documents (bs=32):  54%|█████▍    | 572/1053 [01:57<01:06,  7.19it/s]Encoding documents (bs=32):  54%|█████▍    | 573/1053 [01:58<01:03,  7.50it/s]Encoding documents (bs=32):  55%|█████▍    | 574/1053 [01:58<01:04,  7.48it/s]Encoding documents (bs=32):  55%|█████▍    | 575/1053 [01:58<01:05,  7.25it/s]Encoding documents (bs=32):  55%|█████▍    | 576/1053 [01:58<01:05,  7.31it/s]Encoding documents (bs=32):  55%|█████▍    | 577/1053 [01:58<01:07,  7.04it/s]Encoding documents (bs=32):  55%|█████▍    | 578/1053 [01:58<01:08,  6.90it/s]Encoding documents (bs=32):  55%|█████▍    | 579/1053 [01:58<01:06,  7.09it/s]Encoding documents (bs=32):  55%|█████▌    | 580/1053 [01:59<01:08,  6.92it/s]Encoding documents (bs=32):  55%|█████▌    | 581/1053 [01:59<01:06,  7.11it/s]Encoding documents (bs=32):  55%|█████▌    | 582/1053 [01:59<01:06,  7.13it/s]Encoding documents (bs=32):  55%|█████▌    | 583/1053 [01:59<01:07,  6.99it/s]Encoding documents (bs=32):  55%|█████▌    | 584/1053 [01:59<01:05,  7.19it/s]Encoding documents (bs=32):  56%|█████▌    | 585/1053 [01:59<01:02,  7.51it/s]Encoding documents (bs=32):  56%|█████▌    | 586/1053 [01:59<01:02,  7.45it/s]Encoding documents (bs=32):  56%|█████▌    | 587/1053 [01:59<01:02,  7.51it/s]Encoding documents (bs=32):  56%|█████▌    | 588/1053 [02:00<01:00,  7.69it/s]Encoding documents (bs=32):  56%|█████▌    | 589/1053 [02:00<01:00,  7.68it/s]Encoding documents (bs=32):  56%|█████▌    | 590/1053 [02:00<01:00,  7.61it/s]Encoding documents (bs=32):  56%|█████▌    | 591/1053 [02:00<01:00,  7.59it/s]Encoding documents (bs=32):  56%|█████▌    | 592/1053 [02:00<01:01,  7.51it/s]Encoding documents (bs=32):  56%|█████▋    | 593/1053 [02:00<01:01,  7.44it/s]Encoding documents (bs=32):  56%|█████▋    | 594/1053 [02:00<01:01,  7.43it/s]Encoding documents (bs=32):  57%|█████▋    | 595/1053 [02:01<01:01,  7.47it/s]Encoding documents (bs=32):  57%|█████▋    | 596/1053 [02:01<01:01,  7.46it/s]Encoding documents (bs=32):  57%|█████▋    | 597/1053 [02:01<00:59,  7.70it/s]Encoding documents (bs=32):  57%|█████▋    | 598/1053 [02:01<01:02,  7.31it/s]Encoding documents (bs=32):  57%|█████▋    | 599/1053 [02:01<01:29,  5.07it/s]Encoding documents (bs=32):  57%|█████▋    | 600/1053 [02:01<01:20,  5.61it/s]Encoding documents (bs=32):  57%|█████▋    | 601/1053 [02:02<01:13,  6.18it/s]Encoding documents (bs=32):  57%|█████▋    | 602/1053 [02:02<01:09,  6.49it/s]Encoding documents (bs=32):  57%|█████▋    | 603/1053 [02:02<01:06,  6.77it/s]Encoding documents (bs=32):  57%|█████▋    | 604/1053 [02:02<01:04,  6.96it/s]Encoding documents (bs=32):  57%|█████▋    | 605/1053 [02:02<01:02,  7.12it/s]Encoding documents (bs=32):  58%|█████▊    | 606/1053 [02:02<01:04,  6.97it/s]Encoding documents (bs=32):  58%|█████▊    | 607/1053 [02:02<01:00,  7.33it/s]Encoding documents (bs=32):  58%|█████▊    | 608/1053 [02:02<00:58,  7.59it/s]Encoding documents (bs=32):  58%|█████▊    | 609/1053 [02:03<00:59,  7.45it/s]Encoding documents (bs=32):  58%|█████▊    | 610/1053 [02:03<01:04,  6.83it/s]Encoding documents (bs=32):  58%|█████▊    | 611/1053 [02:03<01:02,  7.02it/s]Encoding documents (bs=32):  58%|█████▊    | 612/1053 [02:03<00:59,  7.37it/s]Encoding documents (bs=32):  58%|█████▊    | 613/1053 [02:03<00:59,  7.46it/s]Encoding documents (bs=32):  58%|█████▊    | 614/1053 [02:03<00:58,  7.49it/s]Encoding documents (bs=32):  58%|█████▊    | 615/1053 [02:03<00:59,  7.38it/s]Encoding documents (bs=32):  58%|█████▊    | 616/1053 [02:04<00:58,  7.44it/s]Encoding documents (bs=32):  59%|█████▊    | 617/1053 [02:04<00:58,  7.45it/s]Encoding documents (bs=32):  59%|█████▊    | 618/1053 [02:04<00:58,  7.42it/s]Encoding documents (bs=32):  59%|█████▉    | 619/1053 [02:04<00:58,  7.36it/s]Encoding documents (bs=32):  59%|█████▉    | 620/1053 [02:04<00:59,  7.31it/s]Encoding documents (bs=32):  59%|█████▉    | 621/1053 [02:04<00:58,  7.37it/s]Encoding documents (bs=32):  59%|█████▉    | 622/1053 [02:04<00:59,  7.25it/s]Encoding documents (bs=32):  59%|█████▉    | 623/1053 [02:04<00:57,  7.51it/s]Encoding documents (bs=32):  59%|█████▉    | 624/1053 [02:05<00:55,  7.74it/s]Encoding documents (bs=32):  59%|█████▉    | 625/1053 [02:05<00:56,  7.63it/s]Encoding documents (bs=32):  59%|█████▉    | 626/1053 [02:05<00:56,  7.62it/s]Encoding documents (bs=32):  60%|█████▉    | 627/1053 [02:05<00:58,  7.23it/s]Encoding documents (bs=32):  60%|█████▉    | 628/1053 [02:05<00:57,  7.37it/s]Encoding documents (bs=32):  60%|█████▉    | 629/1053 [02:05<00:57,  7.44it/s]Encoding documents (bs=32):  60%|█████▉    | 630/1053 [02:05<00:54,  7.69it/s]Encoding documents (bs=32):  60%|█████▉    | 631/1053 [02:06<00:55,  7.66it/s]Encoding documents (bs=32):  60%|██████    | 632/1053 [02:06<00:55,  7.60it/s]Encoding documents (bs=32):  60%|██████    | 633/1053 [02:06<00:55,  7.54it/s]Encoding documents (bs=32):  60%|██████    | 634/1053 [02:06<00:57,  7.28it/s]Encoding documents (bs=32):  60%|██████    | 635/1053 [02:06<00:57,  7.29it/s]Encoding documents (bs=32):  60%|██████    | 636/1053 [02:06<00:56,  7.34it/s]Encoding documents (bs=32):  60%|██████    | 637/1053 [02:06<00:53,  7.71it/s]Encoding documents (bs=32):  61%|██████    | 638/1053 [02:06<00:54,  7.68it/s]Encoding documents (bs=32):  61%|██████    | 639/1053 [02:07<00:52,  7.91it/s]Encoding documents (bs=32):  61%|██████    | 640/1053 [02:07<00:51,  8.00it/s]Encoding documents (bs=32):  61%|██████    | 641/1053 [02:07<00:52,  7.78it/s]Encoding documents (bs=32):  61%|██████    | 642/1053 [02:07<00:52,  7.89it/s]Encoding documents (bs=32):  61%|██████    | 643/1053 [02:07<00:53,  7.71it/s]Encoding documents (bs=32):  61%|██████    | 644/1053 [02:07<00:51,  7.88it/s]Encoding documents (bs=32):  61%|██████▏   | 645/1053 [02:07<00:50,  8.01it/s]Encoding documents (bs=32):  61%|██████▏   | 646/1053 [02:07<00:49,  8.23it/s]Encoding documents (bs=32):  61%|██████▏   | 647/1053 [02:08<00:50,  8.03it/s]Encoding documents (bs=32):  62%|██████▏   | 648/1053 [02:08<00:51,  7.79it/s]Encoding documents (bs=32):  62%|██████▏   | 649/1053 [02:08<00:50,  7.99it/s]Encoding documents (bs=32):  62%|██████▏   | 650/1053 [02:08<00:49,  8.12it/s]Encoding documents (bs=32):  62%|██████▏   | 651/1053 [02:08<00:50,  7.96it/s]Encoding documents (bs=32):  62%|██████▏   | 652/1053 [02:08<00:49,  8.07it/s]Encoding documents (bs=32):  62%|██████▏   | 653/1053 [02:08<00:51,  7.74it/s]Encoding documents (bs=32):  62%|██████▏   | 654/1053 [02:08<00:52,  7.65it/s]Encoding documents (bs=32):  62%|██████▏   | 655/1053 [02:09<00:50,  7.93it/s]Encoding documents (bs=32):  62%|██████▏   | 656/1053 [02:09<00:49,  8.07it/s]Encoding documents (bs=32):  62%|██████▏   | 657/1053 [02:09<00:52,  7.51it/s]Encoding documents (bs=32):  62%|██████▏   | 658/1053 [02:09<00:51,  7.74it/s]Encoding documents (bs=32):  63%|██████▎   | 659/1053 [02:09<00:51,  7.61it/s]Encoding documents (bs=32):  63%|██████▎   | 660/1053 [02:09<00:50,  7.77it/s]Encoding documents (bs=32):  63%|██████▎   | 661/1053 [02:09<00:50,  7.69it/s]Encoding documents (bs=32):  63%|██████▎   | 662/1053 [02:10<00:49,  7.86it/s]Encoding documents (bs=32):  63%|██████▎   | 663/1053 [02:10<00:48,  7.98it/s]Encoding documents (bs=32):  63%|██████▎   | 664/1053 [02:10<00:47,  8.12it/s]Encoding documents (bs=32):  63%|██████▎   | 665/1053 [02:10<00:47,  8.10it/s]Encoding documents (bs=32):  63%|██████▎   | 666/1053 [02:10<00:48,  7.93it/s]Encoding documents (bs=32):  63%|██████▎   | 667/1053 [02:10<00:47,  8.12it/s]Encoding documents (bs=32):  63%|██████▎   | 668/1053 [02:10<00:48,  8.00it/s]Encoding documents (bs=32):  64%|██████▎   | 669/1053 [02:10<00:47,  8.11it/s]Encoding documents (bs=32):  64%|██████▎   | 670/1053 [02:10<00:46,  8.22it/s]Encoding documents (bs=32):  64%|██████▎   | 671/1053 [02:11<00:45,  8.39it/s]Encoding documents (bs=32):  64%|██████▍   | 672/1053 [02:11<00:45,  8.44it/s]Encoding documents (bs=32):  64%|██████▍   | 673/1053 [02:11<00:44,  8.62it/s]Encoding documents (bs=32):  64%|██████▍   | 674/1053 [02:11<00:43,  8.66it/s]Encoding documents (bs=32):  64%|██████▍   | 675/1053 [02:11<00:44,  8.50it/s]Encoding documents (bs=32):  64%|██████▍   | 676/1053 [02:11<00:44,  8.47it/s]Encoding documents (bs=32):  64%|██████▍   | 677/1053 [02:11<00:46,  8.02it/s]Encoding documents (bs=32):  64%|██████▍   | 678/1053 [02:11<00:47,  7.83it/s]Encoding documents (bs=32):  64%|██████▍   | 679/1053 [02:12<00:48,  7.76it/s]Encoding documents (bs=32):  65%|██████▍   | 680/1053 [02:12<00:48,  7.70it/s]Encoding documents (bs=32):  65%|██████▍   | 681/1053 [02:12<00:46,  8.06it/s]Encoding documents (bs=32):  65%|██████▍   | 682/1053 [02:12<00:45,  8.24it/s]Encoding documents (bs=32):  65%|██████▍   | 683/1053 [02:12<00:46,  8.00it/s]Encoding documents (bs=32):  65%|██████▍   | 684/1053 [02:12<00:44,  8.21it/s]Encoding documents (bs=32):  65%|██████▌   | 685/1053 [02:12<00:45,  8.03it/s]Encoding documents (bs=32):  65%|██████▌   | 686/1053 [02:12<00:44,  8.24it/s]Encoding documents (bs=32):  65%|██████▌   | 687/1053 [02:13<00:44,  8.30it/s]Encoding documents (bs=32):  65%|██████▌   | 688/1053 [02:13<00:43,  8.45it/s]Encoding documents (bs=32):  65%|██████▌   | 689/1053 [02:13<00:43,  8.32it/s]Encoding documents (bs=32):  66%|██████▌   | 690/1053 [02:13<00:45,  7.94it/s]Encoding documents (bs=32):  66%|██████▌   | 691/1053 [02:13<00:44,  8.17it/s]Encoding documents (bs=32):  66%|██████▌   | 692/1053 [02:13<00:43,  8.39it/s]Encoding documents (bs=32):  66%|██████▌   | 693/1053 [02:13<00:46,  7.72it/s]Encoding documents (bs=32):  66%|██████▌   | 694/1053 [02:13<00:48,  7.43it/s]Encoding documents (bs=32):  66%|██████▌   | 695/1053 [02:14<00:46,  7.76it/s]Encoding documents (bs=32):  66%|██████▌   | 696/1053 [02:14<00:44,  8.02it/s]Encoding documents (bs=32):  66%|██████▌   | 697/1053 [02:14<00:44,  8.07it/s]Encoding documents (bs=32):  66%|██████▋   | 698/1053 [02:14<00:43,  8.13it/s]Encoding documents (bs=32):  66%|██████▋   | 699/1053 [02:14<00:46,  7.58it/s]Encoding documents (bs=32):  66%|██████▋   | 700/1053 [02:14<00:47,  7.47it/s]Encoding documents (bs=32):  67%|██████▋   | 701/1053 [02:14<00:44,  7.87it/s]Encoding documents (bs=32):  67%|██████▋   | 702/1053 [02:14<00:43,  8.00it/s]Encoding documents (bs=32):  67%|██████▋   | 703/1053 [02:15<00:45,  7.74it/s]Encoding documents (bs=32):  67%|██████▋   | 704/1053 [02:15<00:43,  8.06it/s]Encoding documents (bs=32):  67%|██████▋   | 705/1053 [02:15<00:44,  7.87it/s]Encoding documents (bs=32):  67%|██████▋   | 706/1053 [02:15<00:42,  8.11it/s]Encoding documents (bs=32):  67%|██████▋   | 707/1053 [02:15<00:41,  8.25it/s]Encoding documents (bs=32):  67%|██████▋   | 708/1053 [02:15<00:44,  7.81it/s]Encoding documents (bs=32):  67%|██████▋   | 709/1053 [02:15<00:42,  8.15it/s]Encoding documents (bs=32):  67%|██████▋   | 710/1053 [02:15<00:41,  8.29it/s]Encoding documents (bs=32):  68%|██████▊   | 711/1053 [02:16<00:43,  7.81it/s]Encoding documents (bs=32):  68%|██████▊   | 712/1053 [02:16<00:44,  7.59it/s]Encoding documents (bs=32):  68%|██████▊   | 713/1053 [02:16<00:42,  7.94it/s]Encoding documents (bs=32):  68%|██████▊   | 714/1053 [02:16<00:40,  8.27it/s]Encoding documents (bs=32):  68%|██████▊   | 715/1053 [02:16<00:40,  8.28it/s]Encoding documents (bs=32):  68%|██████▊   | 716/1053 [02:16<00:39,  8.54it/s]Encoding documents (bs=32):  68%|██████▊   | 717/1053 [02:16<00:38,  8.68it/s]Encoding documents (bs=32):  68%|██████▊   | 718/1053 [02:16<00:38,  8.69it/s]Encoding documents (bs=32):  68%|██████▊   | 719/1053 [02:17<00:42,  7.94it/s]Encoding documents (bs=32):  68%|██████▊   | 720/1053 [02:17<00:41,  8.08it/s]Encoding documents (bs=32):  68%|██████▊   | 721/1053 [02:17<00:40,  8.17it/s]Encoding documents (bs=32):  69%|██████▊   | 722/1053 [02:17<00:39,  8.37it/s]Encoding documents (bs=32):  69%|██████▊   | 723/1053 [02:17<00:37,  8.74it/s]Encoding documents (bs=32):  69%|██████▉   | 724/1053 [02:17<00:37,  8.81it/s]Encoding documents (bs=32):  69%|██████▉   | 725/1053 [02:17<00:37,  8.81it/s]Encoding documents (bs=32):  69%|██████▉   | 726/1053 [02:17<00:38,  8.41it/s]Encoding documents (bs=32):  69%|██████▉   | 727/1053 [02:17<00:37,  8.58it/s]Encoding documents (bs=32):  69%|██████▉   | 728/1053 [02:18<00:37,  8.69it/s]Encoding documents (bs=32):  69%|██████▉   | 729/1053 [02:18<00:40,  8.00it/s]Encoding documents (bs=32):  69%|██████▉   | 730/1053 [02:18<00:39,  8.25it/s]Encoding documents (bs=32):  69%|██████▉   | 731/1053 [02:18<00:38,  8.28it/s]Encoding documents (bs=32):  70%|██████▉   | 732/1053 [02:18<00:38,  8.41it/s]Encoding documents (bs=32):  70%|██████▉   | 733/1053 [02:18<00:36,  8.66it/s]Encoding documents (bs=32):  70%|██████▉   | 734/1053 [02:18<00:35,  8.89it/s]Encoding documents (bs=32):  70%|██████▉   | 735/1053 [02:18<00:35,  8.91it/s]Encoding documents (bs=32):  70%|██████▉   | 736/1053 [02:19<00:36,  8.74it/s]Encoding documents (bs=32):  70%|██████▉   | 737/1053 [02:19<00:35,  9.00it/s]Encoding documents (bs=32):  70%|███████   | 738/1053 [02:19<00:35,  8.99it/s]Encoding documents (bs=32):  70%|███████   | 739/1053 [02:19<00:34,  8.98it/s]Encoding documents (bs=32):  70%|███████   | 740/1053 [02:19<00:35,  8.90it/s]Encoding documents (bs=32):  70%|███████   | 741/1053 [02:19<00:34,  8.93it/s]Encoding documents (bs=32):  70%|███████   | 742/1053 [02:19<00:36,  8.49it/s]Encoding documents (bs=32):  71%|███████   | 743/1053 [02:19<00:35,  8.78it/s]Encoding documents (bs=32):  71%|███████   | 744/1053 [02:19<00:34,  8.97it/s]Encoding documents (bs=32):  71%|███████   | 745/1053 [02:20<00:34,  8.83it/s]Encoding documents (bs=32):  71%|███████   | 746/1053 [02:20<00:34,  8.93it/s]Encoding documents (bs=32):  71%|███████   | 747/1053 [02:20<00:34,  8.79it/s]Encoding documents (bs=32):  71%|███████   | 748/1053 [02:20<00:34,  8.84it/s]Encoding documents (bs=32):  71%|███████   | 749/1053 [02:20<00:34,  8.75it/s]Encoding documents (bs=32):  71%|███████   | 750/1053 [02:20<00:34,  8.79it/s]Encoding documents (bs=32):  71%|███████▏  | 751/1053 [02:20<00:33,  8.95it/s]Encoding documents (bs=32):  71%|███████▏  | 752/1053 [02:20<00:33,  9.12it/s]Encoding documents (bs=32):  72%|███████▏  | 753/1053 [02:20<00:32,  9.13it/s]Encoding documents (bs=32):  72%|███████▏  | 754/1053 [02:21<00:32,  9.11it/s]Encoding documents (bs=32):  72%|███████▏  | 755/1053 [02:21<00:32,  9.04it/s]Encoding documents (bs=32):  72%|███████▏  | 756/1053 [02:21<00:32,  9.17it/s]Encoding documents (bs=32):  72%|███████▏  | 757/1053 [02:21<00:34,  8.52it/s]Encoding documents (bs=32):  72%|███████▏  | 758/1053 [02:21<00:34,  8.63it/s]Encoding documents (bs=32):  72%|███████▏  | 759/1053 [02:21<00:33,  8.91it/s]Encoding documents (bs=32):  72%|███████▏  | 760/1053 [02:21<00:32,  9.09it/s]Encoding documents (bs=32):  72%|███████▏  | 761/1053 [02:21<00:34,  8.50it/s]Encoding documents (bs=32):  72%|███████▏  | 762/1053 [02:21<00:33,  8.60it/s]Encoding documents (bs=32):  72%|███████▏  | 763/1053 [02:22<00:33,  8.68it/s]Encoding documents (bs=32):  73%|███████▎  | 764/1053 [02:22<00:32,  8.80it/s]Encoding documents (bs=32):  73%|███████▎  | 765/1053 [02:22<00:32,  8.97it/s]Encoding documents (bs=32):  73%|███████▎  | 766/1053 [02:22<00:32,  8.94it/s]Encoding documents (bs=32):  73%|███████▎  | 767/1053 [02:22<00:31,  9.00it/s]Encoding documents (bs=32):  73%|███████▎  | 768/1053 [02:22<00:31,  8.94it/s]Encoding documents (bs=32):  73%|███████▎  | 769/1053 [02:22<00:30,  9.18it/s]Encoding documents (bs=32):  73%|███████▎  | 770/1053 [02:22<00:30,  9.13it/s]Encoding documents (bs=32):  73%|███████▎  | 771/1053 [02:22<00:31,  8.93it/s]Encoding documents (bs=32):  73%|███████▎  | 772/1053 [02:23<00:30,  9.08it/s]Encoding documents (bs=32):  73%|███████▎  | 773/1053 [02:23<00:32,  8.53it/s]Encoding documents (bs=32):  74%|███████▎  | 774/1053 [02:23<00:33,  8.23it/s]Encoding documents (bs=32):  74%|███████▎  | 775/1053 [02:23<00:32,  8.62it/s]Encoding documents (bs=32):  74%|███████▎  | 776/1053 [02:23<00:31,  8.85it/s]Encoding documents (bs=32):  74%|███████▍  | 777/1053 [02:23<00:30,  9.15it/s]Encoding documents (bs=32):  74%|███████▍  | 778/1053 [02:23<00:29,  9.22it/s]Encoding documents (bs=32):  74%|███████▍  | 779/1053 [02:23<00:29,  9.29it/s]Encoding documents (bs=32):  74%|███████▍  | 780/1053 [02:24<00:31,  8.56it/s]Encoding documents (bs=32):  74%|███████▍  | 781/1053 [02:24<00:31,  8.68it/s]Encoding documents (bs=32):  74%|███████▍  | 782/1053 [02:24<00:30,  8.82it/s]Encoding documents (bs=32):  74%|███████▍  | 783/1053 [02:24<00:29,  9.05it/s]Encoding documents (bs=32):  74%|███████▍  | 784/1053 [02:24<00:29,  9.00it/s]Encoding documents (bs=32):  75%|███████▍  | 785/1053 [02:24<00:30,  8.89it/s]Encoding documents (bs=32):  75%|███████▍  | 786/1053 [02:24<00:29,  9.14it/s]Encoding documents (bs=32):  75%|███████▍  | 787/1053 [02:24<00:28,  9.30it/s]Encoding documents (bs=32):  75%|███████▍  | 788/1053 [02:24<00:28,  9.45it/s]Encoding documents (bs=32):  75%|███████▍  | 789/1053 [02:24<00:28,  9.17it/s]Encoding documents (bs=32):  75%|███████▌  | 790/1053 [02:25<00:29,  8.93it/s]Encoding documents (bs=32):  75%|███████▌  | 791/1053 [02:25<00:29,  8.98it/s]Encoding documents (bs=32):  75%|███████▌  | 792/1053 [02:25<00:29,  8.86it/s]Encoding documents (bs=32):  75%|███████▌  | 793/1053 [02:25<00:29,  8.91it/s]Encoding documents (bs=32):  75%|███████▌  | 794/1053 [02:25<00:29,  8.88it/s]Encoding documents (bs=32):  75%|███████▌  | 795/1053 [02:25<00:29,  8.87it/s]Encoding documents (bs=32):  76%|███████▌  | 796/1053 [02:25<00:31,  8.18it/s]Encoding documents (bs=32):  76%|███████▌  | 798/1053 [02:26<00:28,  8.91it/s]Encoding documents (bs=32):  76%|███████▌  | 799/1053 [02:26<00:28,  8.88it/s]Encoding documents (bs=32):  76%|███████▌  | 800/1053 [02:26<00:27,  9.10it/s]Encoding documents (bs=32):  76%|███████▌  | 801/1053 [02:26<00:28,  8.98it/s]Encoding documents (bs=32):  76%|███████▌  | 802/1053 [02:26<00:27,  9.17it/s]Encoding documents (bs=32):  76%|███████▋  | 803/1053 [02:26<00:26,  9.33it/s]Encoding documents (bs=32):  76%|███████▋  | 804/1053 [02:26<00:26,  9.40it/s]Encoding documents (bs=32):  76%|███████▋  | 805/1053 [02:26<00:26,  9.19it/s]Encoding documents (bs=32):  77%|███████▋  | 806/1053 [02:26<00:26,  9.19it/s]Encoding documents (bs=32):  77%|███████▋  | 807/1053 [02:26<00:27,  8.91it/s]Encoding documents (bs=32):  77%|███████▋  | 809/1053 [02:27<00:25,  9.46it/s]Encoding documents (bs=32):  77%|███████▋  | 810/1053 [02:27<00:25,  9.48it/s]Encoding documents (bs=32):  77%|███████▋  | 812/1053 [02:27<00:25,  9.56it/s]Encoding documents (bs=32):  77%|███████▋  | 813/1053 [02:27<00:25,  9.32it/s]Encoding documents (bs=32):  77%|███████▋  | 814/1053 [02:27<00:25,  9.45it/s]Encoding documents (bs=32):  77%|███████▋  | 815/1053 [02:27<00:25,  9.35it/s]Encoding documents (bs=32):  77%|███████▋  | 816/1053 [02:27<00:25,  9.38it/s]Encoding documents (bs=32):  78%|███████▊  | 818/1053 [02:28<00:24,  9.53it/s]Encoding documents (bs=32):  78%|███████▊  | 819/1053 [02:28<00:24,  9.63it/s]Encoding documents (bs=32):  78%|███████▊  | 821/1053 [02:28<00:23,  9.83it/s]Encoding documents (bs=32):  78%|███████▊  | 822/1053 [02:28<00:23,  9.80it/s]Encoding documents (bs=32):  78%|███████▊  | 823/1053 [02:28<00:23,  9.72it/s]Encoding documents (bs=32):  78%|███████▊  | 825/1053 [02:28<00:22,  9.97it/s]Encoding documents (bs=32):  78%|███████▊  | 826/1053 [02:28<00:23,  9.83it/s]Encoding documents (bs=32):  79%|███████▊  | 828/1053 [02:29<00:22, 10.01it/s]Encoding documents (bs=32):  79%|███████▊  | 829/1053 [02:29<00:22,  9.97it/s]Encoding documents (bs=32):  79%|███████▉  | 830/1053 [02:29<00:22,  9.84it/s]Encoding documents (bs=32):  79%|███████▉  | 832/1053 [02:29<00:22,  9.88it/s]Encoding documents (bs=32):  79%|███████▉  | 833/1053 [02:29<00:22,  9.90it/s]Encoding documents (bs=32):  79%|███████▉  | 835/1053 [02:29<00:21, 10.01it/s]Encoding documents (bs=32):  79%|███████▉  | 837/1053 [02:30<00:21,  9.87it/s]Encoding documents (bs=32):  80%|███████▉  | 838/1053 [02:30<00:21,  9.87it/s]Encoding documents (bs=32):  80%|███████▉  | 840/1053 [02:30<00:22,  9.48it/s]Encoding documents (bs=32):  80%|███████▉  | 842/1053 [02:30<00:21,  9.63it/s]Encoding documents (bs=32):  80%|████████  | 844/1053 [02:30<00:21,  9.89it/s]Encoding documents (bs=32):  80%|████████  | 845/1053 [02:30<00:21,  9.86it/s]Encoding documents (bs=32):  80%|████████  | 846/1053 [02:30<00:21,  9.83it/s]Encoding documents (bs=32):  80%|████████  | 847/1053 [02:31<00:21,  9.66it/s]Encoding documents (bs=32):  81%|████████  | 849/1053 [02:31<00:20,  9.83it/s]Encoding documents (bs=32):  81%|████████  | 850/1053 [02:31<00:21,  9.63it/s]Encoding documents (bs=32):  81%|████████  | 852/1053 [02:31<00:20,  9.65it/s]Encoding documents (bs=32):  81%|████████  | 853/1053 [02:31<00:20,  9.66it/s]Encoding documents (bs=32):  81%|████████  | 855/1053 [02:31<00:19, 10.16it/s]Encoding documents (bs=32):  81%|████████▏ | 857/1053 [02:32<00:19, 10.02it/s]Encoding documents (bs=32):  82%|████████▏ | 859/1053 [02:32<00:19, 10.07it/s]Encoding documents (bs=32):  82%|████████▏ | 861/1053 [02:32<00:18, 10.29it/s]Encoding documents (bs=32):  82%|████████▏ | 863/1053 [02:32<00:18, 10.44it/s]Encoding documents (bs=32):  82%|████████▏ | 865/1053 [02:32<00:18, 10.43it/s]Encoding documents (bs=32):  82%|████████▏ | 867/1053 [02:33<00:17, 10.43it/s]Encoding documents (bs=32):  83%|████████▎ | 869/1053 [02:33<00:17, 10.34it/s]Encoding documents (bs=32):  83%|████████▎ | 871/1053 [02:33<00:17, 10.14it/s]Encoding documents (bs=32):  83%|████████▎ | 873/1053 [02:33<00:17, 10.18it/s]Encoding documents (bs=32):  83%|████████▎ | 875/1053 [02:33<00:17, 10.19it/s]Encoding documents (bs=32):  83%|████████▎ | 877/1053 [02:34<00:17, 10.26it/s]Encoding documents (bs=32):  83%|████████▎ | 879/1053 [02:34<00:16, 10.50it/s]Encoding documents (bs=32):  84%|████████▎ | 881/1053 [02:34<00:16, 10.40it/s]Encoding documents (bs=32):  84%|████████▍ | 883/1053 [02:34<00:15, 10.65it/s]Encoding documents (bs=32):  84%|████████▍ | 885/1053 [02:34<00:15, 10.92it/s]Encoding documents (bs=32):  84%|████████▍ | 887/1053 [02:34<00:15, 10.93it/s]Encoding documents (bs=32):  84%|████████▍ | 889/1053 [02:35<00:14, 11.17it/s]Encoding documents (bs=32):  85%|████████▍ | 891/1053 [02:35<00:14, 11.09it/s]Encoding documents (bs=32):  85%|████████▍ | 893/1053 [02:35<00:14, 11.03it/s]Encoding documents (bs=32):  85%|████████▍ | 895/1053 [02:35<00:14, 10.95it/s]Encoding documents (bs=32):  85%|████████▌ | 897/1053 [02:35<00:14, 10.83it/s]Encoding documents (bs=32):  85%|████████▌ | 899/1053 [02:36<00:14, 10.91it/s]Encoding documents (bs=32):  86%|████████▌ | 901/1053 [02:36<00:14, 10.75it/s]Encoding documents (bs=32):  86%|████████▌ | 903/1053 [02:36<00:13, 10.90it/s]Encoding documents (bs=32):  86%|████████▌ | 905/1053 [02:36<00:13, 11.01it/s]Encoding documents (bs=32):  86%|████████▌ | 907/1053 [02:36<00:12, 11.36it/s]Encoding documents (bs=32):  86%|████████▋ | 909/1053 [02:36<00:13, 10.96it/s]Encoding documents (bs=32):  87%|████████▋ | 911/1053 [02:37<00:12, 11.30it/s]Encoding documents (bs=32):  87%|████████▋ | 913/1053 [02:37<00:12, 11.17it/s]Encoding documents (bs=32):  87%|████████▋ | 915/1053 [02:37<00:12, 11.45it/s]Encoding documents (bs=32):  87%|████████▋ | 917/1053 [02:37<00:11, 11.50it/s]Encoding documents (bs=32):  87%|████████▋ | 919/1053 [02:37<00:11, 11.53it/s]Encoding documents (bs=32):  87%|████████▋ | 921/1053 [02:37<00:11, 11.41it/s]Encoding documents (bs=32):  88%|████████▊ | 923/1053 [02:38<00:11, 11.35it/s]Encoding documents (bs=32):  88%|████████▊ | 925/1053 [02:38<00:11, 11.60it/s]Encoding documents (bs=32):  88%|████████▊ | 927/1053 [02:38<00:10, 11.58it/s]Encoding documents (bs=32):  88%|████████▊ | 929/1053 [02:38<00:10, 12.04it/s]Encoding documents (bs=32):  88%|████████▊ | 931/1053 [02:38<00:10, 12.10it/s]Encoding documents (bs=32):  89%|████████▊ | 933/1053 [02:38<00:09, 12.18it/s]Encoding documents (bs=32):  89%|████████▉ | 935/1053 [02:39<00:09, 12.36it/s]Encoding documents (bs=32):  89%|████████▉ | 937/1053 [02:39<00:09, 12.03it/s]Encoding documents (bs=32):  89%|████████▉ | 939/1053 [02:39<00:09, 12.10it/s]Encoding documents (bs=32):  89%|████████▉ | 941/1053 [02:39<00:09, 12.05it/s]Encoding documents (bs=32):  90%|████████▉ | 943/1053 [02:39<00:09, 11.99it/s]Encoding documents (bs=32):  90%|████████▉ | 945/1053 [02:39<00:08, 12.18it/s]Encoding documents (bs=32):  90%|████████▉ | 947/1053 [02:40<00:08, 12.44it/s]Encoding documents (bs=32):  90%|█████████ | 949/1053 [02:40<00:08, 12.60it/s]Encoding documents (bs=32):  90%|█████████ | 951/1053 [02:40<00:08, 12.04it/s]Encoding documents (bs=32):  91%|█████████ | 953/1053 [02:40<00:07, 12.55it/s]Encoding documents (bs=32):  91%|█████████ | 955/1053 [02:40<00:07, 12.43it/s]Encoding documents (bs=32):  91%|█████████ | 957/1053 [02:40<00:08, 11.64it/s]Encoding documents (bs=32):  91%|█████████ | 959/1053 [02:41<00:07, 11.87it/s]Encoding documents (bs=32):  91%|█████████▏| 961/1053 [02:41<00:08, 11.03it/s]Encoding documents (bs=32):  91%|█████████▏| 963/1053 [02:41<00:07, 11.79it/s]Encoding documents (bs=32):  92%|█████████▏| 965/1053 [02:41<00:07, 11.19it/s]Encoding documents (bs=32):  92%|█████████▏| 967/1053 [02:41<00:07, 11.57it/s]Encoding documents (bs=32):  92%|█████████▏| 969/1053 [02:41<00:06, 12.29it/s]Encoding documents (bs=32):  92%|█████████▏| 971/1053 [02:42<00:06, 12.55it/s]Encoding documents (bs=32):  92%|█████████▏| 973/1053 [02:42<00:06, 12.98it/s]Encoding documents (bs=32):  93%|█████████▎| 975/1053 [02:42<00:05, 13.35it/s]Encoding documents (bs=32):  93%|█████████▎| 977/1053 [02:42<00:05, 13.69it/s]Encoding documents (bs=32):  93%|█████████▎| 979/1053 [02:42<00:05, 13.29it/s]Encoding documents (bs=32):  93%|█████████▎| 981/1053 [02:42<00:05, 13.73it/s]Encoding documents (bs=32):  93%|█████████▎| 983/1053 [02:42<00:05, 13.93it/s]Encoding documents (bs=32):  94%|█████████▎| 985/1053 [02:43<00:04, 14.11it/s]Encoding documents (bs=32):  94%|█████████▎| 987/1053 [02:43<00:04, 14.38it/s]Encoding documents (bs=32):  94%|█████████▍| 989/1053 [02:43<00:04, 14.60it/s]Encoding documents (bs=32):  94%|█████████▍| 991/1053 [02:43<00:04, 14.53it/s]Encoding documents (bs=32):  94%|█████████▍| 993/1053 [02:43<00:04, 14.54it/s]Encoding documents (bs=32):  94%|█████████▍| 995/1053 [02:43<00:03, 14.79it/s]Encoding documents (bs=32):  95%|█████████▍| 997/1053 [02:43<00:03, 15.11it/s]Encoding documents (bs=32):  95%|█████████▍| 999/1053 [02:44<00:03, 14.92it/s]Encoding documents (bs=32):  95%|█████████▌| 1001/1053 [02:44<00:03, 14.83it/s]Encoding documents (bs=32):  95%|█████████▌| 1003/1053 [02:44<00:03, 15.27it/s]Encoding documents (bs=32):  95%|█████████▌| 1005/1053 [02:44<00:03, 15.42it/s]Encoding documents (bs=32):  96%|█████████▌| 1007/1053 [02:44<00:02, 15.62it/s]Encoding documents (bs=32):  96%|█████████▌| 1009/1053 [02:44<00:02, 15.97it/s]Encoding documents (bs=32):  96%|█████████▌| 1011/1053 [02:44<00:02, 15.91it/s]Encoding documents (bs=32):  96%|█████████▌| 1013/1053 [02:44<00:02, 16.27it/s]Encoding documents (bs=32):  96%|█████████▋| 1015/1053 [02:45<00:02, 16.50it/s]Encoding documents (bs=32):  97%|█████████▋| 1017/1053 [02:45<00:02, 16.01it/s]Encoding documents (bs=32):  97%|█████████▋| 1019/1053 [02:45<00:02, 16.50it/s]Encoding documents (bs=32):  97%|█████████▋| 1021/1053 [02:45<00:01, 16.83it/s]Encoding documents (bs=32):  97%|█████████▋| 1023/1053 [02:45<00:01, 17.02it/s]Encoding documents (bs=32):  97%|█████████▋| 1025/1053 [02:45<00:01, 17.33it/s]Encoding documents (bs=32):  98%|█████████▊| 1027/1053 [02:45<00:01, 17.43it/s]Encoding documents (bs=32):  98%|█████████▊| 1029/1053 [02:45<00:01, 17.75it/s]Encoding documents (bs=32):  98%|█████████▊| 1031/1053 [02:45<00:01, 17.78it/s]Encoding documents (bs=32):  98%|█████████▊| 1033/1053 [02:46<00:01, 17.90it/s]Encoding documents (bs=32):  98%|█████████▊| 1036/1053 [02:46<00:00, 18.77it/s]Encoding documents (bs=32):  99%|█████████▊| 1039/1053 [02:46<00:00, 19.69it/s]Encoding documents (bs=32):  99%|█████████▉| 1042/1053 [02:46<00:00, 20.61it/s]Encoding documents (bs=32):  99%|█████████▉| 1045/1053 [02:46<00:00, 21.49it/s]Encoding documents (bs=32): 100%|█████████▉| 1048/1053 [02:46<00:00, 22.53it/s]Encoding documents (bs=32): 100%|█████████▉| 1051/1053 [02:46<00:00, 24.14it/s]Encoding documents (bs=32): 100%|██████████| 1053/1053 [02:46<00:00,  6.31it/s]
2026-08-11 09:05:02,964 INFO root: ✅ Index with FastPlaid backend.
2026-08-11 09:05:02,970 WARNING it_colbert.benchmark.retrievers: index backend failed (/home/enricollen/PROJECTS/it-colbert/.venv/lib/python3.11/site-packages/fast_plaid/fast_plaid_rust.cpython-311-x86_64-linux-gnu.so: undefined symbol: _ZN3c106detail14torchCheckFailEPKcS2_jRKNSt7__cxx1112basic_stringIcSt11char_traitsIcESaIcEEE); trying next
Adding documents to the index (bs=2000):   0%|          | 0/17 [00:00<?, ?it/s]Adding documents to the index (bs=2000):   6%|▌         | 1/17 [00:06<01:49,  6.82s/it]Adding documents to the index (bs=2000):  12%|█▏        | 2/17 [00:16<02:10,  8.68s/it]Adding documents to the index (bs=2000):  18%|█▊        | 3/17 [00:28<02:21, 10.12s/it]Adding documents to the index (bs=2000):  24%|██▎       | 4/17 [00:42<02:31, 11.66s/it]Adding documents to the index (bs=2000):  29%|██▉       | 5/17 [00:57<02:33, 12.79s/it]Adding documents to the index (bs=2000):  35%|███▌      | 6/17 [01:13<02:31, 13.80s/it]Adding documents to the index (bs=2000):  41%|████      | 7/17 [01:30<02:28, 14.83s/it]Adding documents to the index (bs=2000):  47%|████▋     | 8/17 [01:47<02:20, 15.64s/it]Adding documents to the index (bs=2000):  53%|█████▎    | 9/17 [02:04<02:09, 16.13s/it]Adding documents to the index (bs=2000):  59%|█████▉    | 10/17 [02:22<01:57, 16.76s/it]Adding documents to the index (bs=2000):  65%|██████▍   | 11/17 [02:41<01:43, 17.27s/it]Adding documents to the index (bs=2000):  71%|███████   | 12/17 [03:00<01:28, 17.73s/it]Adding documents to the index (bs=2000):  76%|███████▋  | 13/17 [03:20<01:14, 18.51s/it]Adding documents to the index (bs=2000):  82%|████████▏ | 14/17 [03:39<00:56, 18.79s/it]Adding documents to the index (bs=2000):  88%|████████▊ | 15/17 [03:59<00:38, 19.06s/it]Adding documents to the index (bs=2000):  94%|█████████▍| 16/17 [04:19<00:19, 19.26s/it]Adding documents to the index (bs=2000): 100%|██████████| 17/17 [04:36<00:00, 18.64s/it]Adding documents to the index (bs=2000): 100%|██████████| 17/17 [04:36<00:00, 16.26s/it]
Encoding queries (bs=32):   0%|          | 0/25 [00:00<?, ?it/s]Encoding queries (bs=32):   4%|▍         | 1/25 [00:00<00:06,  3.68it/s]Encoding queries (bs=32):   8%|▊         | 2/25 [00:00<00:04,  5.64it/s]Encoding queries (bs=32):  24%|██▍       | 6/25 [00:00<00:01, 16.40it/s]Encoding queries (bs=32):  44%|████▍     | 11/25 [00:00<00:00, 25.56it/s]Encoding queries (bs=32):  64%|██████▍   | 16/25 [00:00<00:00, 32.15it/s]Encoding queries (bs=32):  84%|████████▍ | 21/25 [00:00<00:00, 36.84it/s]Encoding queries (bs=32): 100%|██████████| 25/25 [00:00<00:00, 27.79it/s]
Retrieving documents (bs=50):   0%|          | 0/16 [00:00<?, ?it/s]Retrieving documents (bs=50):   6%|▋         | 1/16 [00:18<04:36, 18.41s/it]Retrieving documents (bs=50):  12%|█▎        | 2/16 [00:25<02:43, 11.65s/it]Retrieving documents (bs=50):  19%|█▉        | 3/16 [00:29<01:49,  8.42s/it]Retrieving documents (bs=50):  25%|██▌       | 4/16 [00:34<01:22,  6.90s/it]Retrieving documents (bs=50):  31%|███▏      | 5/16 [00:39<01:09,  6.34s/it]Retrieving documents (bs=50):  38%|███▊      | 6/16 [00:45<01:00,  6.02s/it]Retrieving documents (bs=50):  44%|████▍     | 7/16 [00:50<00:50,  5.65s/it]Retrieving documents (bs=50):  50%|█████     | 8/16 [00:54<00:43,  5.40s/it]Retrieving documents (bs=50):  56%|█████▋    | 9/16 [00:59<00:35,  5.14s/it]Retrieving documents (bs=50):  62%|██████▎   | 10/16 [01:04<00:30,  5.11s/it]Retrieving documents (bs=50):  69%|██████▉   | 11/16 [01:09<00:24,  4.94s/it]Retrieving documents (bs=50):  75%|███████▌  | 12/16 [01:14<00:19,  4.93s/it]Retrieving documents (bs=50):  81%|████████▏ | 13/16 [01:18<00:14,  4.81s/it]Retrieving documents (bs=50):  88%|████████▊ | 14/16 [01:23<00:09,  4.90s/it]Retrieving documents (bs=50):  94%|█████████▍| 15/16 [01:28<00:04,  4.83s/it]Retrieving documents (bs=50): 100%|██████████| 16/16 [01:32<00:00,  4.64s/it]Retrieving documents (bs=50): 100%|██████████| 16/16 [01:32<00:00,  5.78s/it]
2026-08-11 09:11:31,187 INFO it_colbert.benchmark.run: freed colbert index outputs/benchmark/indexes/miracl-ita_mlateon
2026-08-11 09:11:31,335 INFO it_colbert.benchmark.run: --- miracl-ita / ColBERT-XM ---
2026-08-11 09:11:31,346 INFO it_colbert.benchmark.retrievers: loading colbert model antoinelouis/colbert-xm
2026-08-11 09:11:31,348 INFO sentence_transformers.SentenceTransformer: Use pytorch device_name: cuda:0
2026-08-11 09:11:31,348 INFO sentence_transformers.SentenceTransformer: Load pretrained ColBERT: antoinelouis/colbert-xm
2026-08-11 09:11:32,058 INFO httpx: HTTP Request: HEAD https://huggingface.co/antoinelouis/colbert-xm/resolve/main/modules.json "HTTP/1.1 404 Not Found"
2026-08-11 09:11:32,059 WARNING pylate.models.colbert: No sentence-transformers model found with name antoinelouis/colbert-xm.
2026-08-11 09:11:32,330 INFO httpx: HTTP Request: HEAD https://huggingface.co/antoinelouis/colbert-xm/resolve/main/adapter_config.json "HTTP/1.1 404 Not Found"
2026-08-11 09:11:32,655 INFO httpx: HTTP Request: HEAD https://huggingface.co/antoinelouis/colbert-xm/resolve/main/config.json "HTTP/1.1 307 Temporary Redirect"
2026-08-11 09:11:32,792 INFO httpx: HTTP Request: HEAD https://huggingface.co/api/resolve-cache/models/antoinelouis/colbert-xm/960de711799d210957d18df59c14c59a439b608a/config.json "HTTP/1.1 200 OK"
Loading weights:   0%|          | 0/4087 [00:00<?, ?it/s]Loading weights:   4%|▍         | 157/4087 [00:00<00:02, 1566.11it/s]Loading weights:   8%|▊         | 314/4087 [00:00<00:02, 1478.50it/s]Loading weights:  11%|█▏        | 463/4087 [00:00<00:02, 1447.03it/s]Loading weights:  15%|█▌        | 621/4087 [00:00<00:02, 1494.80it/s]Loading weights:  19%|█▉        | 771/4087 [00:00<00:02, 1480.93it/s]Loading weights:  23%|██▎       | 920/4087 [00:00<00:02, 1465.27it/s]Loading weights:  26%|██▌       | 1067/4087 [00:00<00:02, 1427.59it/s]Loading weights:  30%|██▉       | 1210/4087 [00:00<00:02, 1389.20it/s]Loading weights:  33%|███▎      | 1356/4087 [00:00<00:01, 1409.47it/s]Loading weights:  37%|███▋      | 1500/4087 [00:01<00:01, 1417.99it/s]Loading weights:  40%|████      | 1642/4087 [00:01<00:01, 1375.46it/s]Loading weights:  44%|████▎     | 1785/4087 [00:01<00:01, 1390.37it/s]Loading weights:  47%|████▋     | 1938/4087 [00:01<00:01, 1425.78it/s]Loading weights: 100%|██████████| 4087/4087 [00:01<00:00, 2874.15it/s]
[1mXmodModel LOAD REPORT[0m from: antoinelouis/colbert-xm
Key           | Status     |  | 
--------------+------------+--+-
linear.weight | UNEXPECTED |  | 

[3mNotes:
- UNEXPECTED[3m	:can be ignored when loading from different task/architecture; not ok if you expect identical arch.[0m
2026-08-11 09:11:35,167 INFO httpx: HTTP Request: HEAD https://huggingface.co/antoinelouis/colbert-xm/resolve/main/config.json "HTTP/1.1 307 Temporary Redirect"
2026-08-11 09:11:35,270 INFO httpx: HTTP Request: HEAD https://huggingface.co/api/resolve-cache/models/antoinelouis/colbert-xm/960de711799d210957d18df59c14c59a439b608a/config.json "HTTP/1.1 200 OK"
2026-08-11 09:11:35,555 INFO httpx: HTTP Request: HEAD https://huggingface.co/antoinelouis/colbert-xm/resolve/main/tokenizer_config.json "HTTP/1.1 307 Temporary Redirect"
2026-08-11 09:11:35,651 INFO httpx: HTTP Request: HEAD https://huggingface.co/api/resolve-cache/models/antoinelouis/colbert-xm/960de711799d210957d18df59c14c59a439b608a/tokenizer_config.json "HTTP/1.1 200 OK"
2026-08-11 09:11:35,933 INFO httpx: HTTP Request: GET https://huggingface.co/api/models/antoinelouis/colbert-xm/tree/main/additional_chat_templates?recursive=false&expand=false "HTTP/1.1 404 Not Found"
2026-08-11 09:11:36,285 INFO httpx: HTTP Request: GET https://huggingface.co/api/models/antoinelouis/colbert-xm/tree/main?recursive=true&expand=false "HTTP/1.1 200 OK"
2026-08-11 09:11:38,198 INFO httpx: HTTP Request: GET https://huggingface.co/api/models/antoinelouis/colbert-xm "HTTP/1.1 200 OK"
2026-08-11 09:11:38,514 INFO httpx: HTTP Request: GET https://huggingface.co/api/models/antoinelouis/colbert-xm "HTTP/1.1 200 OK"
2026-08-11 09:11:42,102 INFO httpx: HTTP Request: HEAD https://huggingface.co/antoinelouis/colbert-xm/resolve/main/model.safetensors "HTTP/1.1 302 Found"
2026-08-11 09:11:42,110 INFO pylate.models.colbert: Loaded the weights from Stanford NLP model.
2026-08-11 09:11:42,377 INFO httpx: HTTP Request: HEAD https://huggingface.co/antoinelouis/colbert-xm/resolve/main/artifact.metadata "HTTP/1.1 307 Temporary Redirect"
2026-08-11 09:11:42,483 INFO httpx: HTTP Request: HEAD https://huggingface.co/api/resolve-cache/models/antoinelouis/colbert-xm/960de711799d210957d18df59c14c59a439b608a/artifact.metadata "HTTP/1.1 200 OK"
2026-08-11 09:11:42,484 INFO pylate.models.colbert: Loaded the configuration from Stanford NLP model.
The new embeddings will be initialized from a multivariate normal distribution that has old embeddings' mean and covariance. As described in this article: https://nlp.stanford.edu/~johnhew/vocab-expansion.html. To disable this, use `mean_resizing=False`
2026-08-11 09:11:42,912 WARNING it_colbert.benchmark.retrievers: language=it_IT requested but model has no set_default_language
2026-08-11 09:11:42,913 INFO it_colbert.benchmark.retrievers: encoding 33689 documents with colbert (bruteforce=False)
Encoding documents (bs=32):   0%|          | 0/1053 [00:00<?, ?it/s]Encoding documents (bs=32):   0%|          | 1/1053 [00:00<07:44,  2.26it/s]Encoding documents (bs=32):   0%|          | 2/1053 [00:00<07:02,  2.49it/s]Encoding documents (bs=32):   0%|          | 3/1053 [00:01<07:00,  2.50it/s]Encoding documents (bs=32):   0%|          | 4/1053 [00:01<07:03,  2.48it/s]Encoding documents (bs=32):   0%|          | 5/1053 [00:02<07:14,  2.41it/s]Encoding documents (bs=32):   1%|          | 6/1053 [00:02<07:02,  2.48it/s]Encoding documents (bs=32):   1%|          | 7/1053 [00:02<06:55,  2.51it/s]Encoding documents (bs=32):   1%|          | 8/1053 [00:03<06:54,  2.52it/s]Encoding documents (bs=32):   1%|          | 9/1053 [00:03<06:58,  2.49it/s]Encoding documents (bs=32):   1%|          | 10/1053 [00:04<06:59,  2.49it/s]Encoding documents (bs=32):   1%|          | 11/1053 [00:04<06:51,  2.53it/s]Encoding documents (bs=32):   1%|          | 12/1053 [00:04<06:48,  2.55it/s]Encoding documents (bs=32):   1%|          | 13/1053 [00:05<06:49,  2.54it/s]Encoding documents (bs=32):   1%|▏         | 14/1053 [00:05<06:44,  2.57it/s]Encoding documents (bs=32):   1%|▏         | 15/1053 [00:05<06:45,  2.56it/s]Encoding documents (bs=32):   2%|▏         | 16/1053 [00:06<06:40,  2.59it/s]Encoding documents (bs=32):   2%|▏         | 17/1053 [00:06<06:41,  2.58it/s]Encoding documents (bs=32):   2%|▏         | 18/1053 [00:07<06:43,  2.56it/s]Encoding documents (bs=32):   2%|▏         | 19/1053 [00:07<06:51,  2.51it/s]Encoding documents (bs=32):   2%|▏         | 20/1053 [00:07<06:57,  2.47it/s]Encoding documents (bs=32):   2%|▏         | 21/1053 [00:08<07:03,  2.44it/s]Encoding documents (bs=32):   2%|▏         | 22/1053 [00:08<06:55,  2.48it/s]Encoding documents (bs=32):   2%|▏         | 23/1053 [00:09<06:54,  2.48it/s]Encoding documents (bs=32):   2%|▏         | 24/1053 [00:09<06:57,  2.46it/s]Encoding documents (bs=32):   2%|▏         | 25/1053 [00:10<06:59,  2.45it/s]Encoding documents (bs=32):   2%|▏         | 26/1053 [00:10<07:10,  2.39it/s]Encoding documents (bs=32):   3%|▎         | 27/1053 [00:10<07:08,  2.39it/s]Encoding documents (bs=32):   3%|▎         | 28/1053 [00:11<07:09,  2.38it/s]Encoding documents (bs=32):   3%|▎         | 29/1053 [00:11<07:09,  2.39it/s]Encoding documents (bs=32):   3%|▎         | 30/1053 [00:12<07:13,  2.36it/s]Encoding documents (bs=32):   3%|▎         | 31/1053 [00:12<07:13,  2.36it/s]Encoding documents (bs=32):   3%|▎         | 32/1053 [00:12<07:09,  2.38it/s]Encoding documents (bs=32):   3%|▎         | 33/1053 [00:13<07:09,  2.37it/s]Encoding documents (bs=32):   3%|▎         | 34/1053 [00:13<07:08,  2.38it/s]Encoding documents (bs=32):   3%|▎         | 35/1053 [00:14<07:05,  2.39it/s]Encoding documents (bs=32):   3%|▎         | 36/1053 [00:14<07:13,  2.35it/s]Encoding documents (bs=32):   4%|▎         | 37/1053 [00:15<07:15,  2.33it/s]Encoding documents (bs=32):   4%|▎         | 38/1053 [00:15<07:17,  2.32it/s]Encoding documents (bs=32):   4%|▎         | 39/1053 [00:15<07:07,  2.37it/s]Encoding documents (bs=32):   4%|▍         | 40/1053 [00:16<07:00,  2.41it/s]Encoding documents (bs=32):   4%|▍         | 41/1053 [00:16<06:54,  2.44it/s]Encoding documents (bs=32):   4%|▍         | 42/1053 [00:17<06:51,  2.45it/s]Encoding documents (bs=32):   4%|▍         | 43/1053 [00:17<06:45,  2.49it/s]Encoding documents (bs=32):   4%|▍         | 44/1053 [00:17<06:43,  2.50it/s]Encoding documents (bs=32):   4%|▍         | 45/1053 [00:18<06:43,  2.50it/s]Encoding documents (bs=32):   4%|▍         | 46/1053 [00:18<06:30,  2.58it/s]Encoding documents (bs=32):   4%|▍         | 47/1053 [00:19<06:33,  2.56it/s]Encoding documents (bs=32):   5%|▍         | 48/1053 [00:19<06:29,  2.58it/s]Encoding documents (bs=32):   5%|▍         | 49/1053 [00:19<06:38,  2.52it/s]Encoding documents (bs=32):   5%|▍         | 50/1053 [00:20<06:38,  2.52it/s]Encoding documents (bs=32):   5%|▍         | 51/1053 [00:20<06:40,  2.50it/s]Encoding documents (bs=32):   5%|▍         | 52/1053 [00:21<06:41,  2.49it/s]Encoding documents (bs=32):   5%|▌         | 53/1053 [00:21<06:39,  2.50it/s]Encoding documents (bs=32):   5%|▌         | 54/1053 [00:21<06:40,  2.49it/s]Encoding documents (bs=32):   5%|▌         | 55/1053 [00:22<06:31,  2.55it/s]Encoding documents (bs=32):   5%|▌         | 56/1053 [00:22<06:34,  2.53it/s]Encoding documents (bs=32):   5%|▌         | 57/1053 [00:23<06:36,  2.51it/s]Encoding documents (bs=32):   6%|▌         | 58/1053 [00:23<06:35,  2.52it/s]Encoding documents (bs=32):   6%|▌         | 59/1053 [00:23<06:34,  2.52it/s]Encoding documents (bs=32):   6%|▌         | 60/1053 [00:24<06:22,  2.60it/s]Encoding documents (bs=32):   6%|▌         | 61/1053 [00:24<06:16,  2.64it/s]Encoding documents (bs=32):   6%|▌         | 62/1053 [00:24<06:03,  2.72it/s]Encoding documents (bs=32):   6%|▌         | 63/1053 [00:25<06:03,  2.73it/s]Encoding documents (bs=32):   6%|▌         | 64/1053 [00:25<06:03,  2.72it/s]Encoding documents (bs=32):   6%|▌         | 65/1053 [00:26<06:02,  2.73it/s]Encoding documents (bs=32):   6%|▋         | 66/1053 [00:26<06:05,  2.70it/s]Encoding documents (bs=32):   6%|▋         | 67/1053 [00:26<06:00,  2.73it/s]Encoding documents (bs=32):   6%|▋         | 68/1053 [00:27<06:05,  2.70it/s]Encoding documents (bs=32):   7%|▋         | 69/1053 [00:27<06:05,  2.69it/s]Encoding documents (bs=32):   7%|▋         | 70/1053 [00:27<05:58,  2.74it/s]Encoding documents (bs=32):   7%|▋         | 71/1053 [00:28<05:57,  2.75it/s]Encoding documents (bs=32):   7%|▋         | 72/1053 [00:28<05:54,  2.77it/s]Encoding documents (bs=32):   7%|▋         | 73/1053 [00:28<05:46,  2.83it/s]Encoding documents (bs=32):   7%|▋         | 74/1053 [00:29<05:49,  2.80it/s]Encoding documents (bs=32):   7%|▋         | 75/1053 [00:29<05:49,  2.80it/s]Encoding documents (bs=32):   7%|▋         | 76/1053 [00:30<05:53,  2.77it/s]Encoding documents (bs=32):   7%|▋         | 77/1053 [00:30<05:56,  2.74it/s]Encoding documents (bs=32):   7%|▋         | 78/1053 [00:30<05:56,  2.74it/s]Encoding documents (bs=32):   8%|▊         | 79/1053 [00:31<05:48,  2.80it/s]Encoding documents (bs=32):   8%|▊         | 80/1053 [00:31<05:47,  2.80it/s]Encoding documents (bs=32):   8%|▊         | 81/1053 [00:31<05:44,  2.82it/s]Encoding documents (bs=32):   8%|▊         | 82/1053 [00:32<05:46,  2.81it/s]Encoding documents (bs=32):   8%|▊         | 83/1053 [00:32<05:48,  2.79it/s]Encoding documents (bs=32):   8%|▊         | 84/1053 [00:32<05:44,  2.81it/s]Encoding documents (bs=32):   8%|▊         | 85/1053 [00:33<05:39,  2.85it/s]Encoding documents (bs=32):   8%|▊         | 86/1053 [00:33<05:42,  2.82it/s]Encoding documents (bs=32):   8%|▊         | 87/1053 [00:33<05:46,  2.79it/s]Encoding documents (bs=32):   8%|▊         | 88/1053 [00:34<05:42,  2.82it/s]Encoding documents (bs=32):   8%|▊         | 89/1053 [00:34<05:39,  2.84it/s]Encoding documents (bs=32):   9%|▊         | 90/1053 [00:34<05:40,  2.83it/s]Encoding documents (bs=32):   9%|▊         | 91/1053 [00:35<05:41,  2.81it/s]Encoding documents (bs=32):   9%|▊         | 92/1053 [00:35<05:36,  2.86it/s]Encoding documents (bs=32):   9%|▉         | 93/1053 [00:36<05:39,  2.83it/s]Encoding documents (bs=32):   9%|▉         | 94/1053 [00:36<05:34,  2.87it/s]Encoding documents (bs=32):   9%|▉         | 95/1053 [00:36<05:26,  2.93it/s]Encoding documents (bs=32):   9%|▉         | 96/1053 [00:37<05:22,  2.96it/s]Encoding documents (bs=32):   9%|▉         | 97/1053 [00:37<05:23,  2.96it/s]Encoding documents (bs=32):   9%|▉         | 98/1053 [00:37<05:27,  2.91it/s]Encoding documents (bs=32):   9%|▉         | 99/1053 [00:38<05:23,  2.95it/s]Encoding documents (bs=32):   9%|▉         | 100/1053 [00:38<05:23,  2.94it/s]Encoding documents (bs=32):  10%|▉         | 101/1053 [00:38<05:30,  2.88it/s]Encoding documents (bs=32):  10%|▉         | 102/1053 [00:39<05:26,  2.92it/s]Encoding documents (bs=32):  10%|▉         | 103/1053 [00:39<05:29,  2.88it/s]Encoding documents (bs=32):  10%|▉         | 104/1053 [00:39<05:23,  2.93it/s]Encoding documents (bs=32):  10%|▉         | 105/1053 [00:40<05:18,  2.98it/s]Encoding documents (bs=32):  10%|█         | 106/1053 [00:40<05:20,  2.96it/s]Encoding documents (bs=32):  10%|█         | 107/1053 [00:40<05:11,  3.03it/s]Encoding documents (bs=32):  10%|█         | 108/1053 [00:41<05:03,  3.11it/s]Encoding documents (bs=32):  10%|█         | 109/1053 [00:41<05:11,  3.03it/s]Encoding documents (bs=32):  10%|█         | 110/1053 [00:41<05:11,  3.02it/s]Encoding documents (bs=32):  11%|█         | 111/1053 [00:42<05:17,  2.97it/s]Encoding documents (bs=32):  11%|█         | 112/1053 [00:42<05:10,  3.03it/s]Encoding documents (bs=32):  11%|█         | 113/1053 [00:42<05:13,  3.00it/s]Encoding documents (bs=32):  11%|█         | 114/1053 [00:43<05:08,  3.04it/s]Encoding documents (bs=32):  11%|█         | 115/1053 [00:43<05:11,  3.02it/s]Encoding documents (bs=32):  11%|█         | 116/1053 [00:43<05:08,  3.04it/s]Encoding documents (bs=32):  11%|█         | 117/1053 [00:44<05:09,  3.02it/s]Encoding documents (bs=32):  11%|█         | 118/1053 [00:44<05:12,  2.99it/s]Encoding documents (bs=32):  11%|█▏        | 119/1053 [00:44<05:08,  3.02it/s]Encoding documents (bs=32):  11%|█▏        | 120/1053 [00:45<05:02,  3.09it/s]Encoding documents (bs=32):  11%|█▏        | 121/1053 [00:45<04:59,  3.11it/s]Encoding documents (bs=32):  12%|█▏        | 122/1053 [00:45<05:03,  3.07it/s]Encoding documents (bs=32):  12%|█▏        | 123/1053 [00:46<04:58,  3.12it/s]Encoding documents (bs=32):  12%|█▏        | 124/1053 [00:46<04:55,  3.15it/s]Encoding documents (bs=32):  12%|█▏        | 125/1053 [00:46<04:52,  3.17it/s]Encoding documents (bs=32):  12%|█▏        | 126/1053 [00:46<04:51,  3.18it/s]Encoding documents (bs=32):  12%|█▏        | 127/1053 [00:47<04:49,  3.20it/s]Encoding documents (bs=32):  12%|█▏        | 128/1053 [00:47<04:48,  3.21it/s]Encoding documents (bs=32):  12%|█▏        | 129/1053 [00:47<04:49,  3.20it/s]Encoding documents (bs=32):  12%|█▏        | 130/1053 [00:48<04:48,  3.20it/s]Encoding documents (bs=32):  12%|█▏        | 131/1053 [00:48<04:46,  3.21it/s]Encoding documents (bs=32):  13%|█▎        | 132/1053 [00:48<04:48,  3.19it/s]Encoding documents (bs=32):  13%|█▎        | 133/1053 [00:49<04:43,  3.24it/s]Encoding documents (bs=32):  13%|█▎        | 134/1053 [00:49<04:44,  3.23it/s]Encoding documents (bs=32):  13%|█▎        | 135/1053 [00:49<04:41,  3.26it/s]Encoding documents (bs=32):  13%|█▎        | 136/1053 [00:50<04:39,  3.28it/s]Encoding documents (bs=32):  13%|█▎        | 137/1053 [00:50<04:40,  3.27it/s]Encoding documents (bs=32):  13%|█▎        | 138/1053 [00:50<04:40,  3.26it/s]Encoding documents (bs=32):  13%|█▎        | 139/1053 [00:50<04:54,  3.10it/s]Encoding documents (bs=32):  13%|█▎        | 140/1053 [00:51<04:58,  3.06it/s]Encoding documents (bs=32):  13%|█▎        | 141/1053 [00:51<04:59,  3.05it/s]Encoding documents (bs=32):  13%|█▎        | 142/1053 [00:51<05:01,  3.02it/s]Encoding documents (bs=32):  14%|█▎        | 143/1053 [00:52<04:56,  3.06it/s]Encoding documents (bs=32):  14%|█▎        | 144/1053 [00:52<04:59,  3.04it/s]Encoding documents (bs=32):  14%|█▍        | 145/1053 [00:52<05:03,  2.99it/s]Encoding documents (bs=32):  14%|█▍        | 146/1053 [00:53<05:02,  3.00it/s]Encoding documents (bs=32):  14%|█▍        | 147/1053 [00:53<04:56,  3.05it/s]Encoding documents (bs=32):  14%|█▍        | 148/1053 [00:53<04:54,  3.07it/s]Encoding documents (bs=32):  14%|█▍        | 149/1053 [00:54<04:56,  3.05it/s]Encoding documents (bs=32):  14%|█▍        | 150/1053 [00:54<04:58,  3.02it/s]Encoding documents (bs=32):  14%|█▍        | 151/1053 [00:54<04:55,  3.05it/s]Encoding documents (bs=32):  14%|█▍        | 152/1053 [00:55<04:56,  3.03it/s]Encoding documents (bs=32):  15%|█▍        | 153/1053 [00:55<04:57,  3.03it/s]Encoding documents (bs=32):  15%|█▍        | 154/1053 [00:55<04:57,  3.02it/s]Encoding documents (bs=32):  15%|█▍        | 155/1053 [00:56<04:54,  3.05it/s]Encoding documents (bs=32):  15%|█▍        | 156/1053 [00:56<05:00,  2.99it/s]Encoding documents (bs=32):  15%|█▍        | 157/1053 [00:56<04:55,  3.03it/s]Encoding documents (bs=32):  15%|█▌        | 158/1053 [00:57<04:53,  3.05it/s]Encoding documents (bs=32):  15%|█▌        | 159/1053 [00:57<04:58,  3.00it/s]Encoding documents (bs=32):  15%|█▌        | 160/1053 [00:57<04:57,  3.00it/s]Encoding documents (bs=32):  15%|█▌        | 161/1053 [00:58<05:02,  2.95it/s]Encoding documents (bs=32):  15%|█▌        | 162/1053 [00:58<04:54,  3.03it/s]Encoding documents (bs=32):  15%|█▌        | 163/1053 [00:58<04:57,  2.99it/s]Encoding documents (bs=32):  16%|█▌        | 164/1053 [00:59<04:56,  2.99it/s]Encoding documents (bs=32):  16%|█▌        | 165/1053 [00:59<04:58,  2.98it/s]Encoding documents (bs=32):  16%|█▌        | 166/1053 [00:59<05:03,  2.92it/s]Encoding documents (bs=32):  16%|█▌        | 167/1053 [01:00<04:56,  2.98it/s]Encoding documents (bs=32):  16%|█▌        | 168/1053 [01:00<04:51,  3.03it/s]Encoding documents (bs=32):  16%|█▌        | 169/1053 [01:00<04:55,  2.99it/s]Encoding documents (bs=32):  16%|█▌        | 170/1053 [01:01<04:52,  3.02it/s]Encoding documents (bs=32):  16%|█▌        | 171/1053 [01:01<04:49,  3.05it/s]Encoding documents (bs=32):  16%|█▋        | 172/1053 [01:01<04:45,  3.08it/s]Encoding documents (bs=32):  16%|█▋        | 173/1053 [01:02<04:46,  3.08it/s]Encoding documents (bs=32):  17%|█▋        | 174/1053 [01:02<04:47,  3.06it/s]Encoding documents (bs=32):  17%|█▋        | 175/1053 [01:02<04:50,  3.02it/s]Encoding documents (bs=32):  17%|█▋        | 176/1053 [01:03<04:43,  3.09it/s]Encoding documents (bs=32):  17%|█▋        | 177/1053 [01:03<04:38,  3.14it/s]Encoding documents (bs=32):  17%|█▋        | 178/1053 [01:03<04:43,  3.08it/s]Encoding documents (bs=32):  17%|█▋        | 179/1053 [01:04<04:43,  3.09it/s]Encoding documents (bs=32):  17%|█▋        | 180/1053 [01:04<04:43,  3.08it/s]Encoding documents (bs=32):  17%|█▋        | 181/1053 [01:04<04:45,  3.05it/s]Encoding documents (bs=32):  17%|█▋        | 182/1053 [01:05<04:47,  3.03it/s]Encoding documents (bs=32):  17%|█▋        | 183/1053 [01:05<04:47,  3.03it/s]Encoding documents (bs=32):  17%|█▋        | 184/1053 [01:05<04:56,  2.93it/s]Encoding documents (bs=32):  18%|█▊        | 185/1053 [01:06<04:59,  2.90it/s]Encoding documents (bs=32):  18%|█▊        | 186/1053 [01:06<04:50,  2.99it/s]Encoding documents (bs=32):  18%|█▊        | 187/1053 [01:06<04:59,  2.90it/s]Encoding documents (bs=32):  18%|█▊        | 188/1053 [01:07<04:59,  2.89it/s]Encoding documents (bs=32):  18%|█▊        | 189/1053 [01:07<05:02,  2.85it/s]Encoding documents (bs=32):  18%|█▊        | 190/1053 [01:07<04:54,  2.93it/s]Encoding documents (bs=32):  18%|█▊        | 191/1053 [01:08<04:50,  2.97it/s]Encoding documents (bs=32):  18%|█▊        | 192/1053 [01:08<04:55,  2.91it/s]Encoding documents (bs=32):  18%|█▊        | 193/1053 [01:08<04:56,  2.90it/s]Encoding documents (bs=32):  18%|█▊        | 194/1053 [01:09<04:51,  2.94it/s]Encoding documents (bs=32):  19%|█▊        | 195/1053 [01:09<04:45,  3.00it/s]Encoding documents (bs=32):  19%|█▊        | 196/1053 [01:09<04:49,  2.96it/s]Encoding documents (bs=32):  19%|█▊        | 197/1053 [01:10<04:49,  2.96it/s]Encoding documents (bs=32):  19%|█▉        | 198/1053 [01:10<04:52,  2.93it/s]Encoding documents (bs=32):  19%|█▉        | 199/1053 [01:10<04:44,  3.00it/s]Encoding documents (bs=32):  19%|█▉        | 200/1053 [01:11<04:40,  3.04it/s]Encoding documents (bs=32):  19%|█▉        | 201/1053 [01:11<04:38,  3.06it/s]Encoding documents (bs=32):  19%|█▉        | 202/1053 [01:11<04:32,  3.12it/s]Encoding documents (bs=32):  19%|█▉        | 203/1053 [01:12<04:32,  3.12it/s]Encoding documents (bs=32):  19%|█▉        | 204/1053 [01:12<04:28,  3.16it/s]Encoding documents (bs=32):  19%|█▉        | 205/1053 [01:12<04:28,  3.16it/s]Encoding documents (bs=32):  20%|█▉        | 206/1053 [01:13<04:39,  3.03it/s]Encoding documents (bs=32):  20%|█▉        | 207/1053 [01:13<04:33,  3.09it/s]Encoding documents (bs=32):  20%|█▉        | 208/1053 [01:13<04:27,  3.16it/s]Encoding documents (bs=32):  20%|█▉        | 209/1053 [01:14<04:32,  3.10it/s]Encoding documents (bs=32):  20%|█▉        | 210/1053 [01:14<04:36,  3.05it/s]Encoding documents (bs=32):  20%|██        | 211/1053 [01:14<04:34,  3.07it/s]Encoding documents (bs=32):  20%|██        | 212/1053 [01:15<04:36,  3.04it/s]Encoding documents (bs=32):  20%|██        | 213/1053 [01:15<04:38,  3.02it/s]Encoding documents (bs=32):  20%|██        | 214/1053 [01:15<04:39,  3.00it/s]Encoding documents (bs=32):  20%|██        | 215/1053 [01:16<04:39,  3.00it/s]Encoding documents (bs=32):  21%|██        | 216/1053 [01:16<04:36,  3.03it/s]Encoding documents (bs=32):  21%|██        | 217/1053 [01:16<04:40,  2.98it/s]Encoding documents (bs=32):  21%|██        | 218/1053 [01:17<04:41,  2.97it/s]Encoding documents (bs=32):  21%|██        | 219/1053 [01:17<04:42,  2.95it/s]Encoding documents (bs=32):  21%|██        | 220/1053 [01:17<04:41,  2.96it/s]Encoding documents (bs=32):  21%|██        | 221/1053 [01:18<04:41,  2.96it/s]Encoding documents (bs=32):  21%|██        | 222/1053 [01:18<04:41,  2.95it/s]Encoding documents (bs=32):  21%|██        | 223/1053 [01:18<04:40,  2.95it/s]Encoding documents (bs=32):  21%|██▏       | 224/1053 [01:19<04:45,  2.90it/s]Encoding documents (bs=32):  21%|██▏       | 225/1053 [01:19<04:46,  2.89it/s]Encoding documents (bs=32):  21%|██▏       | 226/1053 [01:19<04:43,  2.92it/s]Encoding documents (bs=32):  22%|██▏       | 227/1053 [01:20<04:42,  2.93it/s]Encoding documents (bs=32):  22%|██▏       | 228/1053 [01:20<04:34,  3.01it/s]Encoding documents (bs=32):  22%|██▏       | 229/1053 [01:20<04:18,  3.19it/s]Encoding documents (bs=32):  22%|██▏       | 230/1053 [01:21<04:07,  3.32it/s]Encoding documents (bs=32):  22%|██▏       | 231/1053 [01:21<04:00,  3.42it/s]Encoding documents (bs=32):  22%|██▏       | 232/1053 [01:21<03:53,  3.51it/s]Encoding documents (bs=32):  22%|██▏       | 233/1053 [01:21<03:58,  3.43it/s]Encoding documents (bs=32):  22%|██▏       | 234/1053 [01:22<04:04,  3.36it/s]Encoding documents (bs=32):  22%|██▏       | 235/1053 [01:22<04:03,  3.35it/s]Encoding documents (bs=32):  22%|██▏       | 236/1053 [01:22<04:15,  3.20it/s]Encoding documents (bs=32):  23%|██▎       | 237/1053 [01:23<04:14,  3.21it/s]Encoding documents (bs=32):  23%|██▎       | 238/1053 [01:23<04:05,  3.32it/s]Encoding documents (bs=32):  23%|██▎       | 239/1053 [01:23<04:01,  3.37it/s]Encoding documents (bs=32):  23%|██▎       | 240/1053 [01:24<03:53,  3.48it/s]Encoding documents (bs=32):  23%|██▎       | 241/1053 [01:24<03:52,  3.49it/s]Encoding documents (bs=32):  23%|██▎       | 242/1053 [01:24<03:46,  3.58it/s]Encoding documents (bs=32):  23%|██▎       | 243/1053 [01:24<03:43,  3.62it/s]Encoding documents (bs=32):  23%|██▎       | 244/1053 [01:25<03:40,  3.67it/s]Encoding documents (bs=32):  23%|██▎       | 245/1053 [01:25<03:38,  3.70it/s]Encoding documents (bs=32):  23%|██▎       | 246/1053 [01:25<03:35,  3.75it/s]Encoding documents (bs=32):  23%|██▎       | 247/1053 [01:25<03:32,  3.80it/s]Encoding documents (bs=32):  24%|██▎       | 248/1053 [01:26<03:30,  3.82it/s]Encoding documents (bs=32):  24%|██▎       | 249/1053 [01:26<03:31,  3.81it/s]Encoding documents (bs=32):  24%|██▎       | 250/1053 [01:26<03:28,  3.84it/s]Encoding documents (bs=32):  24%|██▍       | 251/1053 [01:26<03:30,  3.80it/s]Encoding documents (bs=32):  24%|██▍       | 252/1053 [01:27<03:30,  3.80it/s]Encoding documents (bs=32):  24%|██▍       | 253/1053 [01:27<03:29,  3.82it/s]Encoding documents (bs=32):  24%|██▍       | 254/1053 [01:27<03:28,  3.84it/s]Encoding documents (bs=32):  24%|██▍       | 255/1053 [01:28<03:29,  3.82it/s]Encoding documents (bs=32):  24%|██▍       | 256/1053 [01:28<03:27,  3.84it/s]Encoding documents (bs=32):  24%|██▍       | 257/1053 [01:28<03:26,  3.85it/s]Encoding documents (bs=32):  25%|██▍       | 258/1053 [01:28<03:27,  3.83it/s]Encoding documents (bs=32):  25%|██▍       | 259/1053 [01:29<03:27,  3.83it/s]Encoding documents (bs=32):  25%|██▍       | 260/1053 [01:29<03:26,  3.84it/s]Encoding documents (bs=32):  25%|██▍       | 261/1053 [01:29<03:26,  3.83it/s]Encoding documents (bs=32):  25%|██▍       | 262/1053 [01:29<03:25,  3.84it/s]Encoding documents (bs=32):  25%|██▍       | 263/1053 [01:30<03:26,  3.82it/s]Encoding documents (bs=32):  25%|██▌       | 264/1053 [01:30<03:27,  3.81it/s]Encoding documents (bs=32):  25%|██▌       | 265/1053 [01:30<03:25,  3.83it/s]Encoding documents (bs=32):  25%|██▌       | 266/1053 [01:30<03:24,  3.84it/s]Encoding documents (bs=32):  25%|██▌       | 267/1053 [01:31<03:24,  3.84it/s]Encoding documents (bs=32):  25%|██▌       | 268/1053 [01:31<03:24,  3.84it/s]Encoding documents (bs=32):  26%|██▌       | 269/1053 [01:31<03:23,  3.85it/s]Encoding documents (bs=32):  26%|██▌       | 270/1053 [01:31<03:22,  3.86it/s]Encoding documents (bs=32):  26%|██▌       | 271/1053 [01:32<03:22,  3.86it/s]Encoding documents (bs=32):  26%|██▌       | 272/1053 [01:32<03:23,  3.84it/s]Encoding documents (bs=32):  26%|██▌       | 273/1053 [01:32<03:25,  3.79it/s]Encoding documents (bs=32):  26%|██▌       | 274/1053 [01:32<03:25,  3.79it/s]Encoding documents (bs=32):  26%|██▌       | 275/1053 [01:33<03:25,  3.79it/s]Encoding documents (bs=32):  26%|██▌       | 276/1053 [01:33<03:21,  3.85it/s]Encoding documents (bs=32):  26%|██▋       | 277/1053 [01:33<03:20,  3.87it/s]Encoding documents (bs=32):  26%|██▋       | 278/1053 [01:34<03:19,  3.88it/s]Encoding documents (bs=32):  26%|██▋       | 279/1053 [01:34<03:21,  3.84it/s]Encoding documents (bs=32):  27%|██▋       | 280/1053 [01:34<03:20,  3.86it/s]Encoding documents (bs=32):  27%|██▋       | 281/1053 [01:34<03:21,  3.84it/s]Encoding documents (bs=32):  27%|██▋       | 282/1053 [01:35<03:23,  3.78it/s]Encoding documents (bs=32):  27%|██▋       | 283/1053 [01:35<03:23,  3.79it/s]Encoding documents (bs=32):  27%|██▋       | 284/1053 [01:35<03:22,  3.79it/s]Encoding documents (bs=32):  27%|██▋       | 285/1053 [01:35<03:21,  3.82it/s]Encoding documents (bs=32):  27%|██▋       | 286/1053 [01:36<03:20,  3.83it/s]Encoding documents (bs=32):  27%|██▋       | 287/1053 [01:36<03:20,  3.81it/s]Encoding documents (bs=32):  27%|██▋       | 288/1053 [01:36<03:19,  3.84it/s]Encoding documents (bs=32):  27%|██▋       | 289/1053 [01:36<03:17,  3.86it/s]Encoding documents (bs=32):  28%|██▊       | 290/1053 [01:37<03:17,  3.85it/s]Encoding documents (bs=32):  28%|██▊       | 291/1053 [01:37<03:19,  3.82it/s]Encoding documents (bs=32):  28%|██▊       | 292/1053 [01:37<03:18,  3.82it/s]Encoding documents (bs=32):  28%|██▊       | 293/1053 [01:37<03:19,  3.81it/s]Encoding documents (bs=32):  28%|██▊       | 294/1053 [01:38<03:20,  3.79it/s]Encoding documents (bs=32):  28%|██▊       | 295/1053 [01:38<03:16,  3.86it/s]Encoding documents (bs=32):  28%|██▊       | 296/1053 [01:38<03:17,  3.84it/s]Encoding documents (bs=32):  28%|██▊       | 297/1053 [01:38<03:17,  3.83it/s]Encoding documents (bs=32):  28%|██▊       | 298/1053 [01:39<03:15,  3.85it/s]Encoding documents (bs=32):  28%|██▊       | 299/1053 [01:39<03:16,  3.85it/s]Encoding documents (bs=32):  28%|██▊       | 300/1053 [01:39<03:13,  3.90it/s]Encoding documents (bs=32):  29%|██▊       | 301/1053 [01:40<03:12,  3.91it/s]Encoding documents (bs=32):  29%|██▊       | 302/1053 [01:40<03:11,  3.92it/s]Encoding documents (bs=32):  29%|██▉       | 303/1053 [01:40<03:12,  3.90it/s]Encoding documents (bs=32):  29%|██▉       | 304/1053 [01:40<03:11,  3.91it/s]Encoding documents (bs=32):  29%|██▉       | 305/1053 [01:41<03:11,  3.90it/s]Encoding documents (bs=32):  29%|██▉       | 306/1053 [01:41<03:11,  3.89it/s]Encoding documents (bs=32):  29%|██▉       | 307/1053 [01:41<03:12,  3.87it/s]Encoding documents (bs=32):  29%|██▉       | 308/1053 [01:41<03:11,  3.89it/s]Encoding documents (bs=32):  29%|██▉       | 309/1053 [01:42<03:11,  3.89it/s]Encoding documents (bs=32):  29%|██▉       | 310/1053 [01:42<03:11,  3.89it/s]Encoding documents (bs=32):  30%|██▉       | 311/1053 [01:42<03:10,  3.89it/s]Encoding documents (bs=32):  30%|██▉       | 312/1053 [01:42<03:12,  3.86it/s]Encoding documents (bs=32):  30%|██▉       | 313/1053 [01:43<03:12,  3.85it/s]Encoding documents (bs=32):  30%|██▉       | 314/1053 [01:43<03:13,  3.82it/s]Encoding documents (bs=32):  30%|██▉       | 315/1053 [01:43<03:11,  3.86it/s]Encoding documents (bs=32):  30%|███       | 316/1053 [01:43<03:12,  3.84it/s]Encoding documents (bs=32):  30%|███       | 317/1053 [01:44<03:09,  3.88it/s]Encoding documents (bs=32):  30%|███       | 318/1053 [01:44<03:09,  3.89it/s]Encoding documents (bs=32):  30%|███       | 319/1053 [01:44<03:09,  3.87it/s]Encoding documents (bs=32):  30%|███       | 320/1053 [01:44<03:07,  3.91it/s]Encoding documents (bs=32):  30%|███       | 321/1053 [01:45<03:08,  3.89it/s]Encoding documents (bs=32):  31%|███       | 322/1053 [01:45<03:07,  3.90it/s]Encoding documents (bs=32):  31%|███       | 323/1053 [01:45<03:08,  3.87it/s]Encoding documents (bs=32):  31%|███       | 324/1053 [01:45<03:07,  3.88it/s]Encoding documents (bs=32):  31%|███       | 325/1053 [01:46<03:07,  3.88it/s]Encoding documents (bs=32):  31%|███       | 326/1053 [01:46<03:06,  3.90it/s]Encoding documents (bs=32):  31%|███       | 327/1053 [01:46<03:05,  3.92it/s]Encoding documents (bs=32):  31%|███       | 328/1053 [01:46<03:03,  3.95it/s]Encoding documents (bs=32):  31%|███       | 329/1053 [01:47<03:04,  3.93it/s]Encoding documents (bs=32):  31%|███▏      | 330/1053 [01:47<03:04,  3.93it/s]Encoding documents (bs=32):  31%|███▏      | 331/1053 [01:47<03:05,  3.89it/s]Encoding documents (bs=32):  32%|███▏      | 332/1053 [01:47<03:05,  3.89it/s]Encoding documents (bs=32):  32%|███▏      | 333/1053 [01:48<03:04,  3.91it/s]Encoding documents (bs=32):  32%|███▏      | 334/1053 [01:48<03:04,  3.89it/s]Encoding documents (bs=32):  32%|███▏      | 335/1053 [01:48<03:02,  3.94it/s]Encoding documents (bs=32):  32%|███▏      | 336/1053 [01:48<03:01,  3.96it/s]Encoding documents (bs=32):  32%|███▏      | 337/1053 [01:49<03:01,  3.95it/s]Encoding documents (bs=32):  32%|███▏      | 338/1053 [01:49<03:01,  3.94it/s]Encoding documents (bs=32):  32%|███▏      | 339/1053 [01:49<03:00,  3.96it/s]Encoding documents (bs=32):  32%|███▏      | 340/1053 [01:49<02:59,  3.97it/s]Encoding documents (bs=32):  32%|███▏      | 341/1053 [01:50<02:57,  4.02it/s]Encoding documents (bs=32):  32%|███▏      | 342/1053 [01:50<02:56,  4.02it/s]Encoding documents (bs=32):  33%|███▎      | 343/1053 [01:50<02:57,  4.00it/s]Encoding documents (bs=32):  33%|███▎      | 344/1053 [01:50<02:55,  4.04it/s]Encoding documents (bs=32):  33%|███▎      | 345/1053 [01:51<02:53,  4.08it/s]Encoding documents (bs=32):  33%|███▎      | 346/1053 [01:51<02:55,  4.04it/s]Encoding documents (bs=32):  33%|███▎      | 347/1053 [01:51<02:56,  4.01it/s]Encoding documents (bs=32):  33%|███▎      | 348/1053 [01:51<02:57,  3.98it/s]Encoding documents (bs=32):  33%|███▎      | 349/1053 [01:52<02:55,  4.01it/s]Encoding documents (bs=32):  33%|███▎      | 350/1053 [01:52<02:57,  3.97it/s]Encoding documents (bs=32):  33%|███▎      | 351/1053 [01:52<02:55,  3.99it/s]Encoding documents (bs=32):  33%|███▎      | 352/1053 [01:52<02:54,  4.01it/s]Encoding documents (bs=32):  34%|███▎      | 353/1053 [01:53<02:54,  4.02it/s]Encoding documents (bs=32):  34%|███▎      | 354/1053 [01:53<02:53,  4.02it/s]Encoding documents (bs=32):  34%|███▎      | 355/1053 [01:53<02:56,  3.94it/s]Encoding documents (bs=32):  34%|███▍      | 356/1053 [01:54<02:58,  3.90it/s]Encoding documents (bs=32):  34%|███▍      | 357/1053 [01:54<02:59,  3.87it/s]Encoding documents (bs=32):  34%|███▍      | 358/1053 [01:54<03:02,  3.82it/s]Encoding documents (bs=32):  34%|███▍      | 359/1053 [01:54<03:01,  3.83it/s]Encoding documents (bs=32):  34%|███▍      | 360/1053 [01:55<02:59,  3.87it/s]Encoding documents (bs=32):  34%|███▍      | 361/1053 [01:55<02:58,  3.88it/s]Encoding documents (bs=32):  34%|███▍      | 362/1053 [01:55<02:56,  3.92it/s]Encoding documents (bs=32):  34%|███▍      | 363/1053 [01:55<02:57,  3.90it/s]Encoding documents (bs=32):  35%|███▍      | 364/1053 [01:56<02:58,  3.87it/s]Encoding documents (bs=32):  35%|███▍      | 365/1053 [01:56<02:56,  3.90it/s]Encoding documents (bs=32):  35%|███▍      | 366/1053 [01:56<02:54,  3.93it/s]Encoding documents (bs=32):  35%|███▍      | 367/1053 [01:56<02:54,  3.92it/s]Encoding documents (bs=32):  35%|███▍      | 368/1053 [01:57<02:53,  3.95it/s]Encoding documents (bs=32):  35%|███▌      | 369/1053 [01:57<02:53,  3.93it/s]Encoding documents (bs=32):  35%|███▌      | 370/1053 [01:57<02:54,  3.93it/s]Encoding documents (bs=32):  35%|███▌      | 371/1053 [01:57<02:54,  3.90it/s]Encoding documents (bs=32):  35%|███▌      | 372/1053 [01:58<02:54,  3.90it/s]Encoding documents (bs=32):  35%|███▌      | 373/1053 [01:58<02:54,  3.89it/s]Encoding documents (bs=32):  36%|███▌      | 374/1053 [01:58<02:54,  3.90it/s]Encoding documents (bs=32):  36%|███▌      | 375/1053 [01:58<02:53,  3.91it/s]Encoding documents (bs=32):  36%|███▌      | 376/1053 [01:59<02:56,  3.84it/s]Encoding documents (bs=32):  36%|███▌      | 377/1053 [01:59<02:55,  3.85it/s]Encoding documents (bs=32):  36%|███▌      | 378/1053 [01:59<02:53,  3.89it/s]Encoding documents (bs=32):  36%|███▌      | 379/1053 [01:59<02:49,  3.97it/s]Encoding documents (bs=32):  36%|███▌      | 380/1053 [02:00<02:47,  4.01it/s]Encoding documents (bs=32):  36%|███▌      | 381/1053 [02:00<02:45,  4.06it/s]Encoding documents (bs=32):  36%|███▋      | 382/1053 [02:00<02:47,  3.99it/s]Encoding documents (bs=32):  36%|███▋      | 383/1053 [02:00<02:51,  3.91it/s]Encoding documents (bs=32):  36%|███▋      | 384/1053 [02:01<02:51,  3.90it/s]Encoding documents (bs=32):  37%|███▋      | 385/1053 [02:01<02:51,  3.90it/s]Encoding documents (bs=32):  37%|███▋      | 386/1053 [02:01<02:56,  3.79it/s]Encoding documents (bs=32):  37%|███▋      | 387/1053 [02:01<02:54,  3.81it/s]Encoding documents (bs=32):  37%|███▋      | 388/1053 [02:02<02:52,  3.85it/s]Encoding documents (bs=32):  37%|███▋      | 389/1053 [02:02<02:50,  3.90it/s]Encoding documents (bs=32):  37%|███▋      | 390/1053 [02:02<02:52,  3.85it/s]Encoding documents (bs=32):  37%|███▋      | 391/1053 [02:02<02:52,  3.84it/s]Encoding documents (bs=32):  37%|███▋      | 392/1053 [02:03<02:53,  3.82it/s]Encoding documents (bs=32):  37%|███▋      | 393/1053 [02:03<02:50,  3.87it/s]Encoding documents (bs=32):  37%|███▋      | 394/1053 [02:03<02:49,  3.89it/s]Encoding documents (bs=32):  38%|███▊      | 395/1053 [02:04<02:48,  3.91it/s]Encoding documents (bs=32):  38%|███▊      | 396/1053 [02:04<02:49,  3.88it/s]Encoding documents (bs=32):  38%|███▊      | 397/1053 [02:04<02:50,  3.85it/s]Encoding documents (bs=32):  38%|███▊      | 398/1053 [02:04<02:47,  3.92it/s]Encoding documents (bs=32):  38%|███▊      | 399/1053 [02:05<02:44,  3.97it/s]Encoding documents (bs=32):  38%|███▊      | 400/1053 [02:05<02:47,  3.90it/s]Encoding documents (bs=32):  38%|███▊      | 401/1053 [02:05<02:46,  3.92it/s]Encoding documents (bs=32):  38%|███▊      | 402/1053 [02:05<02:47,  3.90it/s]Encoding documents (bs=32):  38%|███▊      | 403/1053 [02:06<02:43,  3.98it/s]Encoding documents (bs=32):  38%|███▊      | 404/1053 [02:06<02:41,  4.03it/s]Encoding documents (bs=32):  38%|███▊      | 405/1053 [02:06<02:42,  4.00it/s]Encoding documents (bs=32):  39%|███▊      | 406/1053 [02:06<02:42,  3.99it/s]Encoding documents (bs=32):  39%|███▊      | 407/1053 [02:07<02:40,  4.02it/s]Encoding documents (bs=32):  39%|███▊      | 408/1053 [02:07<02:38,  4.07it/s]Encoding documents (bs=32):  39%|███▉      | 409/1053 [02:07<02:39,  4.03it/s]Encoding documents (bs=32):  39%|███▉      | 410/1053 [02:07<02:41,  3.98it/s]Encoding documents (bs=32):  39%|███▉      | 411/1053 [02:08<02:39,  4.02it/s]Encoding documents (bs=32):  39%|███▉      | 412/1053 [02:08<02:39,  4.03it/s]Encoding documents (bs=32):  39%|███▉      | 413/1053 [02:08<02:41,  3.96it/s]Encoding documents (bs=32):  39%|███▉      | 414/1053 [02:08<02:39,  4.00it/s]Encoding documents (bs=32):  39%|███▉      | 415/1053 [02:09<02:37,  4.04it/s]Encoding documents (bs=32):  40%|███▉      | 416/1053 [02:09<02:37,  4.04it/s]Encoding documents (bs=32):  40%|███▉      | 417/1053 [02:09<02:36,  4.05it/s]Encoding documents (bs=32):  40%|███▉      | 418/1053 [02:09<02:35,  4.09it/s]Encoding documents (bs=32):  40%|███▉      | 419/1053 [02:10<02:34,  4.09it/s]Encoding documents (bs=32):  40%|███▉      | 420/1053 [02:10<02:37,  4.03it/s]Encoding documents (bs=32):  40%|███▉      | 421/1053 [02:10<02:49,  3.72it/s]Encoding documents (bs=32):  40%|████      | 422/1053 [02:10<02:52,  3.66it/s]Encoding documents (bs=32):  40%|████      | 423/1053 [02:11<02:49,  3.73it/s]Encoding documents (bs=32):  40%|████      | 424/1053 [02:11<02:45,  3.81it/s]Encoding documents (bs=32):  40%|████      | 425/1053 [02:11<02:50,  3.68it/s]Encoding documents (bs=32):  40%|████      | 426/1053 [02:11<02:48,  3.71it/s]Encoding documents (bs=32):  41%|████      | 427/1053 [02:12<02:48,  3.72it/s]Encoding documents (bs=32):  41%|████      | 428/1053 [02:12<02:42,  3.84it/s]Encoding documents (bs=32):  41%|████      | 429/1053 [02:12<02:41,  3.87it/s]Encoding documents (bs=32):  41%|████      | 430/1053 [02:12<02:39,  3.91it/s]Encoding documents (bs=32):  41%|████      | 431/1053 [02:13<02:35,  3.99it/s]Encoding documents (bs=32):  41%|████      | 432/1053 [02:13<02:35,  4.00it/s]Encoding documents (bs=32):  41%|████      | 433/1053 [02:13<02:36,  3.95it/s]Encoding documents (bs=32):  41%|████      | 434/1053 [02:13<02:38,  3.90it/s]Encoding documents (bs=32):  41%|████▏     | 435/1053 [02:14<02:36,  3.96it/s]Encoding documents (bs=32):  41%|████▏     | 436/1053 [02:14<02:34,  3.99it/s]Encoding documents (bs=32):  42%|████▏     | 437/1053 [02:14<02:34,  3.98it/s]Encoding documents (bs=32):  42%|████▏     | 438/1053 [02:14<02:32,  4.03it/s]Encoding documents (bs=32):  42%|████▏     | 439/1053 [02:15<02:32,  4.03it/s]Encoding documents (bs=32):  42%|████▏     | 440/1053 [02:15<02:30,  4.07it/s]Encoding documents (bs=32):  42%|████▏     | 441/1053 [02:15<02:30,  4.06it/s]Encoding documents (bs=32):  42%|████▏     | 442/1053 [02:15<02:29,  4.09it/s]Encoding documents (bs=32):  42%|████▏     | 443/1053 [02:16<02:29,  4.07it/s]Encoding documents (bs=32):  42%|████▏     | 444/1053 [02:16<02:30,  4.06it/s]Encoding documents (bs=32):  42%|████▏     | 445/1053 [02:16<02:29,  4.06it/s]Encoding documents (bs=32):  42%|████▏     | 446/1053 [02:16<02:31,  4.02it/s]Encoding documents (bs=32):  42%|████▏     | 447/1053 [02:17<02:30,  4.03it/s]Encoding documents (bs=32):  43%|████▎     | 448/1053 [02:17<02:35,  3.88it/s]Encoding documents (bs=32):  43%|████▎     | 449/1053 [02:17<02:34,  3.90it/s]Encoding documents (bs=32):  43%|████▎     | 450/1053 [02:17<02:32,  3.95it/s]Encoding documents (bs=32):  43%|████▎     | 451/1053 [02:18<02:30,  4.00it/s]Encoding documents (bs=32):  43%|████▎     | 452/1053 [02:18<02:29,  4.02it/s]Encoding documents (bs=32):  43%|████▎     | 453/1053 [02:18<02:26,  4.09it/s]Encoding documents (bs=32):  43%|████▎     | 454/1053 [02:18<02:28,  4.04it/s]Encoding documents (bs=32):  43%|████▎     | 455/1053 [02:19<02:37,  3.80it/s]Encoding documents (bs=32):  43%|████▎     | 456/1053 [02:19<02:39,  3.74it/s]Encoding documents (bs=32):  43%|████▎     | 457/1053 [02:19<02:36,  3.81it/s]Encoding documents (bs=32):  43%|████▎     | 458/1053 [02:19<02:32,  3.91it/s]Encoding documents (bs=32):  44%|████▎     | 459/1053 [02:20<02:30,  3.96it/s]Encoding documents (bs=32):  44%|████▎     | 460/1053 [02:20<02:29,  3.97it/s]Encoding documents (bs=32):  44%|████▍     | 461/1053 [02:20<02:26,  4.05it/s]Encoding documents (bs=32):  44%|████▍     | 462/1053 [02:20<02:25,  4.07it/s]Encoding documents (bs=32):  44%|████▍     | 463/1053 [02:21<02:23,  4.10it/s]Encoding documents (bs=32):  44%|████▍     | 464/1053 [02:21<02:23,  4.11it/s]Encoding documents (bs=32):  44%|████▍     | 465/1053 [02:21<02:23,  4.10it/s]Encoding documents (bs=32):  44%|████▍     | 466/1053 [02:21<02:22,  4.11it/s]Encoding documents (bs=32):  44%|████▍     | 467/1053 [02:22<02:22,  4.12it/s]Encoding documents (bs=32):  44%|████▍     | 468/1053 [02:22<02:21,  4.13it/s]Encoding documents (bs=32):  45%|████▍     | 469/1053 [02:22<02:21,  4.13it/s]Encoding documents (bs=32):  45%|████▍     | 470/1053 [02:22<02:22,  4.09it/s]Encoding documents (bs=32):  45%|████▍     | 471/1053 [02:23<02:22,  4.08it/s]Encoding documents (bs=32):  45%|████▍     | 472/1053 [02:23<02:22,  4.07it/s]Encoding documents (bs=32):  45%|████▍     | 473/1053 [02:23<02:20,  4.12it/s]Encoding documents (bs=32):  45%|████▌     | 474/1053 [02:23<02:21,  4.10it/s]Encoding documents (bs=32):  45%|████▌     | 475/1053 [02:24<02:19,  4.15it/s]Encoding documents (bs=32):  45%|████▌     | 476/1053 [02:24<02:19,  4.15it/s]Encoding documents (bs=32):  45%|████▌     | 477/1053 [02:24<02:19,  4.13it/s]Encoding documents (bs=32):  45%|████▌     | 478/1053 [02:24<02:17,  4.17it/s]Encoding documents (bs=32):  45%|████▌     | 479/1053 [02:25<02:18,  4.13it/s]Encoding documents (bs=32):  46%|████▌     | 480/1053 [02:25<02:16,  4.20it/s]Encoding documents (bs=32):  46%|████▌     | 481/1053 [02:25<02:15,  4.22it/s]Encoding documents (bs=32):  46%|████▌     | 482/1053 [02:25<02:15,  4.20it/s]Encoding documents (bs=32):  46%|████▌     | 483/1053 [02:26<02:16,  4.17it/s]Encoding documents (bs=32):  46%|████▌     | 484/1053 [02:26<02:16,  4.16it/s]Encoding documents (bs=32):  46%|████▌     | 485/1053 [02:26<02:18,  4.11it/s]Encoding documents (bs=32):  46%|████▌     | 486/1053 [02:26<02:17,  4.12it/s]Encoding documents (bs=32):  46%|████▌     | 487/1053 [02:27<02:17,  4.11it/s]Encoding documents (bs=32):  46%|████▋     | 488/1053 [02:27<02:15,  4.16it/s]Encoding documents (bs=32):  46%|████▋     | 489/1053 [02:27<02:15,  4.18it/s]Encoding documents (bs=32):  47%|████▋     | 490/1053 [02:27<02:13,  4.23it/s]Encoding documents (bs=32):  47%|████▋     | 491/1053 [02:27<02:13,  4.22it/s]Encoding documents (bs=32):  47%|████▋     | 492/1053 [02:28<02:13,  4.21it/s]Encoding documents (bs=32):  47%|████▋     | 493/1053 [02:28<02:12,  4.22it/s]Encoding documents (bs=32):  47%|████▋     | 494/1053 [02:28<02:12,  4.21it/s]Encoding documents (bs=32):  47%|████▋     | 495/1053 [02:28<02:12,  4.20it/s]Encoding documents (bs=32):  47%|████▋     | 496/1053 [02:29<02:11,  4.24it/s]Encoding documents (bs=32):  47%|████▋     | 497/1053 [02:29<02:10,  4.25it/s]Encoding documents (bs=32):  47%|████▋     | 498/1053 [02:29<02:10,  4.26it/s]Encoding documents (bs=32):  47%|████▋     | 499/1053 [02:29<02:10,  4.26it/s]Encoding documents (bs=32):  47%|████▋     | 500/1053 [02:30<02:10,  4.24it/s]Encoding documents (bs=32):  48%|████▊     | 501/1053 [02:30<02:09,  4.27it/s]Encoding documents (bs=32):  48%|████▊     | 502/1053 [02:30<02:09,  4.26it/s]Encoding documents (bs=32):  48%|████▊     | 503/1053 [02:30<02:08,  4.28it/s]Encoding documents (bs=32):  48%|████▊     | 504/1053 [02:30<02:09,  4.26it/s]Encoding documents (bs=32):  48%|████▊     | 505/1053 [02:31<02:08,  4.25it/s]Encoding documents (bs=32):  48%|████▊     | 506/1053 [02:31<02:07,  4.28it/s]Encoding documents (bs=32):  48%|████▊     | 507/1053 [02:31<02:08,  4.24it/s]Encoding documents (bs=32):  48%|████▊     | 508/1053 [02:31<02:08,  4.24it/s]Encoding documents (bs=32):  48%|████▊     | 509/1053 [02:32<02:09,  4.21it/s]Encoding documents (bs=32):  48%|████▊     | 510/1053 [02:32<02:10,  4.16it/s]Encoding documents (bs=32):  49%|████▊     | 511/1053 [02:32<02:09,  4.19it/s]Encoding documents (bs=32):  49%|████▊     | 512/1053 [02:32<02:09,  4.17it/s]Encoding documents (bs=32):  49%|████▊     | 513/1053 [02:33<02:09,  4.18it/s]Encoding documents (bs=32):  49%|████▉     | 514/1053 [02:33<02:08,  4.20it/s]Encoding documents (bs=32):  49%|████▉     | 515/1053 [02:33<02:09,  4.16it/s]Encoding documents (bs=32):  49%|████▉     | 516/1053 [02:33<02:06,  4.23it/s]Encoding documents (bs=32):  49%|████▉     | 517/1053 [02:34<02:05,  4.26it/s]Encoding documents (bs=32):  49%|████▉     | 518/1053 [02:34<02:05,  4.27it/s]Encoding documents (bs=32):  49%|████▉     | 519/1053 [02:34<02:05,  4.25it/s]Encoding documents (bs=32):  49%|████▉     | 520/1053 [02:34<02:04,  4.28it/s]Encoding documents (bs=32):  49%|████▉     | 521/1053 [02:35<02:06,  4.21it/s]Encoding documents (bs=32):  50%|████▉     | 522/1053 [02:35<02:05,  4.23it/s]Encoding documents (bs=32):  50%|████▉     | 523/1053 [02:35<02:04,  4.24it/s]Encoding documents (bs=32):  50%|████▉     | 524/1053 [02:35<02:03,  4.28it/s]Encoding documents (bs=32):  50%|████▉     | 525/1053 [02:35<02:04,  4.23it/s]Encoding documents (bs=32):  50%|████▉     | 526/1053 [02:36<02:04,  4.24it/s]Encoding documents (bs=32):  50%|█████     | 527/1053 [02:36<02:03,  4.25it/s]Encoding documents (bs=32):  50%|█████     | 528/1053 [02:36<02:03,  4.25it/s]Encoding documents (bs=32):  50%|█████     | 529/1053 [02:36<02:02,  4.27it/s]Encoding documents (bs=32):  50%|█████     | 530/1053 [02:37<02:03,  4.24it/s]Encoding documents (bs=32):  50%|█████     | 531/1053 [02:37<02:01,  4.28it/s]Encoding documents (bs=32):  51%|█████     | 532/1053 [02:37<02:02,  4.26it/s]Encoding documents (bs=32):  51%|█████     | 533/1053 [02:37<02:01,  4.26it/s]Encoding documents (bs=32):  51%|█████     | 534/1053 [02:38<02:01,  4.27it/s]Encoding documents (bs=32):  51%|█████     | 535/1053 [02:38<02:00,  4.29it/s]Encoding documents (bs=32):  51%|█████     | 536/1053 [02:38<01:59,  4.31it/s]Encoding documents (bs=32):  51%|█████     | 537/1053 [02:38<01:58,  4.34it/s]Encoding documents (bs=32):  51%|█████     | 538/1053 [02:38<01:59,  4.31it/s]Encoding documents (bs=32):  51%|█████     | 539/1053 [02:39<01:59,  4.31it/s]Encoding documents (bs=32):  51%|█████▏    | 540/1053 [02:39<02:01,  4.22it/s]Encoding documents (bs=32):  51%|█████▏    | 541/1053 [02:39<02:01,  4.23it/s]Encoding documents (bs=32):  51%|█████▏    | 542/1053 [02:39<02:00,  4.25it/s]Encoding documents (bs=32):  52%|█████▏    | 543/1053 [02:40<02:00,  4.24it/s]Encoding documents (bs=32):  52%|█████▏    | 544/1053 [02:40<01:58,  4.28it/s]Encoding documents (bs=32):  52%|█████▏    | 545/1053 [02:40<01:59,  4.26it/s]Encoding documents (bs=32):  52%|█████▏    | 546/1053 [02:40<01:58,  4.27it/s]Encoding documents (bs=32):  52%|█████▏    | 547/1053 [02:41<01:56,  4.34it/s]Encoding documents (bs=32):  52%|█████▏    | 548/1053 [02:41<01:56,  4.35it/s]Encoding documents (bs=32):  52%|█████▏    | 549/1053 [02:41<01:55,  4.38it/s]Encoding documents (bs=32):  52%|█████▏    | 550/1053 [02:41<01:54,  4.38it/s]Encoding documents (bs=32):  52%|█████▏    | 551/1053 [02:42<01:56,  4.31it/s]Encoding documents (bs=32):  52%|█████▏    | 552/1053 [02:42<01:56,  4.30it/s]Encoding documents (bs=32):  53%|█████▎    | 553/1053 [02:42<01:56,  4.30it/s]Encoding documents (bs=32):  53%|█████▎    | 554/1053 [02:42<01:56,  4.30it/s]Encoding documents (bs=32):  53%|█████▎    | 555/1053 [02:42<01:57,  4.25it/s]Encoding documents (bs=32):  53%|█████▎    | 556/1053 [02:43<01:56,  4.26it/s]Encoding documents (bs=32):  53%|█████▎    | 557/1053 [02:43<01:54,  4.32it/s]Encoding documents (bs=32):  53%|█████▎    | 558/1053 [02:43<01:54,  4.31it/s]Encoding documents (bs=32):  53%|█████▎    | 559/1053 [02:43<01:54,  4.30it/s]Encoding documents (bs=32):  53%|█████▎    | 560/1053 [02:44<01:53,  4.33it/s]Encoding documents (bs=32):  53%|█████▎    | 561/1053 [02:44<01:52,  4.35it/s]Encoding documents (bs=32):  53%|█████▎    | 562/1053 [02:44<01:52,  4.37it/s]Encoding documents (bs=32):  53%|█████▎    | 563/1053 [02:44<01:52,  4.37it/s]Encoding documents (bs=32):  54%|█████▎    | 564/1053 [02:45<01:51,  4.39it/s]Encoding documents (bs=32):  54%|█████▎    | 565/1053 [02:45<01:50,  4.42it/s]Encoding documents (bs=32):  54%|█████▍    | 566/1053 [02:45<01:50,  4.43it/s]Encoding documents (bs=32):  54%|█████▍    | 567/1053 [02:45<01:50,  4.42it/s]Encoding documents (bs=32):  54%|█████▍    | 568/1053 [02:45<01:50,  4.39it/s]Encoding documents (bs=32):  54%|█████▍    | 569/1053 [02:46<01:50,  4.37it/s]Encoding documents (bs=32):  54%|█████▍    | 570/1053 [02:46<01:50,  4.39it/s]Encoding documents (bs=32):  54%|█████▍    | 571/1053 [02:46<01:49,  4.41it/s]Encoding documents (bs=32):  54%|█████▍    | 572/1053 [02:46<01:49,  4.37it/s]Encoding documents (bs=32):  54%|█████▍    | 573/1053 [02:47<01:50,  4.34it/s]Encoding documents (bs=32):  55%|█████▍    | 574/1053 [02:47<01:50,  4.33it/s]Encoding documents (bs=32):  55%|█████▍    | 575/1053 [02:47<01:50,  4.32it/s]Encoding documents (bs=32):  55%|█████▍    | 576/1053 [02:47<01:50,  4.31it/s]Encoding documents (bs=32):  55%|█████▍    | 577/1053 [02:48<01:51,  4.27it/s]Encoding documents (bs=32):  55%|█████▍    | 578/1053 [02:48<01:51,  4.26it/s]Encoding documents (bs=32):  55%|█████▍    | 579/1053 [02:48<01:49,  4.34it/s]Encoding documents (bs=32):  55%|█████▌    | 580/1053 [02:48<01:47,  4.38it/s]Encoding documents (bs=32):  55%|█████▌    | 581/1053 [02:48<01:47,  4.38it/s]Encoding documents (bs=32):  55%|█████▌    | 582/1053 [02:49<01:45,  4.45it/s]Encoding documents (bs=32):  55%|█████▌    | 583/1053 [02:49<01:45,  4.47it/s]Encoding documents (bs=32):  55%|█████▌    | 584/1053 [02:49<01:45,  4.46it/s]Encoding documents (bs=32):  56%|█████▌    | 585/1053 [02:49<01:43,  4.51it/s]Encoding documents (bs=32):  56%|█████▌    | 586/1053 [02:50<01:42,  4.55it/s]Encoding documents (bs=32):  56%|█████▌    | 587/1053 [02:50<01:43,  4.52it/s]Encoding documents (bs=32):  56%|█████▌    | 588/1053 [02:50<01:44,  4.46it/s]Encoding documents (bs=32):  56%|█████▌    | 589/1053 [02:50<01:44,  4.46it/s]Encoding documents (bs=32):  56%|█████▌    | 590/1053 [02:50<01:43,  4.47it/s]Encoding documents (bs=32):  56%|█████▌    | 591/1053 [02:51<01:42,  4.49it/s]Encoding documents (bs=32):  56%|█████▌    | 592/1053 [02:51<01:43,  4.44it/s]Encoding documents (bs=32):  56%|█████▋    | 593/1053 [02:51<01:45,  4.37it/s]Encoding documents (bs=32):  56%|█████▋    | 594/1053 [02:51<01:47,  4.27it/s]Encoding documents (bs=32):  57%|█████▋    | 595/1053 [02:52<01:46,  4.29it/s]Encoding documents (bs=32):  57%|█████▋    | 596/1053 [02:52<01:45,  4.34it/s]Encoding documents (bs=32):  57%|█████▋    | 597/1053 [02:52<01:44,  4.36it/s]Encoding documents (bs=32):  57%|█████▋    | 598/1053 [02:52<01:43,  4.39it/s]Encoding documents (bs=32):  57%|█████▋    | 599/1053 [02:53<01:53,  4.00it/s]Encoding documents (bs=32):  57%|█████▋    | 600/1053 [02:53<01:49,  4.13it/s]Encoding documents (bs=32):  57%|█████▋    | 601/1053 [02:53<01:47,  4.22it/s]Encoding documents (bs=32):  57%|█████▋    | 602/1053 [02:53<01:45,  4.27it/s]Encoding documents (bs=32):  57%|█████▋    | 603/1053 [02:53<01:45,  4.27it/s]Encoding documents (bs=32):  57%|█████▋    | 604/1053 [02:54<01:44,  4.30it/s]Encoding documents (bs=32):  57%|█████▋    | 605/1053 [02:54<01:44,  4.29it/s]Encoding documents (bs=32):  58%|█████▊    | 606/1053 [02:54<01:44,  4.27it/s]Encoding documents (bs=32):  58%|█████▊    | 607/1053 [02:54<01:43,  4.29it/s]Encoding documents (bs=32):  58%|█████▊    | 608/1053 [02:55<01:42,  4.34it/s]Encoding documents (bs=32):  58%|█████▊    | 609/1053 [02:55<01:42,  4.34it/s]Encoding documents (bs=32):  58%|█████▊    | 610/1053 [02:55<01:41,  4.35it/s]Encoding documents (bs=32):  58%|█████▊    | 611/1053 [02:55<01:40,  4.40it/s]Encoding documents (bs=32):  58%|█████▊    | 612/1053 [02:56<01:39,  4.44it/s]Encoding documents (bs=32):  58%|█████▊    | 613/1053 [02:56<01:39,  4.43it/s]Encoding documents (bs=32):  58%|█████▊    | 614/1053 [02:56<01:40,  4.37it/s]Encoding documents (bs=32):  58%|█████▊    | 615/1053 [02:56<01:40,  4.37it/s]Encoding documents (bs=32):  58%|█████▊    | 616/1053 [02:56<01:39,  4.40it/s]Encoding documents (bs=32):  59%|█████▊    | 617/1053 [02:57<01:39,  4.36it/s]Encoding documents (bs=32):  59%|█████▊    | 618/1053 [02:57<01:39,  4.36it/s]Encoding documents (bs=32):  59%|█████▉    | 619/1053 [02:57<01:38,  4.39it/s]Encoding documents (bs=32):  59%|█████▉    | 620/1053 [02:57<01:39,  4.36it/s]Encoding documents (bs=32):  59%|█████▉    | 621/1053 [02:58<01:40,  4.30it/s]Encoding documents (bs=32):  59%|█████▉    | 622/1053 [02:58<01:40,  4.29it/s]Encoding documents (bs=32):  59%|█████▉    | 623/1053 [02:58<01:38,  4.35it/s]Encoding documents (bs=32):  59%|█████▉    | 624/1053 [02:58<01:38,  4.37it/s]Encoding documents (bs=32):  59%|█████▉    | 625/1053 [02:59<01:38,  4.36it/s]Encoding documents (bs=32):  59%|█████▉    | 626/1053 [02:59<01:38,  4.35it/s]Encoding documents (bs=32):  60%|█████▉    | 627/1053 [02:59<01:37,  4.35it/s]Encoding documents (bs=32):  60%|█████▉    | 628/1053 [02:59<01:39,  4.29it/s]Encoding documents (bs=32):  60%|█████▉    | 629/1053 [02:59<01:38,  4.29it/s]Encoding documents (bs=32):  60%|█████▉    | 630/1053 [03:00<01:37,  4.33it/s]Encoding documents (bs=32):  60%|█████▉    | 631/1053 [03:00<01:36,  4.37it/s]Encoding documents (bs=32):  60%|██████    | 632/1053 [03:00<01:36,  4.38it/s]Encoding documents (bs=32):  60%|██████    | 633/1053 [03:00<01:36,  4.34it/s]Encoding documents (bs=32):  60%|██████    | 634/1053 [03:01<01:37,  4.31it/s]Encoding documents (bs=32):  60%|██████    | 635/1053 [03:01<01:38,  4.23it/s]Encoding documents (bs=32):  60%|██████    | 636/1053 [03:01<01:37,  4.27it/s]Encoding documents (bs=32):  60%|██████    | 637/1053 [03:01<01:35,  4.34it/s]Encoding documents (bs=32):  61%|██████    | 638/1053 [03:02<01:35,  4.35it/s]Encoding documents (bs=32):  61%|██████    | 639/1053 [03:02<01:34,  4.38it/s]Encoding documents (bs=32):  61%|██████    | 640/1053 [03:02<01:33,  4.41it/s]Encoding documents (bs=32):  61%|██████    | 641/1053 [03:02<01:33,  4.39it/s]Encoding documents (bs=32):  61%|██████    | 642/1053 [03:02<01:32,  4.46it/s]Encoding documents (bs=32):  61%|██████    | 643/1053 [03:03<01:32,  4.45it/s]Encoding documents (bs=32):  61%|██████    | 644/1053 [03:03<01:31,  4.48it/s]Encoding documents (bs=32):  61%|██████▏   | 645/1053 [03:03<01:30,  4.51it/s]Encoding documents (bs=32):  61%|██████▏   | 646/1053 [03:03<01:29,  4.56it/s]Encoding documents (bs=32):  61%|██████▏   | 647/1053 [03:04<01:29,  4.55it/s]Encoding documents (bs=32):  62%|██████▏   | 648/1053 [03:04<01:29,  4.50it/s]Encoding documents (bs=32):  62%|██████▏   | 649/1053 [03:04<01:29,  4.52it/s]Encoding documents (bs=32):  62%|██████▏   | 650/1053 [03:04<01:29,  4.52it/s]Encoding documents (bs=32):  62%|██████▏   | 651/1053 [03:04<01:28,  4.55it/s]Encoding documents (bs=32):  62%|██████▏   | 652/1053 [03:05<01:28,  4.55it/s]Encoding documents (bs=32):  62%|██████▏   | 653/1053 [03:05<01:26,  4.60it/s]Encoding documents (bs=32):  62%|██████▏   | 654/1053 [03:05<01:26,  4.59it/s]Encoding documents (bs=32):  62%|██████▏   | 655/1053 [03:05<01:26,  4.59it/s]Encoding documents (bs=32):  62%|██████▏   | 656/1053 [03:05<01:26,  4.58it/s]Encoding documents (bs=32):  62%|██████▏   | 657/1053 [03:06<01:27,  4.51it/s]Encoding documents (bs=32):  62%|██████▏   | 658/1053 [03:06<01:27,  4.50it/s]Encoding documents (bs=32):  63%|██████▎   | 659/1053 [03:06<01:27,  4.49it/s]Encoding documents (bs=32):  63%|██████▎   | 660/1053 [03:06<01:27,  4.49it/s]Encoding documents (bs=32):  63%|██████▎   | 661/1053 [03:07<01:27,  4.47it/s]Encoding documents (bs=32):  63%|██████▎   | 662/1053 [03:07<01:27,  4.46it/s]Encoding documents (bs=32):  63%|██████▎   | 663/1053 [03:07<01:27,  4.45it/s]Encoding documents (bs=32):  63%|██████▎   | 664/1053 [03:07<01:25,  4.53it/s]Encoding documents (bs=32):  63%|██████▎   | 665/1053 [03:08<01:25,  4.53it/s]Encoding documents (bs=32):  63%|██████▎   | 666/1053 [03:08<01:25,  4.54it/s]Encoding documents (bs=32):  63%|██████▎   | 667/1053 [03:08<01:26,  4.48it/s]Encoding documents (bs=32):  63%|██████▎   | 668/1053 [03:08<01:26,  4.45it/s]Encoding documents (bs=32):  64%|██████▎   | 669/1053 [03:08<01:26,  4.42it/s]Encoding documents (bs=32):  64%|██████▎   | 670/1053 [03:09<01:26,  4.42it/s]Encoding documents (bs=32):  64%|██████▎   | 671/1053 [03:09<01:25,  4.44it/s]Encoding documents (bs=32):  64%|██████▍   | 672/1053 [03:09<01:25,  4.45it/s]Encoding documents (bs=32):  64%|██████▍   | 673/1053 [03:09<01:24,  4.49it/s]Encoding documents (bs=32):  64%|██████▍   | 674/1053 [03:10<01:24,  4.50it/s]Encoding documents (bs=32):  64%|██████▍   | 675/1053 [03:10<01:24,  4.48it/s]Encoding documents (bs=32):  64%|██████▍   | 676/1053 [03:10<01:24,  4.48it/s]Encoding documents (bs=32):  64%|██████▍   | 677/1053 [03:10<01:24,  4.44it/s]Encoding documents (bs=32):  64%|██████▍   | 678/1053 [03:10<01:24,  4.46it/s]Encoding documents (bs=32):  64%|██████▍   | 679/1053 [03:11<01:24,  4.41it/s]Encoding documents (bs=32):  65%|██████▍   | 680/1053 [03:11<01:24,  4.43it/s]Encoding documents (bs=32):  65%|██████▍   | 681/1053 [03:11<01:23,  4.43it/s]Encoding documents (bs=32):  65%|██████▍   | 682/1053 [03:11<01:22,  4.47it/s]Encoding documents (bs=32):  65%|██████▍   | 683/1053 [03:12<01:22,  4.49it/s]Encoding documents (bs=32):  65%|██████▍   | 684/1053 [03:12<01:22,  4.48it/s]Encoding documents (bs=32):  65%|██████▌   | 685/1053 [03:12<01:22,  4.44it/s]Encoding documents (bs=32):  65%|██████▌   | 686/1053 [03:12<01:23,  4.40it/s]Encoding documents (bs=32):  65%|██████▌   | 687/1053 [03:12<01:22,  4.42it/s]Encoding documents (bs=32):  65%|██████▌   | 688/1053 [03:13<01:21,  4.45it/s]Encoding documents (bs=32):  65%|██████▌   | 689/1053 [03:13<01:21,  4.44it/s]Encoding documents (bs=32):  66%|██████▌   | 690/1053 [03:13<01:21,  4.46it/s]Encoding documents (bs=32):  66%|██████▌   | 691/1053 [03:13<01:20,  4.47it/s]Encoding documents (bs=32):  66%|██████▌   | 692/1053 [03:14<01:20,  4.50it/s]Encoding documents (bs=32):  66%|██████▌   | 693/1053 [03:14<01:19,  4.53it/s]Encoding documents (bs=32):  66%|██████▌   | 694/1053 [03:14<01:19,  4.54it/s]Encoding documents (bs=32):  66%|██████▌   | 695/1053 [03:14<01:18,  4.59it/s]Encoding documents (bs=32):  66%|██████▌   | 696/1053 [03:14<01:18,  4.56it/s]Encoding documents (bs=32):  66%|██████▌   | 697/1053 [03:15<01:17,  4.57it/s]Encoding documents (bs=32):  66%|██████▋   | 698/1053 [03:15<01:17,  4.57it/s]Encoding documents (bs=32):  66%|██████▋   | 699/1053 [03:15<01:17,  4.57it/s]Encoding documents (bs=32):  66%|██████▋   | 700/1053 [03:15<01:17,  4.55it/s]Encoding documents (bs=32):  67%|██████▋   | 701/1053 [03:16<01:17,  4.56it/s]Encoding documents (bs=32):  67%|██████▋   | 702/1053 [03:16<01:16,  4.57it/s]Encoding documents (bs=32):  67%|██████▋   | 703/1053 [03:16<01:15,  4.62it/s]Encoding documents (bs=32):  67%|██████▋   | 704/1053 [03:16<01:15,  4.62it/s]Encoding documents (bs=32):  67%|██████▋   | 705/1053 [03:16<01:15,  4.61it/s]Encoding documents (bs=32):  67%|██████▋   | 706/1053 [03:17<01:15,  4.62it/s]Encoding documents (bs=32):  67%|██████▋   | 707/1053 [03:17<01:15,  4.59it/s]Encoding documents (bs=32):  67%|██████▋   | 708/1053 [03:17<01:15,  4.60it/s]Encoding documents (bs=32):  67%|██████▋   | 709/1053 [03:17<01:14,  4.60it/s]Encoding documents (bs=32):  67%|██████▋   | 710/1053 [03:17<01:14,  4.62it/s]Encoding documents (bs=32):  68%|██████▊   | 711/1053 [03:18<01:13,  4.63it/s]Encoding documents (bs=32):  68%|██████▊   | 712/1053 [03:18<01:13,  4.62it/s]Encoding documents (bs=32):  68%|██████▊   | 713/1053 [03:18<01:13,  4.61it/s]Encoding documents (bs=32):  68%|██████▊   | 714/1053 [03:18<01:13,  4.62it/s]Encoding documents (bs=32):  68%|██████▊   | 715/1053 [03:19<01:13,  4.58it/s]Encoding documents (bs=32):  68%|██████▊   | 716/1053 [03:19<01:13,  4.59it/s]Encoding documents (bs=32):  68%|██████▊   | 717/1053 [03:19<01:12,  4.61it/s]Encoding documents (bs=32):  68%|██████▊   | 718/1053 [03:19<01:13,  4.59it/s]Encoding documents (bs=32):  68%|██████▊   | 719/1053 [03:19<01:14,  4.47it/s]Encoding documents (bs=32):  68%|██████▊   | 720/1053 [03:20<01:14,  4.50it/s]Encoding documents (bs=32):  68%|██████▊   | 721/1053 [03:20<01:15,  4.41it/s]Encoding documents (bs=32):  69%|██████▊   | 722/1053 [03:20<01:14,  4.47it/s]Encoding documents (bs=32):  69%|██████▊   | 723/1053 [03:20<01:13,  4.51it/s]Encoding documents (bs=32):  69%|██████▉   | 724/1053 [03:21<01:12,  4.51it/s]Encoding documents (bs=32):  69%|██████▉   | 725/1053 [03:21<01:12,  4.53it/s]Encoding documents (bs=32):  69%|██████▉   | 726/1053 [03:21<01:12,  4.51it/s]Encoding documents (bs=32):  69%|██████▉   | 727/1053 [03:21<01:12,  4.51it/s]Encoding documents (bs=32):  69%|██████▉   | 728/1053 [03:21<01:12,  4.49it/s]Encoding documents (bs=32):  69%|██████▉   | 729/1053 [03:22<01:11,  4.50it/s]Encoding documents (bs=32):  69%|██████▉   | 730/1053 [03:22<01:10,  4.56it/s]Encoding documents (bs=32):  69%|██████▉   | 731/1053 [03:22<01:10,  4.58it/s]Encoding documents (bs=32):  70%|██████▉   | 732/1053 [03:22<01:10,  4.57it/s]Encoding documents (bs=32):  70%|██████▉   | 733/1053 [03:23<01:09,  4.63it/s]Encoding documents (bs=32):  70%|██████▉   | 734/1053 [03:23<01:08,  4.64it/s]Encoding documents (bs=32):  70%|██████▉   | 735/1053 [03:23<01:07,  4.68it/s]Encoding documents (bs=32):  70%|██████▉   | 736/1053 [03:23<01:07,  4.68it/s]Encoding documents (bs=32):  70%|██████▉   | 737/1053 [03:23<01:07,  4.71it/s]Encoding documents (bs=32):  70%|███████   | 738/1053 [03:24<01:06,  4.76it/s]Encoding documents (bs=32):  70%|███████   | 739/1053 [03:24<01:05,  4.77it/s]Encoding documents (bs=32):  70%|███████   | 740/1053 [03:24<01:05,  4.75it/s]Encoding documents (bs=32):  70%|███████   | 741/1053 [03:24<01:05,  4.76it/s]Encoding documents (bs=32):  70%|███████   | 742/1053 [03:24<01:04,  4.78it/s]Encoding documents (bs=32):  71%|███████   | 743/1053 [03:25<01:04,  4.79it/s]Encoding documents (bs=32):  71%|███████   | 744/1053 [03:25<01:04,  4.80it/s]Encoding documents (bs=32):  71%|███████   | 745/1053 [03:25<01:04,  4.78it/s]Encoding documents (bs=32):  71%|███████   | 746/1053 [03:25<01:04,  4.74it/s]Encoding documents (bs=32):  71%|███████   | 747/1053 [03:25<01:04,  4.75it/s]Encoding documents (bs=32):  71%|███████   | 748/1053 [03:26<01:03,  4.77it/s]Encoding documents (bs=32):  71%|███████   | 749/1053 [03:26<01:03,  4.80it/s]Encoding documents (bs=32):  71%|███████   | 750/1053 [03:26<01:03,  4.78it/s]Encoding documents (bs=32):  71%|███████▏  | 751/1053 [03:26<01:02,  4.80it/s]Encoding documents (bs=32):  71%|███████▏  | 752/1053 [03:27<01:02,  4.79it/s]Encoding documents (bs=32):  72%|███████▏  | 753/1053 [03:27<01:03,  4.74it/s]Encoding documents (bs=32):  72%|███████▏  | 754/1053 [03:27<01:02,  4.76it/s]Encoding documents (bs=32):  72%|███████▏  | 755/1053 [03:27<01:03,  4.71it/s]Encoding documents (bs=32):  72%|███████▏  | 756/1053 [03:27<01:02,  4.77it/s]Encoding documents (bs=32):  72%|███████▏  | 757/1053 [03:28<01:02,  4.77it/s]Encoding documents (bs=32):  72%|███████▏  | 758/1053 [03:28<01:01,  4.76it/s]Encoding documents (bs=32):  72%|███████▏  | 759/1053 [03:28<01:01,  4.80it/s]Encoding documents (bs=32):  72%|███████▏  | 760/1053 [03:28<01:00,  4.83it/s]Encoding documents (bs=32):  72%|███████▏  | 761/1053 [03:28<01:00,  4.86it/s]Encoding documents (bs=32):  72%|███████▏  | 762/1053 [03:29<00:59,  4.88it/s]Encoding documents (bs=32):  72%|███████▏  | 763/1053 [03:29<00:59,  4.85it/s]Encoding documents (bs=32):  73%|███████▎  | 764/1053 [03:29<00:59,  4.86it/s]Encoding documents (bs=32):  73%|███████▎  | 765/1053 [03:29<00:59,  4.82it/s]Encoding documents (bs=32):  73%|███████▎  | 766/1053 [03:29<00:59,  4.83it/s]Encoding documents (bs=32):  73%|███████▎  | 767/1053 [03:30<00:58,  4.86it/s]Encoding documents (bs=32):  73%|███████▎  | 768/1053 [03:30<00:58,  4.86it/s]Encoding documents (bs=32):  73%|███████▎  | 769/1053 [03:30<00:58,  4.86it/s]Encoding documents (bs=32):  73%|███████▎  | 770/1053 [03:30<00:58,  4.85it/s]Encoding documents (bs=32):  73%|███████▎  | 771/1053 [03:30<00:58,  4.84it/s]Encoding documents (bs=32):  73%|███████▎  | 772/1053 [03:31<00:57,  4.85it/s]Encoding documents (bs=32):  73%|███████▎  | 773/1053 [03:31<00:57,  4.85it/s]Encoding documents (bs=32):  74%|███████▎  | 774/1053 [03:31<00:57,  4.86it/s]Encoding documents (bs=32):  74%|███████▎  | 775/1053 [03:31<00:57,  4.83it/s]Encoding documents (bs=32):  74%|███████▎  | 776/1053 [03:31<00:57,  4.85it/s]Encoding documents (bs=32):  74%|███████▍  | 777/1053 [03:32<00:56,  4.87it/s]Encoding documents (bs=32):  74%|███████▍  | 778/1053 [03:32<00:57,  4.82it/s]Encoding documents (bs=32):  74%|███████▍  | 779/1053 [03:32<00:56,  4.83it/s]Encoding documents (bs=32):  74%|███████▍  | 780/1053 [03:32<00:57,  4.78it/s]Encoding documents (bs=32):  74%|███████▍  | 781/1053 [03:33<00:56,  4.79it/s]Encoding documents (bs=32):  74%|███████▍  | 782/1053 [03:33<00:56,  4.82it/s]Encoding documents (bs=32):  74%|███████▍  | 783/1053 [03:33<00:55,  4.83it/s]Encoding documents (bs=32):  74%|███████▍  | 784/1053 [03:33<00:55,  4.85it/s]Encoding documents (bs=32):  75%|███████▍  | 785/1053 [03:33<00:55,  4.81it/s]Encoding documents (bs=32):  75%|███████▍  | 786/1053 [03:34<00:55,  4.82it/s]Encoding documents (bs=32):  75%|███████▍  | 787/1053 [03:34<00:55,  4.81it/s]Encoding documents (bs=32):  75%|███████▍  | 788/1053 [03:34<00:54,  4.82it/s]Encoding documents (bs=32):  75%|███████▍  | 789/1053 [03:34<00:54,  4.83it/s]Encoding documents (bs=32):  75%|███████▌  | 790/1053 [03:34<00:54,  4.82it/s]Encoding documents (bs=32):  75%|███████▌  | 791/1053 [03:35<00:53,  4.85it/s]Encoding documents (bs=32):  75%|███████▌  | 792/1053 [03:35<00:54,  4.78it/s]Encoding documents (bs=32):  75%|███████▌  | 793/1053 [03:35<00:54,  4.81it/s]Encoding documents (bs=32):  75%|███████▌  | 794/1053 [03:35<00:53,  4.83it/s]Encoding documents (bs=32):  75%|███████▌  | 795/1053 [03:35<00:52,  4.88it/s]Encoding documents (bs=32):  76%|███████▌  | 796/1053 [03:36<00:53,  4.85it/s]Encoding documents (bs=32):  76%|███████▌  | 797/1053 [03:36<00:52,  4.88it/s]Encoding documents (bs=32):  76%|███████▌  | 798/1053 [03:36<00:52,  4.89it/s]Encoding documents (bs=32):  76%|███████▌  | 799/1053 [03:36<00:51,  4.89it/s]Encoding documents (bs=32):  76%|███████▌  | 800/1053 [03:36<00:51,  4.90it/s]Encoding documents (bs=32):  76%|███████▌  | 801/1053 [03:37<00:51,  4.89it/s]Encoding documents (bs=32):  76%|███████▌  | 802/1053 [03:37<00:51,  4.89it/s]Encoding documents (bs=32):  76%|███████▋  | 803/1053 [03:37<00:51,  4.86it/s]Encoding documents (bs=32):  76%|███████▋  | 804/1053 [03:37<00:51,  4.85it/s]Encoding documents (bs=32):  76%|███████▋  | 805/1053 [03:37<00:51,  4.81it/s]Encoding documents (bs=32):  77%|███████▋  | 806/1053 [03:38<00:50,  4.85it/s]Encoding documents (bs=32):  77%|███████▋  | 807/1053 [03:38<00:50,  4.89it/s]Encoding documents (bs=32):  77%|███████▋  | 808/1053 [03:38<00:49,  4.90it/s]Encoding documents (bs=32):  77%|███████▋  | 809/1053 [03:38<00:49,  4.90it/s]Encoding documents (bs=32):  77%|███████▋  | 810/1053 [03:38<00:49,  4.92it/s]Encoding documents (bs=32):  77%|███████▋  | 811/1053 [03:39<00:49,  4.94it/s]Encoding documents (bs=32):  77%|███████▋  | 812/1053 [03:39<00:49,  4.91it/s]Encoding documents (bs=32):  77%|███████▋  | 813/1053 [03:39<00:48,  4.92it/s]Encoding documents (bs=32):  77%|███████▋  | 814/1053 [03:39<00:48,  4.90it/s]Encoding documents (bs=32):  77%|███████▋  | 815/1053 [03:40<00:48,  4.92it/s]Encoding documents (bs=32):  77%|███████▋  | 816/1053 [03:40<00:48,  4.90it/s]Encoding documents (bs=32):  78%|███████▊  | 817/1053 [03:40<00:48,  4.91it/s]Encoding documents (bs=32):  78%|███████▊  | 818/1053 [03:40<00:47,  4.90it/s]Encoding documents (bs=32):  78%|███████▊  | 819/1053 [03:40<00:47,  4.89it/s]Encoding documents (bs=32):  78%|███████▊  | 820/1053 [03:41<00:47,  4.89it/s]Encoding documents (bs=32):  78%|███████▊  | 821/1053 [03:41<00:47,  4.90it/s]Encoding documents (bs=32):  78%|███████▊  | 822/1053 [03:41<00:47,  4.88it/s]Encoding documents (bs=32):  78%|███████▊  | 823/1053 [03:41<00:47,  4.88it/s]Encoding documents (bs=32):  78%|███████▊  | 824/1053 [03:41<00:47,  4.86it/s]Encoding documents (bs=32):  78%|███████▊  | 825/1053 [03:42<00:47,  4.84it/s]Encoding documents (bs=32):  78%|███████▊  | 826/1053 [03:42<00:46,  4.86it/s]Encoding documents (bs=32):  79%|███████▊  | 827/1053 [03:42<00:46,  4.88it/s]Encoding documents (bs=32):  79%|███████▊  | 828/1053 [03:42<00:46,  4.86it/s]Encoding documents (bs=32):  79%|███████▊  | 829/1053 [03:42<00:45,  4.90it/s]Encoding documents (bs=32):  79%|███████▉  | 830/1053 [03:43<00:45,  4.89it/s]Encoding documents (bs=32):  79%|███████▉  | 831/1053 [03:43<00:44,  4.93it/s]Encoding documents (bs=32):  79%|███████▉  | 832/1053 [03:43<00:44,  4.93it/s]Encoding documents (bs=32):  79%|███████▉  | 833/1053 [03:43<00:44,  4.92it/s]Encoding documents (bs=32):  79%|███████▉  | 834/1053 [03:43<00:44,  4.96it/s]Encoding documents (bs=32):  79%|███████▉  | 835/1053 [03:44<00:43,  4.97it/s]Encoding documents (bs=32):  79%|███████▉  | 836/1053 [03:44<00:43,  5.00it/s]Encoding documents (bs=32):  79%|███████▉  | 837/1053 [03:44<00:43,  4.96it/s]Encoding documents (bs=32):  80%|███████▉  | 838/1053 [03:44<00:43,  4.94it/s]Encoding documents (bs=32):  80%|███████▉  | 839/1053 [03:44<00:43,  4.96it/s]Encoding documents (bs=32):  80%|███████▉  | 840/1053 [03:45<00:43,  4.94it/s]Encoding documents (bs=32):  80%|███████▉  | 841/1053 [03:45<00:42,  4.93it/s]Encoding documents (bs=32):  80%|███████▉  | 842/1053 [03:45<00:42,  4.94it/s]Encoding documents (bs=32):  80%|████████  | 843/1053 [03:45<00:42,  4.98it/s]Encoding documents (bs=32):  80%|████████  | 844/1053 [03:45<00:41,  4.99it/s]Encoding documents (bs=32):  80%|████████  | 845/1053 [03:46<00:41,  4.95it/s]Encoding documents (bs=32):  80%|████████  | 846/1053 [03:46<00:41,  4.95it/s]Encoding documents (bs=32):  80%|████████  | 847/1053 [03:46<00:41,  4.93it/s]Encoding documents (bs=32):  81%|████████  | 848/1053 [03:46<00:41,  4.93it/s]Encoding documents (bs=32):  81%|████████  | 849/1053 [03:46<00:41,  4.93it/s]Encoding documents (bs=32):  81%|████████  | 850/1053 [03:47<00:40,  4.96it/s]Encoding documents (bs=32):  81%|████████  | 851/1053 [03:47<00:40,  4.93it/s]Encoding documents (bs=32):  81%|████████  | 852/1053 [03:47<00:41,  4.85it/s]Encoding documents (bs=32):  81%|████████  | 853/1053 [03:47<00:40,  4.89it/s]Encoding documents (bs=32):  81%|████████  | 854/1053 [03:47<00:40,  4.88it/s]Encoding documents (bs=32):  81%|████████  | 855/1053 [03:48<00:39,  4.95it/s]Encoding documents (bs=32):  81%|████████▏ | 856/1053 [03:48<00:39,  4.95it/s]Encoding documents (bs=32):  81%|████████▏ | 857/1053 [03:48<00:39,  4.94it/s]Encoding documents (bs=32):  81%|████████▏ | 858/1053 [03:48<00:39,  4.92it/s]Encoding documents (bs=32):  82%|████████▏ | 859/1053 [03:48<00:39,  4.93it/s]Encoding documents (bs=32):  82%|████████▏ | 860/1053 [03:49<00:39,  4.93it/s]Encoding documents (bs=32):  82%|████████▏ | 861/1053 [03:49<00:38,  4.98it/s]Encoding documents (bs=32):  82%|████████▏ | 862/1053 [03:49<00:38,  4.94it/s]Encoding documents (bs=32):  82%|████████▏ | 863/1053 [03:49<00:38,  4.95it/s]Encoding documents (bs=32):  82%|████████▏ | 864/1053 [03:49<00:38,  4.96it/s]Encoding documents (bs=32):  82%|████████▏ | 865/1053 [03:50<00:37,  4.97it/s]Encoding documents (bs=32):  82%|████████▏ | 866/1053 [03:50<00:37,  4.95it/s]Encoding documents (bs=32):  82%|████████▏ | 867/1053 [03:50<00:37,  4.98it/s]Encoding documents (bs=32):  82%|████████▏ | 868/1053 [03:50<00:36,  5.02it/s]Encoding documents (bs=32):  83%|████████▎ | 869/1053 [03:50<00:37,  4.97it/s]Encoding documents (bs=32):  83%|████████▎ | 870/1053 [03:51<00:36,  4.97it/s]Encoding documents (bs=32):  83%|████████▎ | 871/1053 [03:51<00:36,  4.95it/s]Encoding documents (bs=32):  83%|████████▎ | 872/1053 [03:51<00:36,  4.95it/s]Encoding documents (bs=32):  83%|████████▎ | 873/1053 [03:51<00:36,  4.98it/s]Encoding documents (bs=32):  83%|████████▎ | 874/1053 [03:51<00:35,  4.99it/s]Encoding documents (bs=32):  83%|████████▎ | 875/1053 [03:52<00:35,  4.96it/s]Encoding documents (bs=32):  83%|████████▎ | 876/1053 [03:52<00:35,  4.96it/s]Encoding documents (bs=32):  83%|████████▎ | 877/1053 [03:52<00:35,  4.91it/s]Encoding documents (bs=32):  83%|████████▎ | 878/1053 [03:52<00:35,  4.95it/s]Encoding documents (bs=32):  83%|████████▎ | 879/1053 [03:52<00:35,  4.93it/s]Encoding documents (bs=32):  84%|████████▎ | 880/1053 [03:53<00:35,  4.90it/s]Encoding documents (bs=32):  84%|████████▎ | 881/1053 [03:53<00:35,  4.91it/s]Encoding documents (bs=32):  84%|████████▍ | 882/1053 [03:53<00:34,  4.97it/s]Encoding documents (bs=32):  84%|████████▍ | 883/1053 [03:53<00:34,  4.94it/s]Encoding documents (bs=32):  84%|████████▍ | 884/1053 [03:53<00:33,  4.98it/s]Encoding documents (bs=32):  84%|████████▍ | 885/1053 [03:54<00:33,  4.96it/s]Encoding documents (bs=32):  84%|████████▍ | 886/1053 [03:54<00:33,  4.97it/s]Encoding documents (bs=32):  84%|████████▍ | 887/1053 [03:54<00:34,  4.76it/s]Encoding documents (bs=32):  84%|████████▍ | 888/1053 [03:54<00:35,  4.68it/s]Encoding documents (bs=32):  84%|████████▍ | 889/1053 [03:55<00:34,  4.81it/s]Encoding documents (bs=32):  85%|████████▍ | 890/1053 [03:55<00:33,  4.85it/s]Encoding documents (bs=32):  85%|████████▍ | 891/1053 [03:55<00:33,  4.88it/s]Encoding documents (bs=32):  85%|████████▍ | 892/1053 [03:55<00:33,  4.87it/s]Encoding documents (bs=32):  85%|████████▍ | 893/1053 [03:55<00:32,  4.93it/s]Encoding documents (bs=32):  85%|████████▍ | 894/1053 [03:56<00:32,  4.89it/s]Encoding documents (bs=32):  85%|████████▍ | 895/1053 [03:56<00:32,  4.89it/s]Encoding documents (bs=32):  85%|████████▌ | 896/1053 [03:56<00:31,  4.93it/s]Encoding documents (bs=32):  85%|████████▌ | 897/1053 [03:56<00:31,  4.91it/s]Encoding documents (bs=32):  85%|████████▌ | 898/1053 [03:56<00:31,  4.96it/s]Encoding documents (bs=32):  85%|████████▌ | 899/1053 [03:57<00:30,  5.01it/s]Encoding documents (bs=32):  85%|████████▌ | 900/1053 [03:57<00:30,  5.00it/s]Encoding documents (bs=32):  86%|████████▌ | 901/1053 [03:57<00:30,  4.95it/s]Encoding documents (bs=32):  86%|████████▌ | 902/1053 [03:57<00:30,  4.94it/s]Encoding documents (bs=32):  86%|████████▌ | 903/1053 [03:57<00:30,  4.98it/s]Encoding documents (bs=32):  86%|████████▌ | 904/1053 [03:58<00:29,  5.02it/s]Encoding documents (bs=32):  86%|████████▌ | 905/1053 [03:58<00:29,  5.05it/s]Encoding documents (bs=32):  86%|████████▌ | 906/1053 [03:58<00:29,  5.02it/s]Encoding documents (bs=32):  86%|████████▌ | 907/1053 [03:58<00:29,  4.98it/s]Encoding documents (bs=32):  86%|████████▌ | 908/1053 [03:58<00:28,  5.02it/s]Encoding documents (bs=32):  86%|████████▋ | 909/1053 [03:59<00:28,  5.05it/s]Encoding documents (bs=32):  86%|████████▋ | 910/1053 [03:59<00:28,  4.96it/s]Encoding documents (bs=32):  87%|████████▋ | 911/1053 [03:59<00:28,  4.96it/s]Encoding documents (bs=32):  87%|████████▋ | 912/1053 [03:59<00:28,  4.96it/s]Encoding documents (bs=32):  87%|████████▋ | 913/1053 [03:59<00:28,  4.98it/s]Encoding documents (bs=32):  87%|████████▋ | 914/1053 [04:00<00:27,  4.98it/s]Encoding documents (bs=32):  87%|████████▋ | 915/1053 [04:00<00:27,  5.03it/s]Encoding documents (bs=32):  87%|████████▋ | 916/1053 [04:00<00:27,  5.02it/s]Encoding documents (bs=32):  87%|████████▋ | 917/1053 [04:00<00:27,  4.96it/s]Encoding documents (bs=32):  87%|████████▋ | 918/1053 [04:00<00:27,  4.85it/s]Encoding documents (bs=32):  87%|████████▋ | 919/1053 [04:01<00:27,  4.84it/s]Encoding documents (bs=32):  87%|████████▋ | 920/1053 [04:01<00:26,  4.93it/s]Encoding documents (bs=32):  87%|████████▋ | 921/1053 [04:01<00:26,  5.00it/s]Encoding documents (bs=32):  88%|████████▊ | 922/1053 [04:01<00:26,  4.96it/s]Encoding documents (bs=32):  88%|████████▊ | 923/1053 [04:01<00:26,  4.98it/s]Encoding documents (bs=32):  88%|████████▊ | 924/1053 [04:02<00:25,  5.06it/s]Encoding documents (bs=32):  88%|████████▊ | 925/1053 [04:02<00:25,  5.02it/s]Encoding documents (bs=32):  88%|████████▊ | 926/1053 [04:02<00:25,  5.01it/s]Encoding documents (bs=32):  88%|████████▊ | 927/1053 [04:02<00:25,  5.01it/s]Encoding documents (bs=32):  88%|████████▊ | 928/1053 [04:02<00:24,  5.00it/s]Encoding documents (bs=32):  88%|████████▊ | 929/1053 [04:03<00:24,  4.97it/s]Encoding documents (bs=32):  88%|████████▊ | 930/1053 [04:03<00:25,  4.89it/s]Encoding documents (bs=32):  88%|████████▊ | 931/1053 [04:03<00:24,  4.91it/s]Encoding documents (bs=32):  89%|████████▊ | 932/1053 [04:03<00:24,  4.87it/s]Encoding documents (bs=32):  89%|████████▊ | 933/1053 [04:03<00:24,  4.85it/s]Encoding documents (bs=32):  89%|████████▊ | 934/1053 [04:04<00:24,  4.87it/s]Encoding documents (bs=32):  89%|████████▉ | 935/1053 [04:04<00:24,  4.84it/s]Encoding documents (bs=32):  89%|████████▉ | 936/1053 [04:04<00:24,  4.86it/s]Encoding documents (bs=32):  89%|████████▉ | 937/1053 [04:04<00:23,  4.92it/s]Encoding documents (bs=32):  89%|████████▉ | 938/1053 [04:04<00:23,  4.92it/s]Encoding documents (bs=32):  89%|████████▉ | 939/1053 [04:05<00:23,  4.86it/s]Encoding documents (bs=32):  89%|████████▉ | 940/1053 [04:05<00:22,  4.94it/s]Encoding documents (bs=32):  89%|████████▉ | 941/1053 [04:05<00:22,  4.99it/s]Encoding documents (bs=32):  89%|████████▉ | 942/1053 [04:05<00:22,  4.99it/s]Encoding documents (bs=32):  90%|████████▉ | 943/1053 [04:05<00:21,  5.06it/s]Encoding documents (bs=32):  90%|████████▉ | 944/1053 [04:06<00:21,  5.08it/s]Encoding documents (bs=32):  90%|████████▉ | 945/1053 [04:06<00:21,  5.08it/s]Encoding documents (bs=32):  90%|████████▉ | 946/1053 [04:06<00:21,  5.08it/s]Encoding documents (bs=32):  90%|████████▉ | 947/1053 [04:06<00:20,  5.07it/s]Encoding documents (bs=32):  90%|█████████ | 948/1053 [04:06<00:20,  5.08it/s]Encoding documents (bs=32):  90%|█████████ | 949/1053 [04:07<00:20,  4.98it/s]Encoding documents (bs=32):  90%|█████████ | 950/1053 [04:07<00:20,  4.97it/s]Encoding documents (bs=32):  90%|█████████ | 951/1053 [04:07<00:20,  4.99it/s]Encoding documents (bs=32):  90%|█████████ | 952/1053 [04:07<00:20,  5.00it/s]Encoding documents (bs=32):  91%|█████████ | 953/1053 [04:07<00:19,  5.03it/s]Encoding documents (bs=32):  91%|█████████ | 954/1053 [04:08<00:19,  5.03it/s]Encoding documents (bs=32):  91%|█████████ | 955/1053 [04:08<00:19,  4.95it/s]Encoding documents (bs=32):  91%|█████████ | 956/1053 [04:08<00:19,  4.96it/s]Encoding documents (bs=32):  91%|█████████ | 957/1053 [04:08<00:19,  4.93it/s]Encoding documents (bs=32):  91%|█████████ | 958/1053 [04:08<00:19,  4.94it/s]Encoding documents (bs=32):  91%|█████████ | 959/1053 [04:09<00:18,  4.95it/s]Encoding documents (bs=32):  91%|█████████ | 960/1053 [04:09<00:19,  4.83it/s]Encoding documents (bs=32):  91%|█████████▏| 961/1053 [04:09<00:19,  4.82it/s]Encoding documents (bs=32):  91%|█████████▏| 962/1053 [04:09<00:18,  4.87it/s]Encoding documents (bs=32):  91%|█████████▏| 963/1053 [04:09<00:18,  4.92it/s]Encoding documents (bs=32):  92%|█████████▏| 964/1053 [04:10<00:17,  4.97it/s]Encoding documents (bs=32):  92%|█████████▏| 965/1053 [04:10<00:17,  4.95it/s]Encoding documents (bs=32):  92%|█████████▏| 966/1053 [04:10<00:17,  4.94it/s]Encoding documents (bs=32):  92%|█████████▏| 967/1053 [04:10<00:17,  4.94it/s]Encoding documents (bs=32):  92%|█████████▏| 968/1053 [04:10<00:17,  4.94it/s]Encoding documents (bs=32):  92%|█████████▏| 969/1053 [04:11<00:16,  4.96it/s]Encoding documents (bs=32):  92%|█████████▏| 970/1053 [04:11<00:16,  4.93it/s]Encoding documents (bs=32):  92%|█████████▏| 971/1053 [04:11<00:16,  4.93it/s]Encoding documents (bs=32):  92%|█████████▏| 972/1053 [04:11<00:16,  4.93it/s]Encoding documents (bs=32):  92%|█████████▏| 973/1053 [04:11<00:16,  4.96it/s]Encoding documents (bs=32):  92%|█████████▏| 974/1053 [04:12<00:15,  5.01it/s]Encoding documents (bs=32):  93%|█████████▎| 975/1053 [04:12<00:15,  5.08it/s]Encoding documents (bs=32):  93%|█████████▎| 976/1053 [04:12<00:15,  5.06it/s]Encoding documents (bs=32):  93%|█████████▎| 977/1053 [04:12<00:15,  5.03it/s]Encoding documents (bs=32):  93%|█████████▎| 978/1053 [04:12<00:14,  5.03it/s]Encoding documents (bs=32):  93%|█████████▎| 979/1053 [04:13<00:14,  5.04it/s]Encoding documents (bs=32):  93%|█████████▎| 980/1053 [04:13<00:14,  4.97it/s]Encoding documents (bs=32):  93%|█████████▎| 981/1053 [04:13<00:14,  4.92it/s]Encoding documents (bs=32):  93%|█████████▎| 982/1053 [04:13<00:14,  4.95it/s]Encoding documents (bs=32):  93%|█████████▎| 983/1053 [04:13<00:14,  4.93it/s]Encoding documents (bs=32):  93%|█████████▎| 984/1053 [04:14<00:13,  4.95it/s]Encoding documents (bs=32):  94%|█████████▎| 985/1053 [04:14<00:13,  4.92it/s]Encoding documents (bs=32):  94%|█████████▎| 986/1053 [04:14<00:13,  4.89it/s]Encoding documents (bs=32):  94%|█████████▎| 987/1053 [04:14<00:13,  4.87it/s]Encoding documents (bs=32):  94%|█████████▍| 988/1053 [04:15<00:13,  4.92it/s]Encoding documents (bs=32):  94%|█████████▍| 989/1053 [04:15<00:12,  4.93it/s]Encoding documents (bs=32):  94%|█████████▍| 990/1053 [04:15<00:12,  4.93it/s]Encoding documents (bs=32):  94%|█████████▍| 991/1053 [04:15<00:12,  4.95it/s]Encoding documents (bs=32):  94%|█████████▍| 992/1053 [04:15<00:12,  5.02it/s]Encoding documents (bs=32):  94%|█████████▍| 993/1053 [04:15<00:11,  5.04it/s]Encoding documents (bs=32):  94%|█████████▍| 994/1053 [04:16<00:11,  5.03it/s]Encoding documents (bs=32):  94%|█████████▍| 995/1053 [04:16<00:11,  5.02it/s]Encoding documents (bs=32):  95%|█████████▍| 996/1053 [04:16<00:11,  5.03it/s]Encoding documents (bs=32):  95%|█████████▍| 997/1053 [04:16<00:11,  4.99it/s]Encoding documents (bs=32):  95%|█████████▍| 998/1053 [04:16<00:11,  4.99it/s]Encoding documents (bs=32):  95%|█████████▍| 999/1053 [04:17<00:10,  4.95it/s]Encoding documents (bs=32):  95%|█████████▍| 1000/1053 [04:17<00:10,  4.93it/s]Encoding documents (bs=32):  95%|█████████▌| 1001/1053 [04:17<00:10,  4.91it/s]Encoding documents (bs=32):  95%|█████████▌| 1002/1053 [04:17<00:10,  4.92it/s]Encoding documents (bs=32):  95%|█████████▌| 1003/1053 [04:18<00:10,  4.98it/s]Encoding documents (bs=32):  95%|█████████▌| 1004/1053 [04:18<00:09,  5.03it/s]Encoding documents (bs=32):  95%|█████████▌| 1005/1053 [04:18<00:09,  5.04it/s]Encoding documents (bs=32):  96%|█████████▌| 1006/1053 [04:18<00:09,  5.05it/s]Encoding documents (bs=32):  96%|█████████▌| 1007/1053 [04:18<00:09,  5.09it/s]Encoding documents (bs=32):  96%|█████████▌| 1008/1053 [04:18<00:08,  5.12it/s]Encoding documents (bs=32):  96%|█████████▌| 1009/1053 [04:19<00:08,  5.10it/s]Encoding documents (bs=32):  96%|█████████▌| 1010/1053 [04:19<00:08,  5.11it/s]Encoding documents (bs=32):  96%|█████████▌| 1011/1053 [04:19<00:08,  5.02it/s]Encoding documents (bs=32):  96%|█████████▌| 1012/1053 [04:19<00:08,  5.03it/s]Encoding documents (bs=32):  96%|█████████▌| 1013/1053 [04:19<00:07,  5.06it/s]Encoding documents (bs=32):  96%|█████████▋| 1014/1053 [04:20<00:07,  5.05it/s]Encoding documents (bs=32):  96%|█████████▋| 1015/1053 [04:20<00:07,  5.04it/s]Encoding documents (bs=32):  96%|█████████▋| 1016/1053 [04:20<00:07,  5.06it/s]Encoding documents (bs=32):  97%|█████████▋| 1017/1053 [04:20<00:07,  4.99it/s]Encoding documents (bs=32):  97%|█████████▋| 1018/1053 [04:20<00:06,  5.02it/s]Encoding documents (bs=32):  97%|█████████▋| 1019/1053 [04:21<00:06,  5.09it/s]Encoding documents (bs=32):  97%|█████████▋| 1020/1053 [04:21<00:06,  5.14it/s]Encoding documents (bs=32):  97%|█████████▋| 1021/1053 [04:21<00:06,  5.17it/s]Encoding documents (bs=32):  97%|█████████▋| 1022/1053 [04:21<00:05,  5.17it/s]Encoding documents (bs=32):  97%|█████████▋| 1023/1053 [04:21<00:05,  5.14it/s]Encoding documents (bs=32):  97%|█████████▋| 1024/1053 [04:22<00:05,  5.16it/s]Encoding documents (bs=32):  97%|█████████▋| 1025/1053 [04:22<00:05,  5.20it/s]Encoding documents (bs=32):  97%|█████████▋| 1026/1053 [04:22<00:05,  5.17it/s]Encoding documents (bs=32):  98%|█████████▊| 1027/1053 [04:22<00:05,  5.06it/s]Encoding documents (bs=32):  98%|█████████▊| 1028/1053 [04:22<00:04,  5.09it/s]Encoding documents (bs=32):  98%|█████████▊| 1029/1053 [04:23<00:04,  5.08it/s]Encoding documents (bs=32):  98%|█████████▊| 1030/1053 [04:23<00:04,  5.03it/s]Encoding documents (bs=32):  98%|█████████▊| 1031/1053 [04:23<00:04,  4.91it/s]Encoding documents (bs=32):  98%|█████████▊| 1032/1053 [04:23<00:04,  4.96it/s]Encoding documents (bs=32):  98%|█████████▊| 1033/1053 [04:23<00:04,  4.95it/s]Encoding documents (bs=32):  98%|█████████▊| 1034/1053 [04:24<00:03,  4.99it/s]Encoding documents (bs=32):  98%|█████████▊| 1035/1053 [04:24<00:03,  5.06it/s]Encoding documents (bs=32):  98%|█████████▊| 1036/1053 [04:24<00:03,  5.09it/s]Encoding documents (bs=32):  98%|█████████▊| 1037/1053 [04:24<00:03,  5.12it/s]Encoding documents (bs=32):  99%|█████████▊| 1038/1053 [04:24<00:02,  5.09it/s]Encoding documents (bs=32):  99%|█████████▊| 1039/1053 [04:25<00:02,  5.13it/s]Encoding documents (bs=32):  99%|█████████▉| 1040/1053 [04:25<00:02,  5.18it/s]Encoding documents (bs=32):  99%|█████████▉| 1041/1053 [04:25<00:02,  5.16it/s]Encoding documents (bs=32):  99%|█████████▉| 1042/1053 [04:25<00:02,  5.16it/s]Encoding documents (bs=32):  99%|█████████▉| 1043/1053 [04:25<00:01,  5.17it/s]Encoding documents (bs=32):  99%|█████████▉| 1044/1053 [04:26<00:01,  5.18it/s]Encoding documents (bs=32):  99%|█████████▉| 1045/1053 [04:26<00:01,  5.15it/s]Encoding documents (bs=32):  99%|█████████▉| 1046/1053 [04:26<00:01,  5.11it/s]Encoding documents (bs=32):  99%|█████████▉| 1047/1053 [04:26<00:01,  5.18it/s]Encoding documents (bs=32): 100%|█████████▉| 1048/1053 [04:26<00:00,  5.24it/s]Encoding documents (bs=32): 100%|█████████▉| 1049/1053 [04:27<00:00,  5.31it/s]Encoding documents (bs=32): 100%|█████████▉| 1050/1053 [04:27<00:00,  5.37it/s]Encoding documents (bs=32): 100%|█████████▉| 1051/1053 [04:27<00:00,  5.36it/s]Encoding documents (bs=32): 100%|█████████▉| 1052/1053 [04:27<00:00,  5.41it/s]Encoding documents (bs=32): 100%|██████████| 1053/1053 [04:27<00:00,  5.55it/s]Encoding documents (bs=32): 100%|██████████| 1053/1053 [04:27<00:00,  3.93it/s]
2026-08-11 09:16:11,211 INFO root: ✅ Index with FastPlaid backend.
2026-08-11 09:16:11,222 WARNING it_colbert.benchmark.retrievers: index backend failed (/home/enricollen/PROJECTS/it-colbert/.venv/lib/python3.11/site-packages/fast_plaid/fast_plaid_rust.cpython-311-x86_64-linux-gnu.so: undefined symbol: _ZN3c106detail14torchCheckFailEPKcS2_jRKNSt7__cxx1112basic_stringIcSt11char_traitsIcESaIcEEE); trying next
Adding documents to the index (bs=2000):   0%|          | 0/17 [00:00<?, ?it/s]Adding documents to the index (bs=2000):   6%|▌         | 1/17 [00:07<02:06,  7.94s/it]Adding documents to the index (bs=2000):  12%|█▏        | 2/17 [00:19<02:31, 10.13s/it]Adding documents to the index (bs=2000):  18%|█▊        | 3/17 [00:31<02:35, 11.08s/it]Adding documents to the index (bs=2000):  24%|██▎       | 4/17 [00:45<02:37, 12.10s/it]Adding documents to the index (bs=2000):  29%|██▉       | 5/17 [01:00<02:36, 13.04s/it]Adding documents to the index (bs=2000):  35%|███▌      | 6/17 [01:15<02:31, 13.77s/it]Adding documents to the index (bs=2000):  41%|████      | 7/17 [01:30<02:20, 14.09s/it]Adding documents to the index (bs=2000):  47%|████▋     | 8/17 [01:45<02:10, 14.45s/it]Adding documents to the index (bs=2000):  53%|█████▎    | 9/17 [02:00<01:57, 14.63s/it]Adding documents to the index (bs=2000):  59%|█████▉    | 10/17 [02:15<01:44, 14.92s/it]Adding documents to the index (bs=2000):  65%|██████▍   | 11/17 [02:31<01:30, 15.11s/it]Adding documents to the index (bs=2000):  71%|███████   | 12/17 [02:46<01:16, 15.22s/it]Adding documents to the index (bs=2000):  76%|███████▋  | 13/17 [03:03<01:02, 15.54s/it]Adding documents to the index (bs=2000):  82%|████████▏ | 14/17 [03:19<00:47, 15.73s/it]Adding documents to the index (bs=2000):  88%|████████▊ | 15/17 [03:35<00:31, 15.89s/it]Adding documents to the index (bs=2000):  94%|█████████▍| 16/17 [03:51<00:15, 15.90s/it]Adding documents to the index (bs=2000): 100%|██████████| 17/17 [04:05<00:00, 15.26s/it]Adding documents to the index (bs=2000): 100%|██████████| 17/17 [04:05<00:00, 14.43s/it]
Encoding queries (bs=32):   0%|          | 0/25 [00:00<?, ?it/s]Encoding queries (bs=32):   4%|▍         | 1/25 [00:00<00:08,  2.84it/s]Encoding queries (bs=32):   8%|▊         | 2/25 [00:00<00:07,  3.27it/s]Encoding queries (bs=32):  12%|█▏        | 3/25 [00:00<00:06,  3.56it/s]Encoding queries (bs=32):  16%|█▌        | 4/25 [00:01<00:05,  3.83it/s]Encoding queries (bs=32):  20%|██        | 5/25 [00:01<00:04,  4.06it/s]Encoding queries (bs=32):  24%|██▍       | 6/25 [00:01<00:04,  4.19it/s]Encoding queries (bs=32):  28%|██▊       | 7/25 [00:01<00:04,  4.30it/s]Encoding queries (bs=32):  32%|███▏      | 8/25 [00:01<00:03,  4.40it/s]Encoding queries (bs=32):  36%|███▌      | 9/25 [00:02<00:03,  4.46it/s]Encoding queries (bs=32):  40%|████      | 10/25 [00:02<00:03,  4.83it/s]Encoding queries (bs=32):  44%|████▍     | 11/25 [00:02<00:02,  5.11it/s]Encoding queries (bs=32):  48%|████▊     | 12/25 [00:02<00:02,  5.30it/s]Encoding queries (bs=32):  52%|█████▏    | 13/25 [00:02<00:02,  5.40it/s]Encoding queries (bs=32):  56%|█████▌    | 14/25 [00:03<00:02,  5.47it/s]Encoding queries (bs=32):  60%|██████    | 15/25 [00:03<00:01,  5.58it/s]Encoding queries (bs=32):  64%|██████▍   | 16/25 [00:03<00:01,  5.64it/s]Encoding queries (bs=32):  68%|██████▊   | 17/25 [00:03<00:01,  5.65it/s]Encoding queries (bs=32):  72%|███████▏  | 18/25 [00:03<00:01,  5.71it/s]Encoding queries (bs=32):  76%|███████▌  | 19/25 [00:03<00:01,  5.70it/s]Encoding queries (bs=32):  80%|████████  | 20/25 [00:04<00:00,  5.42it/s]Encoding queries (bs=32):  84%|████████▍ | 21/25 [00:04<00:00,  5.15it/s]Encoding queries (bs=32):  88%|████████▊ | 22/25 [00:04<00:00,  4.96it/s]Encoding queries (bs=32):  92%|█████████▏| 23/25 [00:04<00:00,  4.83it/s]Encoding queries (bs=32):  96%|█████████▌| 24/25 [00:04<00:00,  5.07it/s]Encoding queries (bs=32): 100%|██████████| 25/25 [00:05<00:00,  5.24it/s]Encoding queries (bs=32): 100%|██████████| 25/25 [00:05<00:00,  4.85it/s]
Retrieving documents (bs=50):   0%|          | 0/16 [00:00<?, ?it/s]Retrieving documents (bs=50):   6%|▋         | 1/16 [00:08<02:02,  8.14s/it]Retrieving documents (bs=50):  12%|█▎        | 2/16 [00:12<01:24,  6.04s/it]Retrieving documents (bs=50):  19%|█▉        | 3/16 [00:16<01:05,  5.01s/it]Retrieving documents (bs=50):  25%|██▌       | 4/16 [00:20<00:55,  4.66s/it]Retrieving documents (bs=50):  31%|███▏      | 5/16 [00:25<00:50,  4.59s/it]Retrieving documents (bs=50):  38%|███▊      | 6/16 [00:30<00:47,  4.75s/it]Retrieving documents (bs=50):  44%|████▍     | 7/16 [00:35<00:45,  5.06s/it]Retrieving documents (bs=50):  50%|█████     | 8/16 [00:39<00:37,  4.75s/it]Retrieving documents (bs=50):  56%|█████▋    | 9/16 [00:44<00:32,  4.58s/it]Retrieving documents (bs=50):  62%|██████▎   | 10/16 [00:48<00:27,  4.55s/it]Retrieving documents (bs=50):  69%|██████▉   | 11/16 [00:52<00:21,  4.36s/it]Retrieving documents (bs=50):  75%|███████▌  | 12/16 [00:57<00:18,  4.57s/it]Retrieving documents (bs=50):  81%|████████▏ | 13/16 [01:01<00:12,  4.30s/it]Retrieving documents (bs=50):  88%|████████▊ | 14/16 [01:05<00:08,  4.40s/it]Retrieving documents (bs=50):  94%|█████████▍| 15/16 [01:09<00:04,  4.26s/it]Retrieving documents (bs=50): 100%|██████████| 16/16 [01:13<00:00,  4.11s/it]Retrieving documents (bs=50): 100%|██████████| 16/16 [01:13<00:00,  4.60s/it]
2026-08-11 09:21:46,411 INFO it_colbert.benchmark.run: freed colbert index outputs/benchmark/indexes/miracl-ita_colbert-xm
2026-08-11 09:21:46,545 INFO it_colbert.benchmark.run: --- miracl-ita / ItColBERT (phase1-only) ---
2026-08-11 09:21:46,553 INFO it_colbert.benchmark.retrievers: loading colbert model outputs/final_phase1
2026-08-11 09:21:46,556 INFO sentence_transformers.SentenceTransformer: Use pytorch device_name: cuda:0
2026-08-11 09:21:46,556 INFO sentence_transformers.SentenceTransformer: Load pretrained ColBERT: outputs/final_phase1
2026-08-11 09:21:47,290 INFO httpx: HTTP Request: HEAD https://huggingface.co/outputs/final_phase1/resolve/main/modules.json "HTTP/1.1 404 Not Found"
2026-08-11 09:21:47,290 WARNING pylate.models.colbert: No sentence-transformers model found with name outputs/final_phase1.
2026-08-11 09:21:47,586 INFO httpx: HTTP Request: HEAD https://huggingface.co/outputs/final_phase1/resolve/main/adapter_config.json "HTTP/1.1 404 Not Found"
2026-08-11 09:21:47,587 ERROR it_colbert.benchmark.run: failed on miracl-ita / ItColBERT (phase1-only)
Traceback (most recent call last):
  File "/home/enricollen/PROJECTS/it-colbert/.venv/lib/python3.11/site-packages/huggingface_hub/utils/_http.py", line 795, in hf_raise_for_status
    response.raise_for_status()
  File "/home/enricollen/PROJECTS/it-colbert/.venv/lib/python3.11/site-packages/httpx/_models.py", line 829, in raise_for_status
    raise HTTPStatusError(message, request=request, response=self)
httpx.HTTPStatusError: Client error '404 Not Found' for url 'https://huggingface.co/outputs/final_phase1/resolve/main/adapter_config.json'
For more information check: https://developer.mozilla.org/en-US/docs/Web/HTTP/Status/404

The above exception was the direct cause of the following exception:

Traceback (most recent call last):
  File "/home/enricollen/PROJECTS/it-colbert/.venv/lib/python3.11/site-packages/transformers/utils/hub.py", line 420, in cached_files
    hf_hub_download(
  File "/home/enricollen/PROJECTS/it-colbert/.venv/lib/python3.11/site-packages/huggingface_hub/utils/_validators.py", line 88, in _inner_fn
    return fn(*args, **kwargs)
           ^^^^^^^^^^^^^^^^^^^
  File "/home/enricollen/PROJECTS/it-colbert/.venv/lib/python3.11/site-packages/huggingface_hub/file_download.py", line 1019, in hf_hub_download
    return _hf_hub_download_to_cache_dir(
           ^^^^^^^^^^^^^^^^^^^^^^^^^^^^^^
  File "/home/enricollen/PROJECTS/it-colbert/.venv/lib/python3.11/site-packages/huggingface_hub/file_download.py", line 1166, in _hf_hub_download_to_cache_dir
    _raise_on_head_call_error(head_call_error, force_download, local_files_only)
  File "/home/enricollen/PROJECTS/it-colbert/.venv/lib/python3.11/site-packages/huggingface_hub/file_download.py", line 1876, in _raise_on_head_call_error
    raise head_call_error
  File "/home/enricollen/PROJECTS/it-colbert/.venv/lib/python3.11/site-packages/huggingface_hub/file_download.py", line 1713, in _get_metadata_or_catch_error
    metadata = get_hf_file_metadata(
               ^^^^^^^^^^^^^^^^^^^^^
  File "/home/enricollen/PROJECTS/it-colbert/.venv/lib/python3.11/site-packages/huggingface_hub/utils/_validators.py", line 88, in _inner_fn
    return fn(*args, **kwargs)
           ^^^^^^^^^^^^^^^^^^^
  File "/home/enricollen/PROJECTS/it-colbert/.venv/lib/python3.11/site-packages/huggingface_hub/file_download.py", line 1621, in get_hf_file_metadata
    response = _httpx_follow_relative_redirects_with_backoff(
               ^^^^^^^^^^^^^^^^^^^^^^^^^^^^^^^^^^^^^^^^^^^^^^
  File "/home/enricollen/PROJECTS/it-colbert/.venv/lib/python3.11/site-packages/huggingface_hub/utils/_http.py", line 726, in _httpx_follow_relative_redirects_with_backoff
    hf_raise_for_status(response)
  File "/home/enricollen/PROJECTS/it-colbert/.venv/lib/python3.11/site-packages/huggingface_hub/utils/_http.py", line 882, in hf_raise_for_status
    raise _format(RepositoryNotFoundError, message, response, repo_type=repo_type, repo_id=repo_id) from e
huggingface_hub.errors.RepositoryNotFoundError: 404 Client Error. (Request ID: Root=1-6a7acd8d-5a6ab4e70f2e1fb439287477;5b967783-e24b-471e-b97b-9916d5020e76)

Repository Not Found for url: https://huggingface.co/outputs/final_phase1/resolve/main/adapter_config.json.
Please make sure you specified the correct `repo_id` and `repo_type`.
If you are trying to access a private or gated repo, make sure you are authenticated and your token has the required permissions.
For more details, see https://huggingface.co/docs/huggingface_hub/authentication

The above exception was the direct cause of the following exception:

Traceback (most recent call last):
  File "/home/enricollen/PROJECTS/it-colbert/src/it_colbert/benchmark/run.py", line 426, in run_benchmark
    scores = _retrieve_for_model(spec, split, cfg)
             ^^^^^^^^^^^^^^^^^^^^^^^^^^^^^^^^^^^^^
  File "/home/enricollen/PROJECTS/it-colbert/src/it_colbert/benchmark/run.py", line 288, in _retrieve_for_model
    retr = ColBERTRetriever(
           ^^^^^^^^^^^^^^^^^
  File "/home/enricollen/PROJECTS/it-colbert/src/it_colbert/benchmark/retrievers.py", line 324, in __init__
    self.model = models.ColBERT(
                 ^^^^^^^^^^^^^^^
  File "/home/enricollen/PROJECTS/it-colbert/.venv/lib/python3.11/site-packages/pylate/models/colbert.py", line 231, in __init__
    super(ColBERT, self).__init__(
  File "/home/enricollen/PROJECTS/it-colbert/.venv/lib/python3.11/site-packages/sentence_transformers/SentenceTransformer.py", line 339, in __init__
    modules = self._load_auto_model(
              ^^^^^^^^^^^^^^^^^^^^^^
  File "/home/enricollen/PROJECTS/it-colbert/.venv/lib/python3.11/site-packages/pylate/models/colbert.py", line 1270, in _load_auto_model
    transformer_model = Transformer(
                        ^^^^^^^^^^^^
  File "/home/enricollen/PROJECTS/it-colbert/.venv/lib/python3.11/site-packages/sentence_transformers/models/Transformer.py", line 120, in __init__
    config, is_peft_model = self._load_config(model_name_or_path, cache_dir, backend, config_args)
                            ^^^^^^^^^^^^^^^^^^^^^^^^^^^^^^^^^^^^^^^^^^^^^^^^^^^^^^^^^^^^^^^^^^^^^^
  File "/home/enricollen/PROJECTS/it-colbert/.venv/lib/python3.11/site-packages/sentence_transformers/models/Transformer.py", line 171, in _load_config
    find_adapter_config_file(
  File "/home/enricollen/PROJECTS/it-colbert/.venv/lib/python3.11/site-packages/transformers/utils/peft_utils.py", line 84, in find_adapter_config_file
    adapter_cached_filename = cached_file(
                              ^^^^^^^^^^^^
  File "/home/enricollen/PROJECTS/it-colbert/.venv/lib/python3.11/site-packages/transformers/utils/hub.py", line 277, in cached_file
    file = cached_files(path_or_repo_id=path_or_repo_id, filenames=[filename], **kwargs)
           ^^^^^^^^^^^^^^^^^^^^^^^^^^^^^^^^^^^^^^^^^^^^^^^^^^^^^^^^^^^^^^^^^^^^^^^^^^^^^
  File "/home/enricollen/PROJECTS/it-colbert/.venv/lib/python3.11/site-packages/transformers/utils/hub.py", line 450, in cached_files
    raise OSError(
OSError: outputs/final_phase1 is not a local folder and is not a valid model identifier listed on 'https://huggingface.co/models'
If this is a private repository, make sure to pass a token having permission to this repo either by logging in with `hf auth login` or by passing `token=<your_token>`
2026-08-11 09:21:47,739 INFO it_colbert.benchmark.run: --- miracl-ita / ItColBERT ---
2026-08-11 09:21:47,740 INFO it_colbert.benchmark.retrievers: loading colbert model outputs/final
2026-08-11 09:21:47,741 INFO sentence_transformers.SentenceTransformer: Use pytorch device_name: cuda:0
2026-08-11 09:21:47,741 INFO sentence_transformers.SentenceTransformer: Load pretrained ColBERT: outputs/final
2026-08-11 09:21:48,075 INFO httpx: HTTP Request: HEAD https://huggingface.co/outputs/final/resolve/main/modules.json "HTTP/1.1 404 Not Found"
2026-08-11 09:21:48,075 WARNING pylate.models.colbert: No sentence-transformers model found with name outputs/final.
2026-08-11 09:21:48,416 INFO httpx: HTTP Request: HEAD https://huggingface.co/outputs/final/resolve/main/adapter_config.json "HTTP/1.1 404 Not Found"
2026-08-11 09:21:48,416 ERROR it_colbert.benchmark.run: failed on miracl-ita / ItColBERT
Traceback (most recent call last):
  File "/home/enricollen/PROJECTS/it-colbert/.venv/lib/python3.11/site-packages/huggingface_hub/utils/_http.py", line 795, in hf_raise_for_status
    response.raise_for_status()
  File "/home/enricollen/PROJECTS/it-colbert/.venv/lib/python3.11/site-packages/httpx/_models.py", line 829, in raise_for_status
    raise HTTPStatusError(message, request=request, response=self)
httpx.HTTPStatusError: Client error '404 Not Found' for url 'https://huggingface.co/outputs/final/resolve/main/adapter_config.json'
For more information check: https://developer.mozilla.org/en-US/docs/Web/HTTP/Status/404

The above exception was the direct cause of the following exception:

Traceback (most recent call last):
  File "/home/enricollen/PROJECTS/it-colbert/.venv/lib/python3.11/site-packages/transformers/utils/hub.py", line 420, in cached_files
    hf_hub_download(
  File "/home/enricollen/PROJECTS/it-colbert/.venv/lib/python3.11/site-packages/huggingface_hub/utils/_validators.py", line 88, in _inner_fn
    return fn(*args, **kwargs)
           ^^^^^^^^^^^^^^^^^^^
  File "/home/enricollen/PROJECTS/it-colbert/.venv/lib/python3.11/site-packages/huggingface_hub/file_download.py", line 1019, in hf_hub_download
    return _hf_hub_download_to_cache_dir(
           ^^^^^^^^^^^^^^^^^^^^^^^^^^^^^^
  File "/home/enricollen/PROJECTS/it-colbert/.venv/lib/python3.11/site-packages/huggingface_hub/file_download.py", line 1166, in _hf_hub_download_to_cache_dir
    _raise_on_head_call_error(head_call_error, force_download, local_files_only)
  File "/home/enricollen/PROJECTS/it-colbert/.venv/lib/python3.11/site-packages/huggingface_hub/file_download.py", line 1876, in _raise_on_head_call_error
    raise head_call_error
  File "/home/enricollen/PROJECTS/it-colbert/.venv/lib/python3.11/site-packages/huggingface_hub/file_download.py", line 1713, in _get_metadata_or_catch_error
    metadata = get_hf_file_metadata(
               ^^^^^^^^^^^^^^^^^^^^^
  File "/home/enricollen/PROJECTS/it-colbert/.venv/lib/python3.11/site-packages/huggingface_hub/utils/_validators.py", line 88, in _inner_fn
    return fn(*args, **kwargs)
           ^^^^^^^^^^^^^^^^^^^
  File "/home/enricollen/PROJECTS/it-colbert/.venv/lib/python3.11/site-packages/huggingface_hub/file_download.py", line 1621, in get_hf_file_metadata
    response = _httpx_follow_relative_redirects_with_backoff(
               ^^^^^^^^^^^^^^^^^^^^^^^^^^^^^^^^^^^^^^^^^^^^^^
  File "/home/enricollen/PROJECTS/it-colbert/.venv/lib/python3.11/site-packages/huggingface_hub/utils/_http.py", line 726, in _httpx_follow_relative_redirects_with_backoff
    hf_raise_for_status(response)
  File "/home/enricollen/PROJECTS/it-colbert/.venv/lib/python3.11/site-packages/huggingface_hub/utils/_http.py", line 882, in hf_raise_for_status
    raise _format(RepositoryNotFoundError, message, response, repo_type=repo_type, repo_id=repo_id) from e
huggingface_hub.errors.RepositoryNotFoundError: 404 Client Error. (Request ID: Root=1-6a7acd8d-7745977d1bf850fa40834fce;ed5cfb50-6a9d-4dea-aaa6-4bf5c47da553)

Repository Not Found for url: https://huggingface.co/outputs/final/resolve/main/adapter_config.json.
Please make sure you specified the correct `repo_id` and `repo_type`.
If you are trying to access a private or gated repo, make sure you are authenticated and your token has the required permissions.
For more details, see https://huggingface.co/docs/huggingface_hub/authentication

The above exception was the direct cause of the following exception:

Traceback (most recent call last):
  File "/home/enricollen/PROJECTS/it-colbert/src/it_colbert/benchmark/run.py", line 426, in run_benchmark
    scores = _retrieve_for_model(spec, split, cfg)
             ^^^^^^^^^^^^^^^^^^^^^^^^^^^^^^^^^^^^^
  File "/home/enricollen/PROJECTS/it-colbert/src/it_colbert/benchmark/run.py", line 288, in _retrieve_for_model
    retr = ColBERTRetriever(
           ^^^^^^^^^^^^^^^^^
  File "/home/enricollen/PROJECTS/it-colbert/src/it_colbert/benchmark/retrievers.py", line 324, in __init__
    self.model = models.ColBERT(
                 ^^^^^^^^^^^^^^^
  File "/home/enricollen/PROJECTS/it-colbert/.venv/lib/python3.11/site-packages/pylate/models/colbert.py", line 231, in __init__
    super(ColBERT, self).__init__(
  File "/home/enricollen/PROJECTS/it-colbert/.venv/lib/python3.11/site-packages/sentence_transformers/SentenceTransformer.py", line 339, in __init__
    modules = self._load_auto_model(
              ^^^^^^^^^^^^^^^^^^^^^^
  File "/home/enricollen/PROJECTS/it-colbert/.venv/lib/python3.11/site-packages/pylate/models/colbert.py", line 1270, in _load_auto_model
    transformer_model = Transformer(
                        ^^^^^^^^^^^^
  File "/home/enricollen/PROJECTS/it-colbert/.venv/lib/python3.11/site-packages/sentence_transformers/models/Transformer.py", line 120, in __init__
    config, is_peft_model = self._load_config(model_name_or_path, cache_dir, backend, config_args)
                            ^^^^^^^^^^^^^^^^^^^^^^^^^^^^^^^^^^^^^^^^^^^^^^^^^^^^^^^^^^^^^^^^^^^^^^
  File "/home/enricollen/PROJECTS/it-colbert/.venv/lib/python3.11/site-packages/sentence_transformers/models/Transformer.py", line 171, in _load_config
    find_adapter_config_file(
  File "/home/enricollen/PROJECTS/it-colbert/.venv/lib/python3.11/site-packages/transformers/utils/peft_utils.py", line 84, in find_adapter_config_file
    adapter_cached_filename = cached_file(
                              ^^^^^^^^^^^^
  File "/home/enricollen/PROJECTS/it-colbert/.venv/lib/python3.11/site-packages/transformers/utils/hub.py", line 277, in cached_file
    file = cached_files(path_or_repo_id=path_or_repo_id, filenames=[filename], **kwargs)
           ^^^^^^^^^^^^^^^^^^^^^^^^^^^^^^^^^^^^^^^^^^^^^^^^^^^^^^^^^^^^^^^^^^^^^^^^^^^^^
  File "/home/enricollen/PROJECTS/it-colbert/.venv/lib/python3.11/site-packages/transformers/utils/hub.py", line 450, in cached_files
    raise OSError(
OSError: outputs/final is not a local folder and is not a valid model identifier listed on 'https://huggingface.co/models'
If this is a private repository, make sure to pass a token having permission to this repo either by logging in with `hf auth login` or by passing `token=<your_token>`
2026-08-11 09:21:48,562 INFO it_colbert.benchmark.run: === benchmark squad-ita ===
2026-08-11 09:21:48,562 INFO it_colbert.benchmark.datasets: loading yuri-no/squad-ita [test]...
2026-08-11 09:21:48,930 INFO httpx: HTTP Request: HEAD https://huggingface.co/datasets/yuri-no/squad-ita/resolve/main/README.md "HTTP/1.1 307 Temporary Redirect"
2026-08-11 09:21:49,070 INFO httpx: HTTP Request: HEAD https://huggingface.co/api/resolve-cache/datasets/yuri-no/squad-ita/44c063da6d9c8ce6e1b132854cd6d2661734a8f6/README.md "HTTP/1.1 200 OK"
2026-08-11 09:21:49,398 INFO httpx: HTTP Request: HEAD https://huggingface.co/datasets/yuri-no/squad-ita/resolve/44c063da6d9c8ce6e1b132854cd6d2661734a8f6/squad-ita.py "HTTP/1.1 404 Not Found"
2026-08-11 09:21:50,407 INFO httpx: HTTP Request: HEAD https://s3.amazonaws.com/datasets.huggingface.co/datasets/datasets/yuri-no/squad-ita/yuri-no/squad-ita.py "HTTP/1.1 404 Not Found"
2026-08-11 09:21:50,676 INFO httpx: HTTP Request: GET https://huggingface.co/api/datasets/yuri-no/squad-ita/revision/44c063da6d9c8ce6e1b132854cd6d2661734a8f6 "HTTP/1.1 200 OK"
2026-08-11 09:21:50,970 INFO httpx: HTTP Request: HEAD https://huggingface.co/datasets/yuri-no/squad-ita/resolve/44c063da6d9c8ce6e1b132854cd6d2661734a8f6/.huggingface.yaml "HTTP/1.1 404 Not Found"
2026-08-11 09:21:51,724 INFO httpx: HTTP Request: GET https://datasets-server.huggingface.co/info?dataset=yuri-no/squad-ita "HTTP/1.1 200 OK"
2026-08-11 09:21:52,178 INFO httpx: HTTP Request: GET https://huggingface.co/api/datasets/yuri-no/squad-ita/tree/44c063da6d9c8ce6e1b132854cd6d2661734a8f6/data?recursive=true&expand=false "HTTP/1.1 200 OK"
2026-08-11 09:21:52,527 INFO httpx: HTTP Request: GET https://huggingface.co/api/datasets/yuri-no/squad-ita/tree/44c063da6d9c8ce6e1b132854cd6d2661734a8f6?recursive=false&expand=false "HTTP/1.1 200 OK"
2026-08-11 09:21:52,913 INFO httpx: HTTP Request: HEAD https://huggingface.co/datasets/yuri-no/squad-ita/resolve/44c063da6d9c8ce6e1b132854cd6d2661734a8f6/dataset_infos.json "HTTP/1.1 404 Not Found"
2026-08-11 09:21:53,380 INFO it_colbert.benchmark.datasets: squad-ita ready: 7609 queries, 1988 docs, qrels=7609
2026-08-11 09:21:53,563 INFO it_colbert.benchmark.run: --- squad-ita / BM25 ---
2026-08-11 09:22:23,835 INFO it_colbert.benchmark.run: --- squad-ita / Italian-ModernBERT-base (mean-pool) ---
2026-08-11 09:22:23,840 INFO faiss.loader: Loading faiss with AVX2 support.
2026-08-11 09:22:23,840 INFO faiss.loader: Could not load library with AVX2 support due to:
ModuleNotFoundError("No module named 'faiss.swigfaiss_avx2'")
2026-08-11 09:22:23,840 INFO faiss.loader: Loading faiss.
2026-08-11 09:22:23,879 INFO faiss.loader: Successfully loaded faiss.
2026-08-11 09:22:23,883 INFO it_colbert.benchmark.retrievers: loading dense model DeepMount00/Italian-ModernBERT-base
2026-08-11 09:22:23,884 INFO sentence_transformers.SentenceTransformer: Use pytorch device_name: cuda:0
2026-08-11 09:22:23,884 INFO sentence_transformers.SentenceTransformer: Load pretrained SentenceTransformer: DeepMount00/Italian-ModernBERT-base
2026-08-11 09:22:24,804 INFO httpx: HTTP Request: HEAD https://huggingface.co/DeepMount00/Italian-ModernBERT-base/resolve/main/modules.json "HTTP/1.1 404 Not Found"
2026-08-11 09:22:24,806 WARNING sentence_transformers.SentenceTransformer: No sentence-transformers model found with name DeepMount00/Italian-ModernBERT-base. Creating a new one with mean pooling.
2026-08-11 09:22:25,179 INFO httpx: HTTP Request: HEAD https://huggingface.co/DeepMount00/Italian-ModernBERT-base/resolve/main/adapter_config.json "HTTP/1.1 404 Not Found"
2026-08-11 09:22:25,509 INFO httpx: HTTP Request: HEAD https://huggingface.co/DeepMount00/Italian-ModernBERT-base/resolve/main/config.json "HTTP/1.1 307 Temporary Redirect"
2026-08-11 09:22:25,652 INFO httpx: HTTP Request: HEAD https://huggingface.co/api/resolve-cache/models/DeepMount00/Italian-ModernBERT-base/36bd00d96b69fb37996f5b1e74fa103acfcaf5fb/config.json "HTTP/1.1 200 OK"
The `reference_compile` argument is deprecated and will be removed in `transformers v5.2.0`Use `torch.compile()` directly on the model instead.
Loading weights:   0%|          | 0/134 [00:00<?, ?it/s]Loading weights: 100%|██████████| 134/134 [00:00<00:00, 2621.90it/s]
[1mModernBertModel LOAD REPORT[0m from: DeepMount00/Italian-ModernBERT-base
Key               | Status     |  | 
------------------+------------+--+-
head.dense.weight | UNEXPECTED |  | 
decoder.bias      | UNEXPECTED |  | 
head.norm.weight  | UNEXPECTED |  | 

[3mNotes:
- UNEXPECTED[3m	:can be ignored when loading from different task/architecture; not ok if you expect identical arch.[0m
2026-08-11 09:22:26,084 INFO httpx: HTTP Request: HEAD https://huggingface.co/DeepMount00/Italian-ModernBERT-base/resolve/main/config.json "HTTP/1.1 307 Temporary Redirect"
2026-08-11 09:22:26,246 INFO httpx: HTTP Request: HEAD https://huggingface.co/api/resolve-cache/models/DeepMount00/Italian-ModernBERT-base/36bd00d96b69fb37996f5b1e74fa103acfcaf5fb/config.json "HTTP/1.1 200 OK"
2026-08-11 09:22:26,579 INFO httpx: HTTP Request: HEAD https://huggingface.co/DeepMount00/Italian-ModernBERT-base/resolve/main/tokenizer_config.json "HTTP/1.1 307 Temporary Redirect"
2026-08-11 09:22:26,729 INFO httpx: HTTP Request: HEAD https://huggingface.co/api/resolve-cache/models/DeepMount00/Italian-ModernBERT-base/36bd00d96b69fb37996f5b1e74fa103acfcaf5fb/tokenizer_config.json "HTTP/1.1 200 OK"
2026-08-11 09:22:27,069 INFO httpx: HTTP Request: GET https://huggingface.co/api/models/DeepMount00/Italian-ModernBERT-base/tree/main/additional_chat_templates?recursive=false&expand=false "HTTP/1.1 404 Not Found"
2026-08-11 09:22:27,490 INFO httpx: HTTP Request: GET https://huggingface.co/api/models/DeepMount00/Italian-ModernBERT-base/tree/main?recursive=true&expand=false "HTTP/1.1 200 OK"
2026-08-11 09:22:27,944 INFO httpx: HTTP Request: GET https://huggingface.co/api/models/DeepMount00/Italian-ModernBERT-base "HTTP/1.1 200 OK"
2026-08-11 09:22:28,496 INFO it_colbert.benchmark.retrievers: encoding 1988 documents with DeepMount00/Italian-ModernBERT-base
Batches:   0%|          | 0/32 [00:00<?, ?it/s]Batches:   3%|▎         | 1/32 [00:00<00:26,  1.17it/s]Batches:   6%|▋         | 2/32 [00:01<00:18,  1.63it/s]Batches:   9%|▉         | 3/32 [00:01<00:15,  1.87it/s]Batches:  12%|█▎        | 4/32 [00:02<00:13,  2.08it/s]Batches:  16%|█▌        | 5/32 [00:02<00:12,  2.16it/s]Batches:  19%|█▉        | 6/32 [00:02<00:11,  2.35it/s]Batches:  22%|██▏       | 7/32 [00:03<00:09,  2.56it/s]Batches:  25%|██▌       | 8/32 [00:03<00:08,  2.71it/s]Batches:  28%|██▊       | 9/32 [00:03<00:07,  2.97it/s]Batches:  31%|███▏      | 10/32 [00:04<00:07,  3.12it/s]Batches:  34%|███▍      | 11/32 [00:04<00:06,  3.24it/s]Batches:  38%|███▊      | 12/32 [00:04<00:05,  3.33it/s]Batches:  41%|████      | 13/32 [00:04<00:05,  3.46it/s]Batches:  44%|████▍     | 14/32 [00:05<00:05,  3.36it/s]Batches:  47%|████▋     | 15/32 [00:05<00:04,  3.54it/s]Batches:  50%|█████     | 16/32 [00:05<00:04,  3.65it/s]Batches:  53%|█████▎    | 17/32 [00:06<00:04,  3.52it/s]Batches:  56%|█████▋    | 18/32 [00:06<00:03,  3.73it/s]Batches:  59%|█████▉    | 19/32 [00:06<00:03,  3.74it/s]Batches:  62%|██████▎   | 20/32 [00:06<00:03,  3.84it/s]Batches:  66%|██████▌   | 21/32 [00:07<00:02,  3.99it/s]Batches:  69%|██████▉   | 22/32 [00:07<00:02,  4.23it/s]Batches:  72%|███████▏  | 23/32 [00:07<00:02,  4.48it/s]Batches:  75%|███████▌  | 24/32 [00:07<00:01,  4.66it/s]Batches:  78%|███████▊  | 25/32 [00:07<00:01,  4.91it/s]Batches:  81%|████████▏ | 26/32 [00:08<00:01,  4.93it/s]Batches:  84%|████████▍ | 27/32 [00:08<00:00,  5.10it/s]Batches:  88%|████████▊ | 28/32 [00:08<00:00,  5.32it/s]Batches:  91%|█████████ | 29/32 [00:08<00:00,  5.49it/s]Batches:  94%|█████████▍| 30/32 [00:08<00:00,  5.79it/s]Batches:  97%|█████████▋| 31/32 [00:08<00:00,  6.57it/s]Batches: 100%|██████████| 32/32 [00:08<00:00,  3.64it/s]
Batches:   0%|          | 0/119 [00:00<?, ?it/s]Batches:   3%|▎         | 3/119 [00:00<00:05, 21.04it/s]Batches:   5%|▌         | 6/119 [00:00<00:05, 21.91it/s]Batches:   8%|▊         | 9/119 [00:00<00:04, 22.38it/s]Batches:  10%|█         | 12/119 [00:00<00:04, 23.51it/s]Batches:  13%|█▎        | 15/119 [00:00<00:04, 24.16it/s]Batches:  15%|█▌        | 18/119 [00:00<00:04, 24.89it/s]Batches:  18%|█▊        | 21/119 [00:00<00:03, 25.23it/s]Batches:  20%|██        | 24/119 [00:00<00:03, 25.77it/s]Batches:  23%|██▎       | 27/119 [00:01<00:03, 26.62it/s]Batches:  25%|██▌       | 30/119 [00:01<00:03, 27.47it/s]Batches:  28%|██▊       | 33/119 [00:01<00:03, 28.08it/s]Batches:  30%|███       | 36/119 [00:01<00:02, 28.01it/s]Batches:  33%|███▎      | 39/119 [00:01<00:02, 28.35it/s]Batches:  36%|███▌      | 43/119 [00:01<00:02, 29.06it/s]Batches:  39%|███▉      | 47/119 [00:01<00:02, 30.12it/s]Batches:  43%|████▎     | 51/119 [00:01<00:02, 30.62it/s]Batches:  46%|████▌     | 55/119 [00:02<00:02, 30.50it/s]Batches:  50%|████▉     | 59/119 [00:02<00:01, 31.42it/s]Batches:  53%|█████▎    | 63/119 [00:02<00:01, 31.70it/s]Batches:  56%|█████▋    | 67/119 [00:02<00:01, 31.84it/s]Batches:  60%|█████▉    | 71/119 [00:02<00:01, 31.95it/s]Batches:  63%|██████▎   | 75/119 [00:02<00:01, 32.82it/s]Batches:  66%|██████▋   | 79/119 [00:02<00:01, 32.85it/s]Batches:  70%|██████▉   | 83/119 [00:02<00:01, 33.30it/s]Batches:  73%|███████▎  | 87/119 [00:02<00:00, 34.27it/s]Batches:  76%|███████▋  | 91/119 [00:03<00:00, 35.05it/s]Batches:  80%|███████▉  | 95/119 [00:03<00:00, 35.84it/s]Batches:  83%|████████▎ | 99/119 [00:03<00:00, 36.44it/s]Batches:  87%|████████▋ | 103/119 [00:03<00:00, 36.93it/s]Batches:  90%|████████▉ | 107/119 [00:03<00:00, 37.52it/s]Batches:  93%|█████████▎| 111/119 [00:03<00:00, 37.84it/s]Batches:  97%|█████████▋| 115/119 [00:03<00:00, 38.17it/s]Batches: 100%|██████████| 119/119 [00:03<00:00, 31.42it/s]
2026-08-11 09:22:43,062 INFO it_colbert.benchmark.run: --- squad-ita / Italian-ModernBERT-mmarco-mnrl ---
2026-08-11 09:22:43,062 INFO it_colbert.benchmark.retrievers: loading dense model nickprock/Italian-ModernBERT-base-embed-mmarco-mnrl
2026-08-11 09:22:43,063 INFO sentence_transformers.SentenceTransformer: Use pytorch device_name: cuda:0
2026-08-11 09:22:43,064 INFO sentence_transformers.SentenceTransformer: Load pretrained SentenceTransformer: nickprock/Italian-ModernBERT-base-embed-mmarco-mnrl
2026-08-11 09:22:43,810 INFO httpx: HTTP Request: HEAD https://huggingface.co/nickprock/Italian-ModernBERT-base-embed-mmarco-mnrl/resolve/main/modules.json "HTTP/1.1 307 Temporary Redirect"
2026-08-11 09:22:43,844 INFO httpx: HTTP Request: HEAD https://huggingface.co/api/resolve-cache/models/nickprock/Italian-ModernBERT-base-embed-mmarco-mnrl/d241b1266c2fda05252f9ceff1dab1b959fb1e0d/modules.json "HTTP/1.1 200 OK"
2026-08-11 09:22:44,127 INFO httpx: HTTP Request: HEAD https://huggingface.co/nickprock/Italian-ModernBERT-base-embed-mmarco-mnrl/resolve/main/config_sentence_transformers.json "HTTP/1.1 307 Temporary Redirect"
2026-08-11 09:22:44,214 INFO httpx: HTTP Request: HEAD https://huggingface.co/api/resolve-cache/models/nickprock/Italian-ModernBERT-base-embed-mmarco-mnrl/d241b1266c2fda05252f9ceff1dab1b959fb1e0d/config_sentence_transformers.json "HTTP/1.1 200 OK"
2026-08-11 09:22:44,508 INFO httpx: HTTP Request: HEAD https://huggingface.co/nickprock/Italian-ModernBERT-base-embed-mmarco-mnrl/resolve/main/config_sentence_transformers.json "HTTP/1.1 307 Temporary Redirect"
2026-08-11 09:22:44,636 INFO httpx: HTTP Request: HEAD https://huggingface.co/api/resolve-cache/models/nickprock/Italian-ModernBERT-base-embed-mmarco-mnrl/d241b1266c2fda05252f9ceff1dab1b959fb1e0d/config_sentence_transformers.json "HTTP/1.1 200 OK"
2026-08-11 09:22:45,026 INFO httpx: HTTP Request: HEAD https://huggingface.co/nickprock/Italian-ModernBERT-base-embed-mmarco-mnrl/resolve/main/README.md "HTTP/1.1 307 Temporary Redirect"
2026-08-11 09:22:45,191 INFO httpx: HTTP Request: HEAD https://huggingface.co/api/resolve-cache/models/nickprock/Italian-ModernBERT-base-embed-mmarco-mnrl/d241b1266c2fda05252f9ceff1dab1b959fb1e0d/README.md "HTTP/1.1 200 OK"
2026-08-11 09:22:45,518 INFO httpx: HTTP Request: HEAD https://huggingface.co/nickprock/Italian-ModernBERT-base-embed-mmarco-mnrl/resolve/main/modules.json "HTTP/1.1 307 Temporary Redirect"
2026-08-11 09:22:45,679 INFO httpx: HTTP Request: HEAD https://huggingface.co/api/resolve-cache/models/nickprock/Italian-ModernBERT-base-embed-mmarco-mnrl/d241b1266c2fda05252f9ceff1dab1b959fb1e0d/modules.json "HTTP/1.1 200 OK"
2026-08-11 09:22:46,131 INFO httpx: HTTP Request: HEAD https://huggingface.co/nickprock/Italian-ModernBERT-base-embed-mmarco-mnrl/resolve/main/sentence_bert_config.json "HTTP/1.1 307 Temporary Redirect"
2026-08-11 09:22:46,301 INFO httpx: HTTP Request: HEAD https://huggingface.co/api/resolve-cache/models/nickprock/Italian-ModernBERT-base-embed-mmarco-mnrl/d241b1266c2fda05252f9ceff1dab1b959fb1e0d/sentence_bert_config.json "HTTP/1.1 200 OK"
2026-08-11 09:22:46,644 INFO httpx: HTTP Request: HEAD https://huggingface.co/nickprock/Italian-ModernBERT-base-embed-mmarco-mnrl/resolve/main/adapter_config.json "HTTP/1.1 404 Not Found"
2026-08-11 09:22:46,995 INFO httpx: HTTP Request: HEAD https://huggingface.co/nickprock/Italian-ModernBERT-base-embed-mmarco-mnrl/resolve/main/config.json "HTTP/1.1 307 Temporary Redirect"
2026-08-11 09:22:47,157 INFO httpx: HTTP Request: HEAD https://huggingface.co/api/resolve-cache/models/nickprock/Italian-ModernBERT-base-embed-mmarco-mnrl/d241b1266c2fda05252f9ceff1dab1b959fb1e0d/config.json "HTTP/1.1 200 OK"
Loading weights:   0%|          | 0/134 [00:00<?, ?it/s]Loading weights: 100%|██████████| 134/134 [00:00<00:00, 2324.07it/s]
2026-08-11 09:22:47,569 INFO httpx: HTTP Request: HEAD https://huggingface.co/nickprock/Italian-ModernBERT-base-embed-mmarco-mnrl/resolve/main/config.json "HTTP/1.1 307 Temporary Redirect"
2026-08-11 09:22:47,756 INFO httpx: HTTP Request: HEAD https://huggingface.co/api/resolve-cache/models/nickprock/Italian-ModernBERT-base-embed-mmarco-mnrl/d241b1266c2fda05252f9ceff1dab1b959fb1e0d/config.json "HTTP/1.1 200 OK"
2026-08-11 09:22:48,162 INFO httpx: HTTP Request: HEAD https://huggingface.co/nickprock/Italian-ModernBERT-base-embed-mmarco-mnrl/resolve/main/tokenizer_config.json "HTTP/1.1 307 Temporary Redirect"
2026-08-11 09:22:48,360 INFO httpx: HTTP Request: HEAD https://huggingface.co/api/resolve-cache/models/nickprock/Italian-ModernBERT-base-embed-mmarco-mnrl/d241b1266c2fda05252f9ceff1dab1b959fb1e0d/tokenizer_config.json "HTTP/1.1 200 OK"
2026-08-11 09:22:48,717 INFO httpx: HTTP Request: GET https://huggingface.co/api/models/nickprock/Italian-ModernBERT-base-embed-mmarco-mnrl/tree/main/additional_chat_templates?recursive=false&expand=false "HTTP/1.1 404 Not Found"
2026-08-11 09:22:49,108 INFO httpx: HTTP Request: GET https://huggingface.co/api/models/nickprock/Italian-ModernBERT-base-embed-mmarco-mnrl/tree/main?recursive=true&expand=false "HTTP/1.1 200 OK"
2026-08-11 09:22:49,528 INFO httpx: HTTP Request: HEAD https://huggingface.co/nickprock/Italian-ModernBERT-base-embed-mmarco-mnrl/resolve/main/1_Pooling/config.json "HTTP/1.1 307 Temporary Redirect"
2026-08-11 09:22:49,685 INFO httpx: HTTP Request: HEAD https://huggingface.co/api/resolve-cache/models/nickprock/Italian-ModernBERT-base-embed-mmarco-mnrl/d241b1266c2fda05252f9ceff1dab1b959fb1e0d/1_Pooling%2Fconfig.json "HTTP/1.1 200 OK"
2026-08-11 09:22:50,085 INFO httpx: HTTP Request: GET https://huggingface.co/api/models/nickprock/Italian-ModernBERT-base-embed-mmarco-mnrl "HTTP/1.1 200 OK"
2026-08-11 09:22:50,538 INFO it_colbert.benchmark.retrievers: encoding 1988 documents with nickprock/Italian-ModernBERT-base-embed-mmarco-mnrl
Batches:   0%|          | 0/32 [00:00<?, ?it/s]Batches:   3%|▎         | 1/32 [00:00<00:29,  1.04it/s]Batches:   6%|▋         | 2/32 [00:01<00:19,  1.52it/s]Batches:   9%|▉         | 3/32 [00:01<00:16,  1.79it/s]Batches:  12%|█▎        | 4/32 [00:02<00:13,  2.02it/s]Batches:  16%|█▌        | 5/32 [00:02<00:12,  2.11it/s]Batches:  19%|█▉        | 6/32 [00:03<00:11,  2.31it/s]Batches:  22%|██▏       | 7/32 [00:03<00:09,  2.53it/s]Batches:  25%|██▌       | 8/32 [00:03<00:08,  2.68it/s]Batches:  28%|██▊       | 9/32 [00:03<00:07,  2.95it/s]Batches:  31%|███▏      | 10/32 [00:04<00:07,  3.11it/s]Batches:  34%|███▍      | 11/32 [00:04<00:06,  3.23it/s]Batches:  38%|███▊      | 12/32 [00:04<00:06,  3.33it/s]Batches:  41%|████      | 13/32 [00:05<00:05,  3.46it/s]Batches:  44%|████▍     | 14/32 [00:05<00:05,  3.36it/s]Batches:  47%|████▋     | 15/32 [00:05<00:04,  3.53it/s]Batches:  50%|█████     | 16/32 [00:05<00:04,  3.65it/s]Batches:  53%|█████▎    | 17/32 [00:06<00:04,  3.52it/s]Batches:  56%|█████▋    | 18/32 [00:06<00:03,  3.72it/s]Batches:  59%|█████▉    | 19/32 [00:06<00:03,  3.74it/s]Batches:  62%|██████▎   | 20/32 [00:06<00:03,  3.83it/s]Batches:  66%|██████▌   | 21/32 [00:07<00:02,  3.98it/s]Batches:  69%|██████▉   | 22/32 [00:07<00:02,  4.23it/s]Batches:  72%|███████▏  | 23/32 [00:07<00:02,  4.47it/s]Batches:  75%|███████▌  | 24/32 [00:07<00:01,  4.65it/s]Batches:  78%|███████▊  | 25/32 [00:07<00:01,  4.90it/s]Batches:  81%|████████▏ | 26/32 [00:08<00:01,  4.92it/s]Batches:  84%|████████▍ | 27/32 [00:08<00:00,  5.08it/s]Batches:  88%|████████▊ | 28/32 [00:08<00:00,  5.32it/s]Batches:  91%|█████████ | 29/32 [00:08<00:00,  5.49it/s]Batches:  94%|█████████▍| 30/32 [00:08<00:00,  5.79it/s]Batches:  97%|█████████▋| 31/32 [00:08<00:00,  6.58it/s]Batches: 100%|██████████| 32/32 [00:08<00:00,  3.59it/s]
Batches:   0%|          | 0/119 [00:00<?, ?it/s]Batches:   3%|▎         | 3/119 [00:00<00:05, 21.40it/s]Batches:   5%|▌         | 6/119 [00:00<00:05, 22.18it/s]Batches:   8%|▊         | 9/119 [00:00<00:04, 22.48it/s]Batches:  10%|█         | 12/119 [00:00<00:04, 23.30it/s]Batches:  13%|█▎        | 15/119 [00:00<00:04, 23.96it/s]Batches:  15%|█▌        | 18/119 [00:00<00:04, 24.79it/s]Batches:  18%|█▊        | 21/119 [00:00<00:03, 25.22it/s]Batches:  20%|██        | 24/119 [00:00<00:03, 25.60it/s]Batches:  23%|██▎       | 27/119 [00:01<00:03, 26.48it/s]Batches:  25%|██▌       | 30/119 [00:01<00:03, 27.36it/s]Batches:  28%|██▊       | 33/119 [00:01<00:03, 27.96it/s]Batches:  30%|███       | 36/119 [00:01<00:02, 27.84it/s]Batches:  33%|███▎      | 39/119 [00:01<00:02, 28.38it/s]Batches:  35%|███▌      | 42/119 [00:01<00:02, 28.82it/s]Batches:  39%|███▊      | 46/119 [00:01<00:02, 29.79it/s]Batches:  42%|████▏     | 50/119 [00:01<00:02, 30.42it/s]Batches:  45%|████▌     | 54/119 [00:01<00:02, 31.01it/s]Batches:  49%|████▊     | 58/119 [00:02<00:01, 30.99it/s]Batches:  52%|█████▏    | 62/119 [00:02<00:01, 31.50it/s]Batches:  55%|█████▌    | 66/119 [00:02<00:01, 31.71it/s]Batches:  59%|█████▉    | 70/119 [00:02<00:01, 31.87it/s]Batches:  62%|██████▏   | 74/119 [00:02<00:01, 32.49it/s]Batches:  66%|██████▌   | 78/119 [00:02<00:01, 32.60it/s]Batches:  69%|██████▉   | 82/119 [00:02<00:01, 33.03it/s]Batches:  72%|███████▏  | 86/119 [00:02<00:00, 33.93it/s]Batches:  76%|███████▌  | 90/119 [00:03<00:00, 34.92it/s]Batches:  79%|███████▉  | 94/119 [00:03<00:00, 35.38it/s]Batches:  82%|████████▏ | 98/119 [00:03<00:00, 36.06it/s]Batches:  86%|████████▌ | 102/119 [00:03<00:00, 36.54it/s]Batches:  89%|████████▉ | 106/119 [00:03<00:00, 37.33it/s]Batches:  92%|█████████▏| 110/119 [00:03<00:00, 37.65it/s]Batches:  96%|█████████▌| 114/119 [00:03<00:00, 38.02it/s]Batches: 100%|██████████| 119/119 [00:03<00:00, 40.05it/s]Batches: 100%|██████████| 119/119 [00:03<00:00, 31.35it/s]
2026-08-11 09:23:05,154 INFO it_colbert.benchmark.run: --- squad-ita / multilingual-e5-base ---
2026-08-11 09:23:05,154 INFO it_colbert.benchmark.retrievers: loading dense model intfloat/multilingual-e5-base
2026-08-11 09:23:05,156 INFO sentence_transformers.SentenceTransformer: Use pytorch device_name: cuda:0
2026-08-11 09:23:05,156 INFO sentence_transformers.SentenceTransformer: Load pretrained SentenceTransformer: intfloat/multilingual-e5-base
2026-08-11 09:23:05,831 INFO httpx: HTTP Request: HEAD https://huggingface.co/intfloat/multilingual-e5-base/resolve/main/modules.json "HTTP/1.1 307 Temporary Redirect"
2026-08-11 09:23:05,954 INFO httpx: HTTP Request: HEAD https://huggingface.co/api/resolve-cache/models/intfloat/multilingual-e5-base/d128750597153bb5987e10b1c3493a34e5a4502a/modules.json "HTTP/1.1 200 OK"
2026-08-11 09:23:06,268 INFO httpx: HTTP Request: HEAD https://huggingface.co/intfloat/multilingual-e5-base/resolve/main/config_sentence_transformers.json "HTTP/1.1 404 Not Found"
2026-08-11 09:23:06,607 INFO httpx: HTTP Request: HEAD https://huggingface.co/intfloat/multilingual-e5-base/resolve/main/config_sentence_transformers.json "HTTP/1.1 404 Not Found"
2026-08-11 09:23:06,932 INFO httpx: HTTP Request: HEAD https://huggingface.co/intfloat/multilingual-e5-base/resolve/main/README.md "HTTP/1.1 307 Temporary Redirect"
2026-08-11 09:23:07,094 INFO httpx: HTTP Request: HEAD https://huggingface.co/api/resolve-cache/models/intfloat/multilingual-e5-base/d128750597153bb5987e10b1c3493a34e5a4502a/README.md "HTTP/1.1 200 OK"
2026-08-11 09:23:07,390 INFO httpx: HTTP Request: HEAD https://huggingface.co/intfloat/multilingual-e5-base/resolve/main/modules.json "HTTP/1.1 307 Temporary Redirect"
2026-08-11 09:23:07,525 INFO httpx: HTTP Request: HEAD https://huggingface.co/api/resolve-cache/models/intfloat/multilingual-e5-base/d128750597153bb5987e10b1c3493a34e5a4502a/modules.json "HTTP/1.1 200 OK"
2026-08-11 09:23:07,838 INFO httpx: HTTP Request: HEAD https://huggingface.co/intfloat/multilingual-e5-base/resolve/main/sentence_bert_config.json "HTTP/1.1 307 Temporary Redirect"
2026-08-11 09:23:07,974 INFO httpx: HTTP Request: HEAD https://huggingface.co/api/resolve-cache/models/intfloat/multilingual-e5-base/d128750597153bb5987e10b1c3493a34e5a4502a/sentence_bert_config.json "HTTP/1.1 200 OK"
2026-08-11 09:23:08,319 INFO httpx: HTTP Request: HEAD https://huggingface.co/intfloat/multilingual-e5-base/resolve/main/adapter_config.json "HTTP/1.1 404 Not Found"
2026-08-11 09:23:08,635 INFO httpx: HTTP Request: HEAD https://huggingface.co/intfloat/multilingual-e5-base/resolve/main/config.json "HTTP/1.1 307 Temporary Redirect"
2026-08-11 09:23:08,791 INFO httpx: HTTP Request: HEAD https://huggingface.co/api/resolve-cache/models/intfloat/multilingual-e5-base/d128750597153bb5987e10b1c3493a34e5a4502a/config.json "HTTP/1.1 200 OK"
Loading weights:   0%|          | 0/199 [00:00<?, ?it/s]Loading weights: 100%|██████████| 199/199 [00:00<00:00, 2860.73it/s]
[1mXLMRobertaModel LOAD REPORT[0m from: intfloat/multilingual-e5-base
Key                     | Status     |  | 
------------------------+------------+--+-
embeddings.position_ids | UNEXPECTED |  | 

[3mNotes:
- UNEXPECTED[3m	:can be ignored when loading from different task/architecture; not ok if you expect identical arch.[0m
2026-08-11 09:23:09,209 INFO httpx: HTTP Request: HEAD https://huggingface.co/intfloat/multilingual-e5-base/resolve/main/config.json "HTTP/1.1 307 Temporary Redirect"
2026-08-11 09:23:09,363 INFO httpx: HTTP Request: HEAD https://huggingface.co/api/resolve-cache/models/intfloat/multilingual-e5-base/d128750597153bb5987e10b1c3493a34e5a4502a/config.json "HTTP/1.1 200 OK"
2026-08-11 09:23:09,671 INFO httpx: HTTP Request: HEAD https://huggingface.co/intfloat/multilingual-e5-base/resolve/main/tokenizer_config.json "HTTP/1.1 307 Temporary Redirect"
2026-08-11 09:23:09,827 INFO httpx: HTTP Request: HEAD https://huggingface.co/api/resolve-cache/models/intfloat/multilingual-e5-base/d128750597153bb5987e10b1c3493a34e5a4502a/tokenizer_config.json "HTTP/1.1 200 OK"
2026-08-11 09:23:10,151 INFO httpx: HTTP Request: GET https://huggingface.co/api/models/intfloat/multilingual-e5-base/tree/main/additional_chat_templates?recursive=false&expand=false "HTTP/1.1 404 Not Found"
2026-08-11 09:23:10,474 INFO httpx: HTTP Request: GET https://huggingface.co/api/models/intfloat/multilingual-e5-base/tree/main?recursive=true&expand=false "HTTP/1.1 200 OK"
2026-08-11 09:23:12,344 INFO httpx: HTTP Request: GET https://huggingface.co/api/models/intfloat/multilingual-e5-base "HTTP/1.1 200 OK"
2026-08-11 09:23:12,857 INFO httpx: HTTP Request: HEAD https://huggingface.co/intfloat/multilingual-e5-base/resolve/main/1_Pooling/config.json "HTTP/1.1 307 Temporary Redirect"
2026-08-11 09:23:13,009 INFO httpx: HTTP Request: HEAD https://huggingface.co/api/resolve-cache/models/intfloat/multilingual-e5-base/d128750597153bb5987e10b1c3493a34e5a4502a/1_Pooling%2Fconfig.json "HTTP/1.1 200 OK"
2026-08-11 09:23:13,338 INFO httpx: HTTP Request: GET https://huggingface.co/api/models/intfloat/multilingual-e5-base "HTTP/1.1 200 OK"
2026-08-11 09:23:14,532 INFO it_colbert.benchmark.retrievers: encoding 1988 documents with intfloat/multilingual-e5-base
Batches:   0%|          | 0/32 [00:00<?, ?it/s]Batches:   3%|▎         | 1/32 [00:00<00:22,  1.37it/s]Batches:   6%|▋         | 2/32 [00:01<00:14,  2.03it/s]Batches:   9%|▉         | 3/32 [00:01<00:11,  2.50it/s]Batches:  12%|█▎        | 4/32 [00:01<00:09,  2.86it/s]Batches:  16%|█▌        | 5/32 [00:01<00:08,  3.12it/s]Batches:  19%|█▉        | 6/32 [00:02<00:07,  3.42it/s]Batches:  22%|██▏       | 7/32 [00:02<00:06,  3.71it/s]Batches:  25%|██▌       | 8/32 [00:02<00:06,  3.94it/s]Batches:  28%|██▊       | 9/32 [00:02<00:05,  4.20it/s]Batches:  31%|███▏      | 10/32 [00:02<00:05,  4.39it/s]Batches:  34%|███▍      | 11/32 [00:03<00:04,  4.54it/s]Batches:  38%|███▊      | 12/32 [00:03<00:04,  4.78it/s]Batches:  41%|████      | 13/32 [00:03<00:03,  5.00it/s]Batches:  44%|████▍     | 14/32 [00:03<00:03,  4.94it/s]Batches:  47%|████▋     | 15/32 [00:03<00:03,  5.16it/s]Batches:  50%|█████     | 16/32 [00:04<00:03,  5.29it/s]Batches:  53%|█████▎    | 17/32 [00:04<00:02,  5.43it/s]Batches:  56%|█████▋    | 18/32 [00:04<00:02,  5.66it/s]Batches:  59%|█████▉    | 19/32 [00:04<00:02,  5.75it/s]Batches:  62%|██████▎   | 20/32 [00:04<00:02,  5.96it/s]Batches:  66%|██████▌   | 21/32 [00:04<00:01,  6.06it/s]Batches:  69%|██████▉   | 22/32 [00:05<00:01,  6.19it/s]Batches:  72%|███████▏  | 23/32 [00:05<00:01,  6.48it/s]Batches:  75%|███████▌  | 24/32 [00:05<00:01,  6.74it/s]Batches:  78%|███████▊  | 25/32 [00:05<00:00,  7.04it/s]Batches:  81%|████████▏ | 26/32 [00:05<00:00,  7.20it/s]Batches:  84%|████████▍ | 27/32 [00:05<00:00,  7.42it/s]Batches:  88%|████████▊ | 28/32 [00:05<00:00,  7.74it/s]Batches:  91%|█████████ | 29/32 [00:05<00:00,  8.06it/s]Batches:  94%|█████████▍| 30/32 [00:06<00:00,  8.51it/s]Batches: 100%|██████████| 32/32 [00:06<00:00,  5.22it/s]
Batches:   0%|          | 0/119 [00:00<?, ?it/s]Batches:   3%|▎         | 3/119 [00:00<00:04, 27.04it/s]Batches:   6%|▌         | 7/119 [00:00<00:03, 29.29it/s]Batches:   9%|▉         | 11/119 [00:00<00:03, 30.22it/s]Batches:  13%|█▎        | 15/119 [00:00<00:03, 31.52it/s]Batches:  16%|█▌        | 19/119 [00:00<00:03, 32.29it/s]Batches:  19%|█▉        | 23/119 [00:00<00:02, 32.85it/s]Batches:  23%|██▎       | 27/119 [00:00<00:02, 34.17it/s]Batches:  26%|██▌       | 31/119 [00:00<00:02, 35.20it/s]Batches:  29%|██▉       | 35/119 [00:01<00:02, 35.88it/s]Batches:  33%|███▎      | 39/119 [00:01<00:02, 36.63it/s]Batches:  37%|███▋      | 44/119 [00:01<00:01, 37.77it/s]Batches:  41%|████      | 49/119 [00:01<00:01, 38.55it/s]Batches:  45%|████▌     | 54/119 [00:01<00:01, 39.70it/s]Batches:  50%|████▉     | 59/119 [00:01<00:01, 40.34it/s]Batches:  54%|█████▍    | 64/119 [00:01<00:01, 41.41it/s]Batches:  58%|█████▊    | 69/119 [00:01<00:01, 41.76it/s]Batches:  62%|██████▏   | 74/119 [00:01<00:01, 42.77it/s]Batches:  66%|██████▋   | 79/119 [00:02<00:00, 43.32it/s]Batches:  71%|███████   | 84/119 [00:02<00:00, 44.13it/s]Batches:  75%|███████▍  | 89/119 [00:02<00:00, 45.46it/s]Batches:  79%|███████▉  | 94/119 [00:02<00:00, 46.60it/s]Batches:  83%|████████▎ | 99/119 [00:02<00:00, 47.25it/s]Batches:  88%|████████▊ | 105/119 [00:02<00:00, 48.73it/s]Batches:  93%|█████████▎| 111/119 [00:02<00:00, 50.51it/s]Batches:  98%|█████████▊| 117/119 [00:02<00:00, 52.27it/s]Batches: 100%|██████████| 119/119 [00:02<00:00, 41.48it/s]
2026-08-11 09:23:25,609 INFO it_colbert.benchmark.run: --- squad-ita / multilingual-e5-large ---
2026-08-11 09:23:25,610 INFO it_colbert.benchmark.retrievers: loading dense model intfloat/multilingual-e5-large
2026-08-11 09:23:25,611 INFO sentence_transformers.SentenceTransformer: Use pytorch device_name: cuda:0
2026-08-11 09:23:25,611 INFO sentence_transformers.SentenceTransformer: Load pretrained SentenceTransformer: intfloat/multilingual-e5-large
2026-08-11 09:23:26,258 INFO httpx: HTTP Request: HEAD https://huggingface.co/intfloat/multilingual-e5-large/resolve/main/modules.json "HTTP/1.1 307 Temporary Redirect"
2026-08-11 09:23:26,424 INFO httpx: HTTP Request: HEAD https://huggingface.co/api/resolve-cache/models/intfloat/multilingual-e5-large/3d7cfbdacd47fdda877c5cd8a79fbcc4f2a574f3/modules.json "HTTP/1.1 200 OK"
2026-08-11 09:23:26,877 INFO httpx: HTTP Request: HEAD https://huggingface.co/intfloat/multilingual-e5-large/resolve/main/config_sentence_transformers.json "HTTP/1.1 404 Not Found"
2026-08-11 09:23:27,287 INFO httpx: HTTP Request: HEAD https://huggingface.co/intfloat/multilingual-e5-large/resolve/main/config_sentence_transformers.json "HTTP/1.1 404 Not Found"
2026-08-11 09:23:27,599 INFO httpx: HTTP Request: HEAD https://huggingface.co/intfloat/multilingual-e5-large/resolve/main/README.md "HTTP/1.1 307 Temporary Redirect"
2026-08-11 09:23:27,745 INFO httpx: HTTP Request: HEAD https://huggingface.co/api/resolve-cache/models/intfloat/multilingual-e5-large/3d7cfbdacd47fdda877c5cd8a79fbcc4f2a574f3/README.md "HTTP/1.1 200 OK"
2026-08-11 09:23:28,050 INFO httpx: HTTP Request: HEAD https://huggingface.co/intfloat/multilingual-e5-large/resolve/main/modules.json "HTTP/1.1 307 Temporary Redirect"
2026-08-11 09:23:28,253 INFO httpx: HTTP Request: HEAD https://huggingface.co/api/resolve-cache/models/intfloat/multilingual-e5-large/3d7cfbdacd47fdda877c5cd8a79fbcc4f2a574f3/modules.json "HTTP/1.1 200 OK"
2026-08-11 09:23:28,549 INFO httpx: HTTP Request: HEAD https://huggingface.co/intfloat/multilingual-e5-large/resolve/main/sentence_bert_config.json "HTTP/1.1 307 Temporary Redirect"
2026-08-11 09:23:28,680 INFO httpx: HTTP Request: HEAD https://huggingface.co/api/resolve-cache/models/intfloat/multilingual-e5-large/3d7cfbdacd47fdda877c5cd8a79fbcc4f2a574f3/sentence_bert_config.json "HTTP/1.1 200 OK"
2026-08-11 09:23:28,961 INFO httpx: HTTP Request: HEAD https://huggingface.co/intfloat/multilingual-e5-large/resolve/main/adapter_config.json "HTTP/1.1 404 Not Found"
2026-08-11 09:23:29,258 INFO httpx: HTTP Request: HEAD https://huggingface.co/intfloat/multilingual-e5-large/resolve/main/config.json "HTTP/1.1 307 Temporary Redirect"
2026-08-11 09:23:29,396 INFO httpx: HTTP Request: HEAD https://huggingface.co/api/resolve-cache/models/intfloat/multilingual-e5-large/3d7cfbdacd47fdda877c5cd8a79fbcc4f2a574f3/config.json "HTTP/1.1 200 OK"
Loading weights:   0%|          | 0/391 [00:00<?, ?it/s]Loading weights:  45%|████▌     | 177/391 [00:00<00:00, 1764.11it/s]Loading weights: 100%|██████████| 391/391 [00:00<00:00, 3274.61it/s]
[1mXLMRobertaModel LOAD REPORT[0m from: intfloat/multilingual-e5-large
Key                     | Status     |  | 
------------------------+------------+--+-
embeddings.position_ids | UNEXPECTED |  | 

[3mNotes:
- UNEXPECTED[3m	:can be ignored when loading from different task/architecture; not ok if you expect identical arch.[0m
2026-08-11 09:23:29,882 INFO httpx: HTTP Request: HEAD https://huggingface.co/intfloat/multilingual-e5-large/resolve/main/config.json "HTTP/1.1 307 Temporary Redirect"
2026-08-11 09:23:30,023 INFO httpx: HTTP Request: HEAD https://huggingface.co/api/resolve-cache/models/intfloat/multilingual-e5-large/3d7cfbdacd47fdda877c5cd8a79fbcc4f2a574f3/config.json "HTTP/1.1 200 OK"
2026-08-11 09:23:30,342 INFO httpx: HTTP Request: HEAD https://huggingface.co/intfloat/multilingual-e5-large/resolve/main/tokenizer_config.json "HTTP/1.1 307 Temporary Redirect"
2026-08-11 09:23:30,500 INFO httpx: HTTP Request: HEAD https://huggingface.co/api/resolve-cache/models/intfloat/multilingual-e5-large/3d7cfbdacd47fdda877c5cd8a79fbcc4f2a574f3/tokenizer_config.json "HTTP/1.1 200 OK"
2026-08-11 09:23:30,809 INFO httpx: HTTP Request: GET https://huggingface.co/api/models/intfloat/multilingual-e5-large/tree/main/additional_chat_templates?recursive=false&expand=false "HTTP/1.1 404 Not Found"
2026-08-11 09:23:31,144 INFO httpx: HTTP Request: GET https://huggingface.co/api/models/intfloat/multilingual-e5-large/tree/main?recursive=true&expand=false "HTTP/1.1 200 OK"
2026-08-11 09:23:32,998 INFO httpx: HTTP Request: GET https://huggingface.co/api/models/intfloat/multilingual-e5-large "HTTP/1.1 200 OK"
2026-08-11 09:23:33,566 INFO httpx: HTTP Request: HEAD https://huggingface.co/intfloat/multilingual-e5-large/resolve/main/1_Pooling/config.json "HTTP/1.1 307 Temporary Redirect"
2026-08-11 09:23:33,793 INFO httpx: HTTP Request: HEAD https://huggingface.co/api/resolve-cache/models/intfloat/multilingual-e5-large/3d7cfbdacd47fdda877c5cd8a79fbcc4f2a574f3/1_Pooling%2Fconfig.json "HTTP/1.1 200 OK"
2026-08-11 09:23:34,155 INFO httpx: HTTP Request: GET https://huggingface.co/api/models/intfloat/multilingual-e5-large "HTTP/1.1 200 OK"
2026-08-11 09:23:35,945 INFO it_colbert.benchmark.retrievers: encoding 1988 documents with intfloat/multilingual-e5-large
Batches:   0%|          | 0/32 [00:00<?, ?it/s]Batches:   3%|▎         | 1/32 [00:01<00:48,  1.57s/it]Batches:   6%|▋         | 2/32 [00:02<00:37,  1.25s/it]Batches:   9%|▉         | 3/32 [00:03<00:31,  1.10s/it]Batches:  12%|█▎        | 4/32 [00:04<00:27,  1.00it/s]Batches:  16%|█▌        | 5/32 [00:05<00:25,  1.06it/s]Batches:  19%|█▉        | 6/32 [00:05<00:22,  1.13it/s]Batches:  22%|██▏       | 7/32 [00:06<00:20,  1.21it/s]Batches:  25%|██▌       | 8/32 [00:07<00:18,  1.27it/s]Batches:  28%|██▊       | 9/32 [00:08<00:17,  1.35it/s]Batches:  31%|███▏      | 10/32 [00:08<00:15,  1.40it/s]Batches:  34%|███▍      | 11/32 [00:09<00:14,  1.45it/s]Batches:  38%|███▊      | 12/32 [00:09<00:13,  1.51it/s]Batches:  41%|████      | 13/32 [00:10<00:12,  1.58it/s]Batches:  44%|████▍     | 14/32 [00:11<00:11,  1.56it/s]Batches:  47%|████▋     | 15/32 [00:11<00:10,  1.62it/s]Batches:  50%|█████     | 16/32 [00:12<00:09,  1.66it/s]Batches:  53%|█████▎    | 17/32 [00:12<00:08,  1.70it/s]Batches:  56%|█████▋    | 18/32 [00:13<00:07,  1.78it/s]Batches:  59%|█████▉    | 19/32 [00:13<00:07,  1.81it/s]Batches:  62%|██████▎   | 20/32 [00:14<00:06,  1.87it/s]Batches:  66%|██████▌   | 21/32 [00:14<00:05,  1.91it/s]Batches:  69%|██████▉   | 22/32 [00:15<00:05,  1.95it/s]Batches:  72%|███████▏  | 23/32 [00:15<00:04,  2.03it/s]Batches:  75%|███████▌  | 24/32 [00:16<00:03,  2.12it/s]Batches:  78%|███████▊  | 25/32 [00:16<00:03,  2.21it/s]Batches:  81%|████████▏ | 26/32 [00:17<00:02,  2.26it/s]Batches:  84%|████████▍ | 27/32 [00:17<00:02,  2.33it/s]Batches:  88%|████████▊ | 28/32 [00:17<00:01,  2.42it/s]Batches:  91%|█████████ | 29/32 [00:18<00:01,  2.53it/s]Batches:  94%|█████████▍| 30/32 [00:18<00:00,  2.68it/s]Batches:  97%|█████████▋| 31/32 [00:18<00:00,  3.07it/s]Batches: 100%|██████████| 32/32 [00:18<00:00,  1.71it/s]
Batches:   0%|          | 0/119 [00:00<?, ?it/s]Batches:   1%|          | 1/119 [00:00<00:14,  8.10it/s]Batches:   2%|▏         | 2/119 [00:00<00:13,  8.61it/s]Batches:   3%|▎         | 3/119 [00:00<00:12,  8.95it/s]Batches:   4%|▍         | 5/119 [00:00<00:11,  9.83it/s]Batches:   6%|▌         | 7/119 [00:00<00:11, 10.05it/s]Batches:   8%|▊         | 9/119 [00:00<00:10, 10.21it/s]Batches:   9%|▉         | 11/119 [00:01<00:10, 10.42it/s]Batches:  11%|█         | 13/119 [00:01<00:09, 10.64it/s]Batches:  13%|█▎        | 15/119 [00:01<00:09, 11.05it/s]Batches:  14%|█▍        | 17/119 [00:01<00:09, 11.18it/s]Batches:  16%|█▌        | 19/119 [00:01<00:08, 11.37it/s]Batches:  18%|█▊        | 21/119 [00:01<00:08, 11.54it/s]Batches:  19%|█▉        | 23/119 [00:02<00:08, 11.57it/s]Batches:  21%|██        | 25/119 [00:02<00:08, 11.66it/s]Batches:  23%|██▎       | 27/119 [00:02<00:07, 12.04it/s]Batches:  24%|██▍       | 29/119 [00:02<00:07, 12.28it/s]Batches:  26%|██▌       | 31/119 [00:02<00:06, 12.65it/s]Batches:  28%|██▊       | 33/119 [00:02<00:06, 12.83it/s]Batches:  29%|██▉       | 35/119 [00:03<00:06, 12.81it/s]Batches:  31%|███       | 37/119 [00:03<00:06, 12.80it/s]Batches:  33%|███▎      | 39/119 [00:03<00:06, 13.06it/s]Batches:  34%|███▍      | 41/119 [00:03<00:05, 13.36it/s]Batches:  36%|███▌      | 43/119 [00:03<00:05, 13.48it/s]Batches:  38%|███▊      | 45/119 [00:03<00:05, 13.56it/s]Batches:  39%|███▉      | 47/119 [00:03<00:05, 13.74it/s]Batches:  41%|████      | 49/119 [00:04<00:05, 13.70it/s]Batches:  43%|████▎     | 51/119 [00:04<00:04, 13.90it/s]Batches:  45%|████▍     | 53/119 [00:04<00:04, 14.03it/s]Batches:  46%|████▌     | 55/119 [00:04<00:04, 13.97it/s]Batches:  48%|████▊     | 57/119 [00:04<00:04, 14.15it/s]Batches:  50%|████▉     | 59/119 [00:04<00:04, 14.22it/s]Batches:  51%|█████▏    | 61/119 [00:04<00:04, 14.35it/s]Batches:  53%|█████▎    | 63/119 [00:05<00:03, 14.54it/s]Batches:  55%|█████▍    | 65/119 [00:05<00:03, 14.58it/s]Batches:  56%|█████▋    | 67/119 [00:05<00:03, 14.76it/s]Batches:  58%|█████▊    | 69/119 [00:05<00:03, 14.71it/s]Batches:  60%|█████▉    | 71/119 [00:05<00:03, 14.89it/s]Batches:  61%|██████▏   | 73/119 [00:05<00:03, 15.23it/s]Batches:  63%|██████▎   | 75/119 [00:05<00:02, 15.41it/s]Batches:  65%|██████▍   | 77/119 [00:05<00:02, 15.62it/s]Batches:  66%|██████▋   | 79/119 [00:06<00:02, 15.34it/s]Batches:  68%|██████▊   | 81/119 [00:06<00:02, 15.59it/s]Batches:  70%|██████▉   | 83/119 [00:06<00:02, 15.64it/s]Batches:  71%|███████▏  | 85/119 [00:06<00:02, 15.85it/s]Batches:  73%|███████▎  | 87/119 [00:06<00:01, 16.05it/s]Batches:  75%|███████▍  | 89/119 [00:06<00:01, 16.23it/s]Batches:  76%|███████▋  | 91/119 [00:06<00:01, 16.38it/s]Batches:  78%|███████▊  | 93/119 [00:06<00:01, 16.70it/s]Batches:  80%|███████▉  | 95/119 [00:07<00:01, 17.21it/s]Batches:  82%|████████▏ | 97/119 [00:07<00:01, 17.24it/s]Batches:  83%|████████▎ | 99/119 [00:07<00:01, 17.33it/s]Batches:  85%|████████▍ | 101/119 [00:07<00:01, 17.35it/s]Batches:  87%|████████▋ | 103/119 [00:07<00:00, 17.44it/s]Batches:  88%|████████▊ | 105/119 [00:07<00:00, 17.88it/s]Batches:  90%|████████▉ | 107/119 [00:07<00:00, 18.20it/s]Batches:  92%|█████████▏| 109/119 [00:07<00:00, 18.44it/s]Batches:  93%|█████████▎| 111/119 [00:07<00:00, 18.65it/s]Batches:  95%|█████████▍| 113/119 [00:08<00:00, 18.74it/s]Batches:  97%|█████████▋| 116/119 [00:08<00:00, 19.52it/s]Batches: 100%|██████████| 119/119 [00:08<00:00, 20.34it/s]Batches: 100%|██████████| 119/119 [00:08<00:00, 14.31it/s]
2026-08-11 09:24:05,038 INFO it_colbert.benchmark.run: --- squad-ita / bge-m3 ---
2026-08-11 09:24:05,039 INFO it_colbert.benchmark.retrievers: loading dense model BAAI/bge-m3
2026-08-11 09:24:05,040 INFO sentence_transformers.SentenceTransformer: Use pytorch device_name: cuda:0
2026-08-11 09:24:05,040 INFO sentence_transformers.SentenceTransformer: Load pretrained SentenceTransformer: BAAI/bge-m3
2026-08-11 09:24:05,938 INFO httpx: HTTP Request: HEAD https://huggingface.co/BAAI/bge-m3/resolve/main/modules.json "HTTP/1.1 307 Temporary Redirect"
2026-08-11 09:24:06,099 INFO httpx: HTTP Request: HEAD https://huggingface.co/api/resolve-cache/models/BAAI/bge-m3/5617a9f61b028005a4858fdac845db406aefb181/modules.json "HTTP/1.1 200 OK"
2026-08-11 09:24:06,414 INFO httpx: HTTP Request: HEAD https://huggingface.co/BAAI/bge-m3/resolve/main/config_sentence_transformers.json "HTTP/1.1 307 Temporary Redirect"
2026-08-11 09:24:06,576 INFO httpx: HTTP Request: HEAD https://huggingface.co/api/resolve-cache/models/BAAI/bge-m3/5617a9f61b028005a4858fdac845db406aefb181/config_sentence_transformers.json "HTTP/1.1 200 OK"
2026-08-11 09:24:06,883 INFO httpx: HTTP Request: HEAD https://huggingface.co/BAAI/bge-m3/resolve/main/config_sentence_transformers.json "HTTP/1.1 307 Temporary Redirect"
2026-08-11 09:24:06,950 INFO httpx: HTTP Request: HEAD https://huggingface.co/api/resolve-cache/models/BAAI/bge-m3/5617a9f61b028005a4858fdac845db406aefb181/config_sentence_transformers.json "HTTP/1.1 200 OK"
2026-08-11 09:24:07,145 INFO httpx: HTTP Request: HEAD https://huggingface.co/BAAI/bge-m3/resolve/main/README.md "HTTP/1.1 307 Temporary Redirect"
2026-08-11 09:24:07,179 INFO httpx: HTTP Request: HEAD https://huggingface.co/api/resolve-cache/models/BAAI/bge-m3/5617a9f61b028005a4858fdac845db406aefb181/README.md "HTTP/1.1 200 OK"
2026-08-11 09:24:07,466 INFO httpx: HTTP Request: HEAD https://huggingface.co/BAAI/bge-m3/resolve/main/modules.json "HTTP/1.1 307 Temporary Redirect"
2026-08-11 09:24:07,574 INFO httpx: HTTP Request: HEAD https://huggingface.co/api/resolve-cache/models/BAAI/bge-m3/5617a9f61b028005a4858fdac845db406aefb181/modules.json "HTTP/1.1 200 OK"
2026-08-11 09:24:07,868 INFO httpx: HTTP Request: HEAD https://huggingface.co/BAAI/bge-m3/resolve/main/sentence_bert_config.json "HTTP/1.1 307 Temporary Redirect"
2026-08-11 09:24:08,004 INFO httpx: HTTP Request: HEAD https://huggingface.co/api/resolve-cache/models/BAAI/bge-m3/5617a9f61b028005a4858fdac845db406aefb181/sentence_bert_config.json "HTTP/1.1 200 OK"
2026-08-11 09:24:08,364 INFO httpx: HTTP Request: HEAD https://huggingface.co/BAAI/bge-m3/resolve/main/adapter_config.json "HTTP/1.1 404 Not Found"
2026-08-11 09:24:08,772 INFO httpx: HTTP Request: HEAD https://huggingface.co/BAAI/bge-m3/resolve/main/config.json "HTTP/1.1 307 Temporary Redirect"
2026-08-11 09:24:08,925 INFO httpx: HTTP Request: HEAD https://huggingface.co/api/resolve-cache/models/BAAI/bge-m3/5617a9f61b028005a4858fdac845db406aefb181/config.json "HTTP/1.1 200 OK"
2026-08-11 09:24:09,246 INFO httpx: HTTP Request: HEAD https://huggingface.co/BAAI/bge-m3/resolve/main/model.safetensors "HTTP/1.1 404 Not Found"
Loading weights:   0%|          | 0/391 [00:00<?, ?it/s]Loading weights: 100%|██████████| 391/391 [00:00<00:00, 31699.49it/s]
2026-08-11 09:24:09,612 INFO httpx: HTTP Request: GET https://huggingface.co/api/models/BAAI/bge-m3 "HTTP/1.1 200 OK"
2026-08-11 09:24:10,053 INFO httpx: HTTP Request: GET https://huggingface.co/api/models/BAAI/bge-m3/commits/main "HTTP/1.1 200 OK"
2026-08-11 09:24:10,169 INFO httpx: HTTP Request: HEAD https://huggingface.co/BAAI/bge-m3/resolve/main/config.json "HTTP/1.1 307 Temporary Redirect"
2026-08-11 09:24:10,307 INFO httpx: HTTP Request: HEAD https://huggingface.co/api/resolve-cache/models/BAAI/bge-m3/5617a9f61b028005a4858fdac845db406aefb181/config.json "HTTP/1.1 200 OK"
2026-08-11 09:24:10,513 INFO httpx: HTTP Request: GET https://huggingface.co/api/models/BAAI/bge-m3/discussions?p=0 "HTTP/1.1 200 OK"
2026-08-11 09:24:10,610 INFO httpx: HTTP Request: HEAD https://huggingface.co/BAAI/bge-m3/resolve/main/tokenizer_config.json "HTTP/1.1 307 Temporary Redirect"
2026-08-11 09:24:10,757 INFO httpx: HTTP Request: HEAD https://huggingface.co/api/resolve-cache/models/BAAI/bge-m3/5617a9f61b028005a4858fdac845db406aefb181/tokenizer_config.json "HTTP/1.1 200 OK"
2026-08-11 09:24:10,861 INFO httpx: HTTP Request: GET https://huggingface.co/api/models/BAAI/bge-m3/commits/refs%2Fpr%2F130 "HTTP/1.1 200 OK"
2026-08-11 09:24:11,050 INFO httpx: HTTP Request: GET https://huggingface.co/api/models/BAAI/bge-m3/tree/main/additional_chat_templates?recursive=false&expand=false "HTTP/1.1 404 Not Found"
2026-08-11 09:24:11,175 INFO httpx: HTTP Request: HEAD https://huggingface.co/BAAI/bge-m3/resolve/refs%2Fpr%2F130/model.safetensors.index.json "HTTP/1.1 404 Not Found"
2026-08-11 09:24:11,359 INFO httpx: HTTP Request: GET https://huggingface.co/api/models/BAAI/bge-m3/tree/main?recursive=true&expand=false "HTTP/1.1 200 OK"
2026-08-11 09:24:11,489 INFO httpx: HTTP Request: HEAD https://huggingface.co/BAAI/bge-m3/resolve/refs%2Fpr%2F130/model.safetensors "HTTP/1.1 302 Found"
2026-08-11 09:24:13,101 INFO httpx: HTTP Request: GET https://huggingface.co/api/models/BAAI/bge-m3 "HTTP/1.1 200 OK"
2026-08-11 09:24:13,432 INFO httpx: HTTP Request: HEAD https://huggingface.co/BAAI/bge-m3/resolve/main/1_Pooling/config.json "HTTP/1.1 307 Temporary Redirect"
2026-08-11 09:24:13,573 INFO httpx: HTTP Request: HEAD https://huggingface.co/api/resolve-cache/models/BAAI/bge-m3/5617a9f61b028005a4858fdac845db406aefb181/1_Pooling%2Fconfig.json "HTTP/1.1 200 OK"
2026-08-11 09:24:13,882 INFO httpx: HTTP Request: GET https://huggingface.co/api/models/BAAI/bge-m3 "HTTP/1.1 200 OK"
2026-08-11 09:24:15,814 INFO it_colbert.benchmark.retrievers: encoding 1988 documents with BAAI/bge-m3
Batches:   0%|          | 0/32 [00:00<?, ?it/s]Batches:   3%|▎         | 1/32 [00:01<00:47,  1.53s/it]Batches:   6%|▋         | 2/32 [00:02<00:36,  1.23s/it]Batches:   9%|▉         | 3/32 [00:03<00:31,  1.09s/it]Batches:  12%|█▎        | 4/32 [00:04<00:27,  1.01it/s]Batches:  16%|█▌        | 5/32 [00:05<00:25,  1.07it/s]Batches:  19%|█▉        | 6/32 [00:05<00:22,  1.14it/s]Batches:  22%|██▏       | 7/32 [00:06<00:20,  1.22it/s]Batches:  25%|██▌       | 8/32 [00:07<00:18,  1.29it/s]Batches:  28%|██▊       | 9/32 [00:07<00:16,  1.36it/s]Batches:  31%|███▏      | 10/32 [00:08<00:15,  1.41it/s]Batches:  34%|███▍      | 11/32 [00:09<00:14,  1.45it/s]Batches:  38%|███▊      | 12/32 [00:09<00:13,  1.52it/s]Batches:  41%|████      | 13/32 [00:10<00:11,  1.59it/s]Batches:  44%|████▍     | 14/32 [00:11<00:11,  1.56it/s]Batches:  47%|████▋     | 15/32 [00:11<00:10,  1.63it/s]Batches:  50%|█████     | 16/32 [00:12<00:09,  1.67it/s]Batches:  53%|█████▎    | 17/32 [00:12<00:08,  1.71it/s]Batches:  56%|█████▋    | 18/32 [00:13<00:07,  1.78it/s]Batches:  59%|█████▉    | 19/32 [00:13<00:07,  1.81it/s]Batches:  62%|██████▎   | 20/32 [00:14<00:06,  1.88it/s]Batches:  66%|██████▌   | 21/32 [00:14<00:05,  1.92it/s]Batches:  69%|██████▉   | 22/32 [00:15<00:05,  1.96it/s]Batches:  72%|███████▏  | 23/32 [00:15<00:04,  2.04it/s]Batches:  75%|███████▌  | 24/32 [00:16<00:03,  2.13it/s]Batches:  78%|███████▊  | 25/32 [00:16<00:03,  2.22it/s]Batches:  81%|████████▏ | 26/32 [00:16<00:02,  2.29it/s]Batches:  84%|████████▍ | 27/32 [00:17<00:02,  2.35it/s]Batches:  88%|████████▊ | 28/32 [00:17<00:01,  2.46it/s]Batches:  91%|█████████ | 29/32 [00:18<00:01,  2.56it/s]Batches:  94%|█████████▍| 30/32 [00:18<00:00,  2.70it/s]Batches:  97%|█████████▋| 31/32 [00:18<00:00,  3.10it/s]Batches: 100%|██████████| 32/32 [00:18<00:00,  1.72it/s]
Batches:   0%|          | 0/119 [00:00<?, ?it/s]Batches:   1%|          | 1/119 [00:00<00:13,  8.60it/s]Batches:   3%|▎         | 3/119 [00:00<00:11,  9.74it/s]Batches:   4%|▍         | 5/119 [00:00<00:10, 10.50it/s]Batches:   6%|▌         | 7/119 [00:00<00:10, 10.80it/s]Batches:   8%|▊         | 9/119 [00:00<00:09, 11.04it/s]Batches:   9%|▉         | 11/119 [00:01<00:09, 11.28it/s]Batches:  11%|█         | 13/119 [00:01<00:09, 11.44it/s]Batches:  13%|█▎        | 15/119 [00:01<00:08, 11.96it/s]Batches:  14%|█▍        | 17/119 [00:01<00:08, 12.19it/s]Batches:  16%|█▌        | 19/119 [00:01<00:08, 12.36it/s]Batches:  18%|█▊        | 21/119 [00:01<00:07, 12.56it/s]Batches:  19%|█▉        | 23/119 [00:01<00:07, 12.61it/s]Batches:  21%|██        | 25/119 [00:02<00:07, 12.88it/s]Batches:  23%|██▎       | 27/119 [00:02<00:06, 13.26it/s]Batches:  24%|██▍       | 29/119 [00:02<00:06, 13.50it/s]Batches:  26%|██▌       | 31/119 [00:02<00:06, 13.80it/s]Batches:  28%|██▊       | 33/119 [00:02<00:06, 13.98it/s]Batches:  29%|██▉       | 35/119 [00:02<00:06, 13.96it/s]Batches:  31%|███       | 37/119 [00:02<00:05, 14.00it/s]Batches:  33%|███▎      | 39/119 [00:03<00:05, 14.31it/s]Batches:  34%|███▍      | 41/119 [00:03<00:05, 14.80it/s]Batches:  36%|███▌      | 43/119 [00:03<00:05, 14.91it/s]Batches:  38%|███▊      | 45/119 [00:03<00:04, 14.96it/s]Batches:  39%|███▉      | 47/119 [00:03<00:04, 15.25it/s]Batches:  41%|████      | 49/119 [00:03<00:04, 15.20it/s]Batches:  43%|████▎     | 51/119 [00:03<00:04, 15.46it/s]Batches:  45%|████▍     | 53/119 [00:03<00:04, 15.68it/s]Batches:  46%|████▌     | 55/119 [00:04<00:04, 15.53it/s]Batches:  48%|████▊     | 57/119 [00:04<00:03, 15.76it/s]Batches:  50%|████▉     | 59/119 [00:04<00:03, 15.89it/s]Batches:  51%|█████▏    | 61/119 [00:04<00:03, 16.00it/s]Batches:  53%|█████▎    | 63/119 [00:04<00:03, 16.11it/s]Batches:  55%|█████▍    | 65/119 [00:04<00:03, 16.04it/s]Batches:  56%|█████▋    | 67/119 [00:04<00:03, 16.35it/s]Batches:  58%|█████▊    | 69/119 [00:04<00:03, 16.33it/s]Batches:  60%|█████▉    | 71/119 [00:05<00:02, 16.59it/s]Batches:  61%|██████▏   | 73/119 [00:05<00:02, 17.11it/s]Batches:  63%|██████▎   | 75/119 [00:05<00:02, 17.31it/s]Batches:  65%|██████▍   | 77/119 [00:05<00:02, 17.65it/s]Batches:  66%|██████▋   | 79/119 [00:05<00:02, 17.20it/s]Batches:  68%|██████▊   | 81/119 [00:05<00:02, 17.59it/s]Batches:  70%|██████▉   | 83/119 [00:05<00:02, 17.61it/s]Batches:  71%|███████▏  | 85/119 [00:05<00:01, 17.95it/s]Batches:  73%|███████▎  | 87/119 [00:05<00:01, 18.28it/s]Batches:  75%|███████▍  | 89/119 [00:06<00:01, 18.55it/s]Batches:  76%|███████▋  | 91/119 [00:06<00:01, 18.34it/s]Batches:  78%|███████▊  | 93/119 [00:06<00:01, 18.63it/s]Batches:  80%|███████▉  | 95/119 [00:06<00:01, 18.97it/s]Batches:  82%|████████▏ | 97/119 [00:06<00:01, 19.04it/s]Batches:  83%|████████▎ | 99/119 [00:06<00:01, 19.14it/s]Batches:  86%|████████▌ | 102/119 [00:06<00:00, 19.45it/s]Batches:  88%|████████▊ | 105/119 [00:06<00:00, 20.30it/s]Batches:  91%|█████████ | 108/119 [00:07<00:00, 20.89it/s]Batches:  93%|█████████▎| 111/119 [00:07<00:00, 21.55it/s]Batches:  96%|█████████▌| 114/119 [00:07<00:00, 21.54it/s]Batches:  98%|█████████▊| 117/119 [00:07<00:00, 22.64it/s]Batches: 100%|██████████| 119/119 [00:07<00:00, 15.92it/s]
2026-08-11 09:24:43,940 INFO it_colbert.benchmark.run: --- squad-ita / Ita-Search ---
2026-08-11 09:24:43,941 INFO it_colbert.benchmark.retrievers: loading dense model DeepMount00/Ita-Search
2026-08-11 09:24:43,942 INFO sentence_transformers.SentenceTransformer: Use pytorch device_name: cuda:0
2026-08-11 09:24:43,942 INFO sentence_transformers.SentenceTransformer: Load pretrained SentenceTransformer: DeepMount00/Ita-Search
2026-08-11 09:24:44,758 INFO httpx: HTTP Request: HEAD https://huggingface.co/DeepMount00/Ita-Search/resolve/main/modules.json "HTTP/1.1 307 Temporary Redirect"
2026-08-11 09:24:44,889 INFO httpx: HTTP Request: HEAD https://huggingface.co/api/resolve-cache/models/DeepMount00/Ita-Search/af1ce56fe8d545146390a6beb195ab45b195e54a/modules.json "HTTP/1.1 200 OK"
2026-08-11 09:24:45,206 INFO httpx: HTTP Request: HEAD https://huggingface.co/DeepMount00/Ita-Search/resolve/main/config_sentence_transformers.json "HTTP/1.1 307 Temporary Redirect"
2026-08-11 09:24:45,339 INFO httpx: HTTP Request: HEAD https://huggingface.co/api/resolve-cache/models/DeepMount00/Ita-Search/af1ce56fe8d545146390a6beb195ab45b195e54a/config_sentence_transformers.json "HTTP/1.1 200 OK"
2026-08-11 09:24:45,649 INFO httpx: HTTP Request: HEAD https://huggingface.co/DeepMount00/Ita-Search/resolve/main/config_sentence_transformers.json "HTTP/1.1 307 Temporary Redirect"
2026-08-11 09:24:45,820 INFO httpx: HTTP Request: HEAD https://huggingface.co/api/resolve-cache/models/DeepMount00/Ita-Search/af1ce56fe8d545146390a6beb195ab45b195e54a/config_sentence_transformers.json "HTTP/1.1 200 OK"
2026-08-11 09:24:46,269 INFO httpx: HTTP Request: HEAD https://huggingface.co/DeepMount00/Ita-Search/resolve/main/README.md "HTTP/1.1 307 Temporary Redirect"
2026-08-11 09:24:46,399 INFO httpx: HTTP Request: HEAD https://huggingface.co/api/resolve-cache/models/DeepMount00/Ita-Search/af1ce56fe8d545146390a6beb195ab45b195e54a/README.md "HTTP/1.1 200 OK"
2026-08-11 09:24:46,740 INFO httpx: HTTP Request: HEAD https://huggingface.co/DeepMount00/Ita-Search/resolve/main/modules.json "HTTP/1.1 307 Temporary Redirect"
2026-08-11 09:24:46,882 INFO httpx: HTTP Request: HEAD https://huggingface.co/api/resolve-cache/models/DeepMount00/Ita-Search/af1ce56fe8d545146390a6beb195ab45b195e54a/modules.json "HTTP/1.1 200 OK"
2026-08-11 09:24:47,261 INFO httpx: HTTP Request: HEAD https://huggingface.co/DeepMount00/Ita-Search/resolve/main/sentence_bert_config.json "HTTP/1.1 307 Temporary Redirect"
2026-08-11 09:24:47,555 INFO httpx: HTTP Request: HEAD https://huggingface.co/api/resolve-cache/models/DeepMount00/Ita-Search/af1ce56fe8d545146390a6beb195ab45b195e54a/sentence_bert_config.json "HTTP/1.1 200 OK"
2026-08-11 09:24:47,858 INFO httpx: HTTP Request: HEAD https://huggingface.co/DeepMount00/Ita-Search/resolve/main/adapter_config.json "HTTP/1.1 404 Not Found"
2026-08-11 09:24:48,184 INFO httpx: HTTP Request: HEAD https://huggingface.co/DeepMount00/Ita-Search/resolve/main/config.json "HTTP/1.1 307 Temporary Redirect"
2026-08-11 09:24:48,324 INFO httpx: HTTP Request: HEAD https://huggingface.co/api/resolve-cache/models/DeepMount00/Ita-Search/af1ce56fe8d545146390a6beb195ab45b195e54a/config.json "HTTP/1.1 200 OK"
Loading weights:   0%|          | 0/310 [00:00<?, ?it/s]Loading weights:  48%|████▊     | 149/310 [00:00<00:00, 1488.51it/s]Loading weights: 100%|██████████| 310/310 [00:00<00:00, 2699.59it/s]
2026-08-11 09:24:48,694 INFO httpx: HTTP Request: HEAD https://huggingface.co/DeepMount00/Ita-Search/resolve/main/config.json "HTTP/1.1 307 Temporary Redirect"
2026-08-11 09:24:48,720 INFO httpx: HTTP Request: HEAD https://huggingface.co/api/resolve-cache/models/DeepMount00/Ita-Search/af1ce56fe8d545146390a6beb195ab45b195e54a/config.json "HTTP/1.1 200 OK"
2026-08-11 09:24:48,929 INFO httpx: HTTP Request: HEAD https://huggingface.co/DeepMount00/Ita-Search/resolve/main/tokenizer_config.json "HTTP/1.1 307 Temporary Redirect"
2026-08-11 09:24:48,981 INFO httpx: HTTP Request: HEAD https://huggingface.co/api/resolve-cache/models/DeepMount00/Ita-Search/af1ce56fe8d545146390a6beb195ab45b195e54a/tokenizer_config.json "HTTP/1.1 200 OK"
2026-08-11 09:24:49,321 INFO httpx: HTTP Request: GET https://huggingface.co/api/models/DeepMount00/Ita-Search/tree/main/additional_chat_templates?recursive=false&expand=false "HTTP/1.1 404 Not Found"
2026-08-11 09:24:49,633 INFO httpx: HTTP Request: GET https://huggingface.co/api/models/DeepMount00/Ita-Search/tree/main?recursive=true&expand=false "HTTP/1.1 200 OK"
2026-08-11 09:24:50,354 INFO httpx: HTTP Request: GET https://huggingface.co/api/models/DeepMount00/Ita-Search "HTTP/1.1 200 OK"
2026-08-11 09:24:50,675 INFO httpx: HTTP Request: HEAD https://huggingface.co/DeepMount00/Ita-Search/resolve/main/1_Pooling/config.json "HTTP/1.1 307 Temporary Redirect"
2026-08-11 09:24:50,810 INFO httpx: HTTP Request: HEAD https://huggingface.co/api/resolve-cache/models/DeepMount00/Ita-Search/af1ce56fe8d545146390a6beb195ab45b195e54a/1_Pooling%2Fconfig.json "HTTP/1.1 200 OK"
2026-08-11 09:24:51,187 INFO httpx: HTTP Request: GET https://huggingface.co/api/models/DeepMount00/Ita-Search "HTTP/1.1 200 OK"
2026-08-11 09:24:53,040 INFO sentence_transformers.SentenceTransformer: 1 prompt is loaded, with the key: query
2026-08-11 09:24:53,041 INFO it_colbert.benchmark.retrievers: encoding 1988 documents with DeepMount00/Ita-Search
Batches:   0%|          | 0/32 [00:00<?, ?it/s]Batches:   3%|▎         | 1/32 [00:02<01:19,  2.57s/it]Batches:   6%|▋         | 2/32 [00:04<01:13,  2.44s/it]Batches:   9%|▉         | 3/32 [00:06<01:05,  2.24s/it]Batches:  12%|█▎        | 4/32 [00:08<00:58,  2.10s/it]Batches:  16%|█▌        | 5/32 [00:10<00:54,  2.03s/it]Batches:  19%|█▉        | 6/32 [00:12<00:52,  2.00s/it]Batches:  22%|██▏       | 7/32 [00:14<00:49,  1.97s/it]Batches:  25%|██▌       | 8/32 [00:16<00:47,  1.98s/it]Batches:  28%|██▊       | 9/32 [00:17<00:41,  1.79s/it]Batches:  31%|███▏      | 10/32 [00:19<00:37,  1.71s/it]Batches:  34%|███▍      | 11/32 [00:20<00:33,  1.60s/it]Batches:  38%|███▊      | 12/32 [00:22<00:30,  1.51s/it]Batches:  41%|████      | 13/32 [00:23<00:27,  1.46s/it]Batches:  44%|████▍     | 14/32 [00:24<00:25,  1.39s/it]Batches:  47%|████▋     | 15/32 [00:26<00:24,  1.41s/it]Batches:  50%|█████     | 16/32 [00:27<00:22,  1.43s/it]Batches:  53%|█████▎    | 17/32 [00:29<00:21,  1.46s/it]Batches:  56%|█████▋    | 18/32 [00:30<00:19,  1.37s/it]Batches:  59%|█████▉    | 19/32 [00:31<00:16,  1.28s/it]Batches:  62%|██████▎   | 20/32 [00:32<00:15,  1.28s/it]Batches:  66%|██████▌   | 21/32 [00:33<00:13,  1.24s/it]Batches:  69%|██████▉   | 22/32 [00:34<00:11,  1.18s/it]Batches:  72%|███████▏  | 23/32 [00:35<00:10,  1.13s/it]Batches:  75%|███████▌  | 24/32 [00:36<00:08,  1.11s/it]Batches:  78%|███████▊  | 25/32 [00:37<00:07,  1.05s/it]Batches:  81%|████████▏ | 26/32 [00:38<00:06,  1.08s/it]Batches:  84%|████████▍ | 27/32 [00:39<00:05,  1.05s/it]Batches:  88%|████████▊ | 28/32 [00:40<00:04,  1.00s/it]Batches:  91%|█████████ | 29/32 [00:41<00:02,  1.08it/s]Batches:  94%|█████████▍| 30/32 [00:42<00:01,  1.19it/s]Batches:  97%|█████████▋| 31/32 [00:42<00:00,  1.34it/s]Batches: 100%|██████████| 32/32 [00:42<00:00,  1.34s/it]
Batches:   0%|          | 0/119 [00:00<?, ?it/s]Batches:   1%|          | 1/119 [00:00<00:33,  3.52it/s]Batches:   2%|▏         | 2/119 [00:00<00:29,  3.93it/s]Batches:   3%|▎         | 3/119 [00:00<00:28,  4.13it/s]Batches:   3%|▎         | 4/119 [00:00<00:26,  4.36it/s]Batches:   4%|▍         | 5/119 [00:01<00:25,  4.55it/s]Batches:   5%|▌         | 6/119 [00:01<00:24,  4.67it/s]Batches:   6%|▌         | 7/119 [00:01<00:24,  4.58it/s]Batches:   7%|▋         | 8/119 [00:01<00:23,  4.69it/s]Batches:   8%|▊         | 9/119 [00:01<00:22,  4.81it/s]Batches:   8%|▊         | 10/119 [00:02<00:22,  4.90it/s]Batches:   9%|▉         | 11/119 [00:02<00:21,  4.98it/s]Batches:  10%|█         | 12/119 [00:02<00:21,  5.04it/s]Batches:  11%|█         | 13/119 [00:02<00:20,  5.09it/s]Batches:  12%|█▏        | 14/119 [00:02<00:20,  5.13it/s]Batches:  13%|█▎        | 15/119 [00:03<00:20,  4.99it/s]Batches:  13%|█▎        | 16/119 [00:03<00:20,  5.11it/s]Batches:  14%|█▍        | 17/119 [00:03<00:19,  5.27it/s]Batches:  15%|█▌        | 18/119 [00:03<00:19,  5.31it/s]Batches:  16%|█▌        | 19/119 [00:03<00:18,  5.35it/s]Batches:  17%|█▋        | 20/119 [00:04<00:18,  5.36it/s]Batches:  18%|█▊        | 21/119 [00:04<00:17,  5.49it/s]Batches:  18%|█▊        | 22/119 [00:04<00:17,  5.56it/s]Batches:  19%|█▉        | 23/119 [00:04<00:17,  5.63it/s]Batches:  20%|██        | 24/119 [00:04<00:16,  5.74it/s]Batches:  21%|██        | 25/119 [00:04<00:16,  5.78it/s]Batches:  22%|██▏       | 26/119 [00:05<00:16,  5.81it/s]Batches:  23%|██▎       | 27/119 [00:05<00:15,  5.77it/s]Batches:  24%|██▎       | 28/119 [00:05<00:15,  5.79it/s]Batches:  24%|██▍       | 29/119 [00:05<00:15,  5.81it/s]Batches:  25%|██▌       | 30/119 [00:05<00:15,  5.87it/s]Batches:  26%|██▌       | 31/119 [00:05<00:14,  5.93it/s]Batches:  27%|██▋       | 32/119 [00:06<00:14,  6.00it/s]Batches:  28%|██▊       | 33/119 [00:06<00:14,  6.06it/s]Batches:  29%|██▊       | 34/119 [00:06<00:14,  5.99it/s]Batches:  29%|██▉       | 35/119 [00:06<00:14,  5.96it/s]Batches:  30%|███       | 36/119 [00:06<00:13,  6.02it/s]Batches:  31%|███       | 37/119 [00:06<00:13,  5.92it/s]Batches:  32%|███▏      | 38/119 [00:07<00:13,  5.92it/s]Batches:  33%|███▎      | 39/119 [00:07<00:13,  5.95it/s]Batches:  34%|███▎      | 40/119 [00:07<00:13,  5.93it/s]Batches:  34%|███▍      | 41/119 [00:07<00:12,  6.08it/s]Batches:  35%|███▌      | 42/119 [00:07<00:12,  5.95it/s]Batches:  36%|███▌      | 43/119 [00:07<00:12,  6.10it/s]Batches:  37%|███▋      | 44/119 [00:08<00:12,  6.20it/s]Batches:  38%|███▊      | 45/119 [00:08<00:11,  6.31it/s]Batches:  39%|███▊      | 46/119 [00:08<00:11,  6.26it/s]Batches:  39%|███▉      | 47/119 [00:08<00:11,  6.25it/s]Batches:  40%|████      | 48/119 [00:08<00:11,  6.39it/s]Batches:  41%|████      | 49/119 [00:08<00:10,  6.41it/s]Batches:  42%|████▏     | 50/119 [00:09<00:10,  6.41it/s]Batches:  43%|████▎     | 51/119 [00:09<00:10,  6.36it/s]Batches:  44%|████▎     | 52/119 [00:09<00:10,  6.45it/s]Batches:  45%|████▍     | 53/119 [00:09<00:10,  6.50it/s]Batches:  45%|████▌     | 54/119 [00:09<00:10,  6.35it/s]Batches:  46%|████▌     | 55/119 [00:09<00:10,  6.19it/s]Batches:  47%|████▋     | 56/119 [00:09<00:10,  6.27it/s]Batches:  48%|████▊     | 57/119 [00:10<00:09,  6.40it/s]Batches:  49%|████▊     | 58/119 [00:10<00:09,  6.47it/s]Batches:  50%|████▉     | 59/119 [00:10<00:09,  6.52it/s]Batches:  50%|█████     | 60/119 [00:10<00:09,  6.49it/s]Batches:  51%|█████▏    | 61/119 [00:10<00:09,  6.41it/s]Batches:  52%|█████▏    | 62/119 [00:10<00:08,  6.55it/s]Batches:  53%|█████▎    | 63/119 [00:11<00:08,  6.51it/s]Batches:  54%|█████▍    | 64/119 [00:11<00:08,  6.49it/s]Batches:  55%|█████▍    | 65/119 [00:11<00:08,  6.53it/s]Batches:  55%|█████▌    | 66/119 [00:11<00:08,  6.50it/s]Batches:  56%|█████▋    | 67/119 [00:11<00:07,  6.57it/s]Batches:  57%|█████▋    | 68/119 [00:11<00:07,  6.58it/s]Batches:  58%|█████▊    | 69/119 [00:11<00:07,  6.62it/s]Batches:  59%|█████▉    | 70/119 [00:12<00:07,  6.71it/s]Batches:  60%|█████▉    | 71/119 [00:12<00:07,  6.64it/s]Batches:  61%|██████    | 72/119 [00:12<00:07,  6.65it/s]Batches:  61%|██████▏   | 73/119 [00:12<00:06,  6.58it/s]Batches:  62%|██████▏   | 74/119 [00:12<00:06,  6.62it/s]Batches:  63%|██████▎   | 75/119 [00:12<00:06,  6.66it/s]Batches:  64%|██████▍   | 76/119 [00:13<00:06,  6.60it/s]Batches:  65%|██████▍   | 77/119 [00:13<00:06,  6.84it/s]Batches:  66%|██████▌   | 78/119 [00:13<00:05,  6.88it/s]Batches:  66%|██████▋   | 79/119 [00:13<00:05,  6.89it/s]Batches:  67%|██████▋   | 80/119 [00:13<00:05,  7.09it/s]Batches:  68%|██████▊   | 81/119 [00:13<00:05,  7.04it/s]Batches:  69%|██████▉   | 82/119 [00:13<00:05,  7.20it/s]Batches:  70%|██████▉   | 83/119 [00:13<00:05,  7.15it/s]Batches:  71%|███████   | 84/119 [00:14<00:04,  7.10it/s]Batches:  71%|███████▏  | 85/119 [00:14<00:04,  7.05it/s]Batches:  72%|███████▏  | 86/119 [00:14<00:04,  7.04it/s]Batches:  73%|███████▎  | 87/119 [00:14<00:04,  7.21it/s]Batches:  74%|███████▍  | 88/119 [00:14<00:04,  7.32it/s]Batches:  75%|███████▍  | 89/119 [00:14<00:04,  7.45it/s]Batches:  76%|███████▌  | 90/119 [00:14<00:03,  7.49it/s]Batches:  76%|███████▋  | 91/119 [00:15<00:03,  7.36it/s]Batches:  77%|███████▋  | 92/119 [00:15<00:03,  7.54it/s]Batches:  78%|███████▊  | 93/119 [00:15<00:03,  7.53it/s]Batches:  79%|███████▉  | 94/119 [00:15<00:03,  7.58it/s]Batches:  80%|███████▉  | 95/119 [00:15<00:03,  7.61it/s]Batches:  81%|████████  | 96/119 [00:15<00:03,  7.65it/s]Batches:  82%|████████▏ | 97/119 [00:15<00:02,  7.44it/s]Batches:  82%|████████▏ | 98/119 [00:15<00:02,  7.77it/s]Batches:  83%|████████▎ | 99/119 [00:16<00:02,  7.75it/s]Batches:  84%|████████▍ | 100/119 [00:16<00:02,  7.73it/s]Batches:  85%|████████▍ | 101/119 [00:16<00:02,  7.71it/s]Batches:  86%|████████▌ | 102/119 [00:16<00:02,  7.78it/s]Batches:  87%|████████▋ | 103/119 [00:16<00:02,  7.75it/s]Batches:  87%|████████▋ | 104/119 [00:16<00:01,  7.74it/s]Batches:  88%|████████▊ | 105/119 [00:16<00:01,  7.73it/s]Batches:  89%|████████▉ | 106/119 [00:17<00:01,  7.80it/s]Batches:  90%|████████▉ | 107/119 [00:17<00:01,  8.06it/s]Batches:  91%|█████████ | 108/119 [00:17<00:01,  8.06it/s]Batches:  92%|█████████▏| 109/119 [00:17<00:01,  8.24it/s]Batches:  92%|█████████▏| 110/119 [00:17<00:01,  8.18it/s]Batches:  93%|█████████▎| 111/119 [00:17<00:00,  8.34it/s]Batches:  94%|█████████▍| 112/119 [00:17<00:00,  8.42it/s]Batches:  95%|█████████▍| 113/119 [00:17<00:00,  8.67it/s]Batches:  96%|█████████▌| 114/119 [00:17<00:00,  8.74it/s]Batches:  97%|█████████▋| 115/119 [00:18<00:00,  8.91it/s]Batches:  97%|█████████▋| 116/119 [00:18<00:00,  9.05it/s]Batches:  98%|█████████▊| 117/119 [00:18<00:00,  8.99it/s]Batches:  99%|█████████▉| 118/119 [00:18<00:00,  9.09it/s]Batches: 100%|██████████| 119/119 [00:18<00:00,  6.44it/s]
2026-08-11 09:25:56,561 INFO it_colbert.benchmark.run: --- squad-ita / jina-colbert-v2 ---
2026-08-11 09:25:56,561 INFO it_colbert.benchmark.retrievers: loading colbert model jinaai/jina-colbert-v2
2026-08-11 09:25:56,562 INFO sentence_transformers.SentenceTransformer: Use pytorch device_name: cuda:0
2026-08-11 09:25:56,562 INFO sentence_transformers.SentenceTransformer: Load pretrained ColBERT: jinaai/jina-colbert-v2
2026-08-11 09:25:58,016 INFO httpx: HTTP Request: HEAD https://huggingface.co/jinaai/jina-colbert-v2/resolve/main/modules.json "HTTP/1.1 404 Not Found"
2026-08-11 09:25:58,018 WARNING pylate.models.colbert: No sentence-transformers model found with name jinaai/jina-colbert-v2.
2026-08-11 09:25:58,472 INFO httpx: HTTP Request: HEAD https://huggingface.co/jinaai/jina-colbert-v2/resolve/main/adapter_config.json "HTTP/1.1 404 Not Found"
2026-08-11 09:25:58,941 INFO httpx: HTTP Request: HEAD https://huggingface.co/jinaai/jina-colbert-v2/resolve/main/config.json "HTTP/1.1 307 Temporary Redirect"
2026-08-11 09:25:59,181 INFO httpx: HTTP Request: HEAD https://huggingface.co/api/resolve-cache/models/jinaai/jina-colbert-v2/4552c4dc1ffd7d7a635b6a41a1077fe9c9cdd974/config.json "HTTP/1.1 200 OK"
2026-08-11 09:25:59,672 INFO httpx: HTTP Request: HEAD https://huggingface.co/jinaai/xlm-roberta-flash-implementation/resolve/main/configuration_xlm_roberta.py "HTTP/1.1 307 Temporary Redirect"
2026-08-11 09:26:00,007 INFO httpx: HTTP Request: HEAD https://huggingface.co/api/resolve-cache/models/jinaai/xlm-roberta-flash-implementation/845308d0fd72a8406a3e378450e1a09522790419/configuration_xlm_roberta.py "HTTP/1.1 200 OK"
2026-08-11 09:26:00,526 INFO httpx: HTTP Request: HEAD https://huggingface.co/jinaai/jina-colbert-v2/resolve/main/config.json "HTTP/1.1 307 Temporary Redirect"
2026-08-11 09:26:00,774 INFO httpx: HTTP Request: HEAD https://huggingface.co/api/resolve-cache/models/jinaai/jina-colbert-v2/4552c4dc1ffd7d7a635b6a41a1077fe9c9cdd974/config.json "HTTP/1.1 200 OK"
`torch_dtype` is deprecated! Use `dtype` instead!
2026-08-11 09:26:01,163 INFO httpx: HTTP Request: HEAD https://huggingface.co/jinaai/xlm-roberta-flash-implementation/resolve/main/modeling_xlm_roberta.py "HTTP/1.1 307 Temporary Redirect"
2026-08-11 09:26:01,465 INFO httpx: HTTP Request: HEAD https://huggingface.co/api/resolve-cache/models/jinaai/xlm-roberta-flash-implementation/845308d0fd72a8406a3e378450e1a09522790419/modeling_xlm_roberta.py "HTTP/1.1 200 OK"
2026-08-11 09:26:01,498 WARNING transformers_modules.jinaai.xlm_hyphen_roberta_hyphen_flash_hyphen_implementation.845308d0fd72a8406a3e378450e1a09522790419.modeling_xlm_roberta: flash_attn is not installed. Using PyTorch native attention implementation.
2026-08-11 09:26:01,498 WARNING transformers_modules.jinaai.xlm_hyphen_roberta_hyphen_flash_hyphen_implementation.845308d0fd72a8406a3e378450e1a09522790419.modeling_xlm_roberta: flash_attn is not installed. Using PyTorch native attention implementation.
2026-08-11 09:26:01,499 WARNING transformers_modules.jinaai.xlm_hyphen_roberta_hyphen_flash_hyphen_implementation.845308d0fd72a8406a3e378450e1a09522790419.modeling_xlm_roberta: flash_attn is not installed. Using PyTorch native attention implementation.
2026-08-11 09:26:01,500 WARNING transformers_modules.jinaai.xlm_hyphen_roberta_hyphen_flash_hyphen_implementation.845308d0fd72a8406a3e378450e1a09522790419.modeling_xlm_roberta: flash_attn is not installed. Using PyTorch native attention implementation.
2026-08-11 09:26:01,501 WARNING transformers_modules.jinaai.xlm_hyphen_roberta_hyphen_flash_hyphen_implementation.845308d0fd72a8406a3e378450e1a09522790419.modeling_xlm_roberta: flash_attn is not installed. Using PyTorch native attention implementation.
2026-08-11 09:26:01,502 WARNING transformers_modules.jinaai.xlm_hyphen_roberta_hyphen_flash_hyphen_implementation.845308d0fd72a8406a3e378450e1a09522790419.modeling_xlm_roberta: flash_attn is not installed. Using PyTorch native attention implementation.
2026-08-11 09:26:01,504 WARNING transformers_modules.jinaai.xlm_hyphen_roberta_hyphen_flash_hyphen_implementation.845308d0fd72a8406a3e378450e1a09522790419.modeling_xlm_roberta: flash_attn is not installed. Using PyTorch native attention implementation.
2026-08-11 09:26:01,505 WARNING transformers_modules.jinaai.xlm_hyphen_roberta_hyphen_flash_hyphen_implementation.845308d0fd72a8406a3e378450e1a09522790419.modeling_xlm_roberta: flash_attn is not installed. Using PyTorch native attention implementation.
2026-08-11 09:26:01,506 WARNING transformers_modules.jinaai.xlm_hyphen_roberta_hyphen_flash_hyphen_implementation.845308d0fd72a8406a3e378450e1a09522790419.modeling_xlm_roberta: flash_attn is not installed. Using PyTorch native attention implementation.
2026-08-11 09:26:01,507 WARNING transformers_modules.jinaai.xlm_hyphen_roberta_hyphen_flash_hyphen_implementation.845308d0fd72a8406a3e378450e1a09522790419.modeling_xlm_roberta: flash_attn is not installed. Using PyTorch native attention implementation.
2026-08-11 09:26:01,508 WARNING transformers_modules.jinaai.xlm_hyphen_roberta_hyphen_flash_hyphen_implementation.845308d0fd72a8406a3e378450e1a09522790419.modeling_xlm_roberta: flash_attn is not installed. Using PyTorch native attention implementation.
2026-08-11 09:26:01,508 WARNING transformers_modules.jinaai.xlm_hyphen_roberta_hyphen_flash_hyphen_implementation.845308d0fd72a8406a3e378450e1a09522790419.modeling_xlm_roberta: flash_attn is not installed. Using PyTorch native attention implementation.
2026-08-11 09:26:01,509 WARNING transformers_modules.jinaai.xlm_hyphen_roberta_hyphen_flash_hyphen_implementation.845308d0fd72a8406a3e378450e1a09522790419.modeling_xlm_roberta: flash_attn is not installed. Using PyTorch native attention implementation.
2026-08-11 09:26:01,510 WARNING transformers_modules.jinaai.xlm_hyphen_roberta_hyphen_flash_hyphen_implementation.845308d0fd72a8406a3e378450e1a09522790419.modeling_xlm_roberta: flash_attn is not installed. Using PyTorch native attention implementation.
2026-08-11 09:26:01,511 WARNING transformers_modules.jinaai.xlm_hyphen_roberta_hyphen_flash_hyphen_implementation.845308d0fd72a8406a3e378450e1a09522790419.modeling_xlm_roberta: flash_attn is not installed. Using PyTorch native attention implementation.
2026-08-11 09:26:01,512 WARNING transformers_modules.jinaai.xlm_hyphen_roberta_hyphen_flash_hyphen_implementation.845308d0fd72a8406a3e378450e1a09522790419.modeling_xlm_roberta: flash_attn is not installed. Using PyTorch native attention implementation.
2026-08-11 09:26:01,513 WARNING transformers_modules.jinaai.xlm_hyphen_roberta_hyphen_flash_hyphen_implementation.845308d0fd72a8406a3e378450e1a09522790419.modeling_xlm_roberta: flash_attn is not installed. Using PyTorch native attention implementation.
2026-08-11 09:26:01,514 WARNING transformers_modules.jinaai.xlm_hyphen_roberta_hyphen_flash_hyphen_implementation.845308d0fd72a8406a3e378450e1a09522790419.modeling_xlm_roberta: flash_attn is not installed. Using PyTorch native attention implementation.
2026-08-11 09:26:01,515 WARNING transformers_modules.jinaai.xlm_hyphen_roberta_hyphen_flash_hyphen_implementation.845308d0fd72a8406a3e378450e1a09522790419.modeling_xlm_roberta: flash_attn is not installed. Using PyTorch native attention implementation.
2026-08-11 09:26:01,516 WARNING transformers_modules.jinaai.xlm_hyphen_roberta_hyphen_flash_hyphen_implementation.845308d0fd72a8406a3e378450e1a09522790419.modeling_xlm_roberta: flash_attn is not installed. Using PyTorch native attention implementation.
2026-08-11 09:26:01,517 WARNING transformers_modules.jinaai.xlm_hyphen_roberta_hyphen_flash_hyphen_implementation.845308d0fd72a8406a3e378450e1a09522790419.modeling_xlm_roberta: flash_attn is not installed. Using PyTorch native attention implementation.
2026-08-11 09:26:01,518 WARNING transformers_modules.jinaai.xlm_hyphen_roberta_hyphen_flash_hyphen_implementation.845308d0fd72a8406a3e378450e1a09522790419.modeling_xlm_roberta: flash_attn is not installed. Using PyTorch native attention implementation.
2026-08-11 09:26:01,519 WARNING transformers_modules.jinaai.xlm_hyphen_roberta_hyphen_flash_hyphen_implementation.845308d0fd72a8406a3e378450e1a09522790419.modeling_xlm_roberta: flash_attn is not installed. Using PyTorch native attention implementation.
2026-08-11 09:26:01,520 WARNING transformers_modules.jinaai.xlm_hyphen_roberta_hyphen_flash_hyphen_implementation.845308d0fd72a8406a3e378450e1a09522790419.modeling_xlm_roberta: flash_attn is not installed. Using PyTorch native attention implementation.
2026-08-11 09:26:01,521 WARNING transformers_modules.jinaai.xlm_hyphen_roberta_hyphen_flash_hyphen_implementation.845308d0fd72a8406a3e378450e1a09522790419.modeling_xlm_roberta: flash_attn is not installed. Using PyTorch native attention implementation.
2026-08-11 09:26:02,083 INFO httpx: HTTP Request: HEAD https://huggingface.co/jinaai/jina-colbert-v2/resolve/main/config.json "HTTP/1.1 307 Temporary Redirect"
2026-08-11 09:26:02,421 INFO httpx: HTTP Request: HEAD https://huggingface.co/api/resolve-cache/models/jinaai/jina-colbert-v2/4552c4dc1ffd7d7a635b6a41a1077fe9c9cdd974/config.json "HTTP/1.1 200 OK"
2026-08-11 09:26:02,923 INFO httpx: HTTP Request: HEAD https://huggingface.co/jinaai/xlm-roberta-flash-implementation/resolve/main/configuration_xlm_roberta.py "HTTP/1.1 307 Temporary Redirect"
2026-08-11 09:26:03,211 INFO httpx: HTTP Request: HEAD https://huggingface.co/api/resolve-cache/models/jinaai/xlm-roberta-flash-implementation/845308d0fd72a8406a3e378450e1a09522790419/configuration_xlm_roberta.py "HTTP/1.1 200 OK"
2026-08-11 09:26:03,959 INFO httpx: HTTP Request: HEAD https://huggingface.co/jinaai/jina-colbert-v2/resolve/main/config.json "HTTP/1.1 307 Temporary Redirect"
2026-08-11 09:26:04,073 INFO httpx: HTTP Request: HEAD https://huggingface.co/api/resolve-cache/models/jinaai/jina-colbert-v2/4552c4dc1ffd7d7a635b6a41a1077fe9c9cdd974/config.json "HTTP/1.1 200 OK"
2026-08-11 09:26:04,405 INFO httpx: HTTP Request: HEAD https://huggingface.co/jinaai/jina-colbert-v2/resolve/main/tokenizer_config.json "HTTP/1.1 307 Temporary Redirect"
2026-08-11 09:26:04,673 INFO httpx: HTTP Request: HEAD https://huggingface.co/api/resolve-cache/models/jinaai/jina-colbert-v2/4552c4dc1ffd7d7a635b6a41a1077fe9c9cdd974/tokenizer_config.json "HTTP/1.1 200 OK"
2026-08-11 09:26:05,150 INFO httpx: HTTP Request: GET https://huggingface.co/api/models/jinaai/jina-colbert-v2/tree/main/additional_chat_templates?recursive=false&expand=false "HTTP/1.1 404 Not Found"
2026-08-11 09:26:05,741 INFO httpx: HTTP Request: GET https://huggingface.co/api/models/jinaai/jina-colbert-v2/tree/main?recursive=true&expand=false "HTTP/1.1 200 OK"
2026-08-11 09:26:07,146 INFO httpx: HTTP Request: GET https://huggingface.co/api/models/jinaai/jina-colbert-v2 "HTTP/1.1 200 OK"
Loading weights:   0%|          | 0/294 [00:00<?, ?it/s]Loading weights: 100%|██████████| 294/294 [00:00<00:00, 3619.54it/s]
[1mXLMRobertaModel LOAD REPORT[0m from: jinaai/jina-colbert-v2
Key           | Status     |  | 
--------------+------------+--+-
linear.weight | UNEXPECTED |  | 

[3mNotes:
- UNEXPECTED[3m	:can be ignored when loading from different task/architecture; not ok if you expect identical arch.[0m
2026-08-11 09:26:07,549 INFO httpx: HTTP Request: HEAD https://huggingface.co/jinaai/jina-colbert-v2/resolve/main/config.json "HTTP/1.1 307 Temporary Redirect"
2026-08-11 09:26:07,665 INFO httpx: HTTP Request: HEAD https://huggingface.co/api/resolve-cache/models/jinaai/jina-colbert-v2/4552c4dc1ffd7d7a635b6a41a1077fe9c9cdd974/config.json "HTTP/1.1 200 OK"
2026-08-11 09:26:07,885 INFO httpx: HTTP Request: HEAD https://huggingface.co/jinaai/xlm-roberta-flash-implementation/resolve/main/configuration_xlm_roberta.py "HTTP/1.1 307 Temporary Redirect"
2026-08-11 09:26:07,963 INFO httpx: HTTP Request: HEAD https://huggingface.co/api/resolve-cache/models/jinaai/xlm-roberta-flash-implementation/845308d0fd72a8406a3e378450e1a09522790419/configuration_xlm_roberta.py "HTTP/1.1 200 OK"
2026-08-11 09:26:08,204 INFO httpx: HTTP Request: HEAD https://huggingface.co/jinaai/jina-colbert-v2/resolve/main/config.json "HTTP/1.1 307 Temporary Redirect"
2026-08-11 09:26:08,311 INFO httpx: HTTP Request: HEAD https://huggingface.co/api/resolve-cache/models/jinaai/jina-colbert-v2/4552c4dc1ffd7d7a635b6a41a1077fe9c9cdd974/config.json "HTTP/1.1 200 OK"
2026-08-11 09:26:08,612 INFO httpx: HTTP Request: HEAD https://huggingface.co/jinaai/jina-colbert-v2/resolve/main/tokenizer_config.json "HTTP/1.1 307 Temporary Redirect"
2026-08-11 09:26:08,756 INFO httpx: HTTP Request: HEAD https://huggingface.co/api/resolve-cache/models/jinaai/jina-colbert-v2/4552c4dc1ffd7d7a635b6a41a1077fe9c9cdd974/tokenizer_config.json "HTTP/1.1 200 OK"
2026-08-11 09:26:09,104 INFO httpx: HTTP Request: GET https://huggingface.co/api/models/jinaai/jina-colbert-v2/tree/main/additional_chat_templates?recursive=false&expand=false "HTTP/1.1 404 Not Found"
2026-08-11 09:26:09,524 INFO httpx: HTTP Request: GET https://huggingface.co/api/models/jinaai/jina-colbert-v2/tree/main?recursive=true&expand=false "HTTP/1.1 200 OK"
2026-08-11 09:26:11,122 INFO httpx: HTTP Request: GET https://huggingface.co/api/models/jinaai/jina-colbert-v2 "HTTP/1.1 200 OK"
2026-08-11 09:26:11,642 INFO httpx: HTTP Request: GET https://huggingface.co/api/models/jinaai/jina-colbert-v2 "HTTP/1.1 200 OK"
2026-08-11 09:26:12,875 INFO httpx: HTTP Request: HEAD https://huggingface.co/jinaai/jina-colbert-v2/resolve/main/model.safetensors "HTTP/1.1 302 Found"
2026-08-11 09:26:12,882 INFO pylate.models.colbert: Loaded the weights from Stanford NLP model.
2026-08-11 09:26:13,367 INFO httpx: HTTP Request: HEAD https://huggingface.co/jinaai/jina-colbert-v2/resolve/main/artifact.metadata "HTTP/1.1 307 Temporary Redirect"
2026-08-11 09:26:13,579 INFO httpx: HTTP Request: HEAD https://huggingface.co/api/resolve-cache/models/jinaai/jina-colbert-v2/4552c4dc1ffd7d7a635b6a41a1077fe9c9cdd974/artifact.metadata "HTTP/1.1 200 OK"
2026-08-11 09:26:13,589 INFO pylate.models.colbert: Loaded the configuration from Stanford NLP model.
2026-08-11 09:26:13,632 WARNING pylate.models.colbert: The tokenizer does not support resizing the token embeddings, the prefixes token have not been added to vocabulary.
2026-08-11 09:26:13,632 INFO it_colbert.benchmark.retrievers: encoding 1988 documents with colbert (bruteforce=True)
Encoding documents (bs=32):   0%|          | 0/63 [00:00<?, ?it/s]Encoding documents (bs=32):   2%|▏         | 1/63 [00:00<00:40,  1.51it/s]Encoding documents (bs=32):   3%|▎         | 2/63 [00:00<00:26,  2.33it/s]Encoding documents (bs=32):   5%|▍         | 3/63 [00:01<00:20,  2.95it/s]Encoding documents (bs=32):   6%|▋         | 4/63 [00:01<00:17,  3.45it/s]Encoding documents (bs=32):   8%|▊         | 5/63 [00:01<00:15,  3.85it/s]Encoding documents (bs=32):  10%|▉         | 6/63 [00:01<00:13,  4.16it/s]Encoding documents (bs=32):  11%|█         | 7/63 [00:01<00:12,  4.42it/s]Encoding documents (bs=32):  13%|█▎        | 8/63 [00:02<00:11,  4.73it/s]Encoding documents (bs=32):  14%|█▍        | 9/63 [00:02<00:10,  5.01it/s]Encoding documents (bs=32):  16%|█▌        | 10/63 [00:02<00:10,  5.09it/s]Encoding documents (bs=32):  17%|█▋        | 11/63 [00:02<00:09,  5.29it/s]Encoding documents (bs=32):  19%|█▉        | 12/63 [00:02<00:09,  5.54it/s]Encoding documents (bs=32):  21%|██        | 13/63 [00:03<00:08,  5.77it/s]Encoding documents (bs=32):  22%|██▏       | 14/63 [00:03<00:08,  5.96it/s]Encoding documents (bs=32):  24%|██▍       | 15/63 [00:03<00:07,  6.11it/s]Encoding documents (bs=32):  25%|██▌       | 16/63 [00:03<00:07,  6.18it/s]Encoding documents (bs=32):  27%|██▋       | 17/63 [00:03<00:07,  6.37it/s]Encoding documents (bs=32):  29%|██▊       | 18/63 [00:03<00:06,  6.46it/s]Encoding documents (bs=32):  30%|███       | 19/63 [00:03<00:06,  6.57it/s]Encoding documents (bs=32):  32%|███▏      | 20/63 [00:04<00:06,  6.65it/s]Encoding documents (bs=32):  33%|███▎      | 21/63 [00:04<00:06,  6.70it/s]Encoding documents (bs=32):  35%|███▍      | 22/63 [00:04<00:05,  6.97it/s]Encoding documents (bs=32):  37%|███▋      | 23/63 [00:04<00:05,  7.01it/s]Encoding documents (bs=32):  38%|███▊      | 24/63 [00:04<00:05,  7.24it/s]Encoding documents (bs=32):  40%|███▉      | 25/63 [00:04<00:05,  7.39it/s]Encoding documents (bs=32):  41%|████▏     | 26/63 [00:04<00:04,  7.51it/s]Encoding documents (bs=32):  43%|████▎     | 27/63 [00:04<00:04,  7.69it/s]Encoding documents (bs=32):  44%|████▍     | 28/63 [00:05<00:04,  7.34it/s]Encoding documents (bs=32):  46%|████▌     | 29/63 [00:05<00:04,  7.57it/s]Encoding documents (bs=32):  48%|████▊     | 30/63 [00:05<00:04,  7.67it/s]Encoding documents (bs=32):  49%|████▉     | 31/63 [00:05<00:04,  7.70it/s]Encoding documents (bs=32):  51%|█████     | 32/63 [00:05<00:03,  7.84it/s]Encoding documents (bs=32):  52%|█████▏    | 33/63 [00:05<00:03,  7.95it/s]Encoding documents (bs=32):  54%|█████▍    | 34/63 [00:05<00:03,  7.95it/s]Encoding documents (bs=32):  56%|█████▌    | 35/63 [00:06<00:03,  8.09it/s]Encoding documents (bs=32):  57%|█████▋    | 36/63 [00:06<00:03,  8.41it/s]Encoding documents (bs=32):  59%|█████▊    | 37/63 [00:06<00:03,  8.48it/s]Encoding documents (bs=32):  60%|██████    | 38/63 [00:06<00:02,  8.43it/s]Encoding documents (bs=32):  62%|██████▏   | 39/63 [00:06<00:02,  8.56it/s]Encoding documents (bs=32):  63%|██████▎   | 40/63 [00:06<00:02,  8.66it/s]Encoding documents (bs=32):  65%|██████▌   | 41/63 [00:06<00:02,  8.65it/s]Encoding documents (bs=32):  67%|██████▋   | 42/63 [00:06<00:02,  8.73it/s]Encoding documents (bs=32):  68%|██████▊   | 43/63 [00:06<00:02,  8.77it/s]Encoding documents (bs=32):  70%|██████▉   | 44/63 [00:07<00:02,  8.81it/s]Encoding documents (bs=32):  71%|███████▏  | 45/63 [00:07<00:02,  8.95it/s]Encoding documents (bs=32):  73%|███████▎  | 46/63 [00:07<00:01,  9.12it/s]Encoding documents (bs=32):  75%|███████▍  | 47/63 [00:07<00:01,  9.25it/s]Encoding documents (bs=32):  76%|███████▌  | 48/63 [00:07<00:01,  9.34it/s]Encoding documents (bs=32):  78%|███████▊  | 49/63 [00:07<00:01,  9.51it/s]Encoding documents (bs=32):  81%|████████  | 51/63 [00:07<00:01,  9.91it/s]Encoding documents (bs=32):  83%|████████▎ | 52/63 [00:07<00:01,  9.91it/s]Encoding documents (bs=32):  86%|████████▌ | 54/63 [00:08<00:00, 10.23it/s]Encoding documents (bs=32):  89%|████████▉ | 56/63 [00:08<00:00, 10.70it/s]Encoding documents (bs=32):  92%|█████████▏| 58/63 [00:08<00:00, 11.21it/s]Encoding documents (bs=32):  95%|█████████▌| 60/63 [00:08<00:00, 11.81it/s]Encoding documents (bs=32):  98%|█████████▊| 62/63 [00:08<00:00, 13.48it/s]Encoding documents (bs=32): 100%|██████████| 63/63 [00:08<00:00,  7.29it/s]
Encoding queries (bs=32):   0%|          | 0/238 [00:00<?, ?it/s]Encoding queries (bs=32):   2%|▏         | 4/238 [00:00<00:05, 39.11it/s]Encoding queries (bs=32):   3%|▎         | 8/238 [00:00<00:05, 39.44it/s]Encoding queries (bs=32):   5%|▌         | 12/238 [00:00<00:05, 39.52it/s]Encoding queries (bs=32):   7%|▋         | 16/238 [00:00<00:05, 39.37it/s]Encoding queries (bs=32):   8%|▊         | 20/238 [00:00<00:05, 39.49it/s]Encoding queries (bs=32):  10%|█         | 24/238 [00:00<00:05, 39.11it/s]Encoding queries (bs=32):  12%|█▏        | 28/238 [00:00<00:05, 39.34it/s]Encoding queries (bs=32):  13%|█▎        | 32/238 [00:00<00:05, 39.30it/s]Encoding queries (bs=32):  15%|█▌        | 36/238 [00:00<00:05, 39.40it/s]Encoding queries (bs=32):  17%|█▋        | 40/238 [00:01<00:05, 39.52it/s]Encoding queries (bs=32):  18%|█▊        | 44/238 [00:01<00:04, 39.60it/s]Encoding queries (bs=32):  20%|██        | 48/238 [00:01<00:04, 39.69it/s]Encoding queries (bs=32):  22%|██▏       | 52/238 [00:01<00:04, 39.76it/s]Encoding queries (bs=32):  24%|██▎       | 56/238 [00:01<00:04, 39.82it/s]Encoding queries (bs=32):  25%|██▌       | 60/238 [00:01<00:04, 39.68it/s]Encoding queries (bs=32):  27%|██▋       | 64/238 [00:01<00:04, 39.64it/s]Encoding queries (bs=32):  29%|██▊       | 68/238 [00:01<00:04, 39.73it/s]Encoding queries (bs=32):  30%|███       | 72/238 [00:01<00:04, 39.78it/s]Encoding queries (bs=32):  32%|███▏      | 76/238 [00:01<00:04, 39.68it/s]Encoding queries (bs=32):  34%|███▎      | 80/238 [00:02<00:03, 39.75it/s]Encoding queries (bs=32):  35%|███▌      | 84/238 [00:02<00:03, 39.72it/s]Encoding queries (bs=32):  37%|███▋      | 88/238 [00:02<00:03, 39.74it/s]Encoding queries (bs=32):  39%|███▊      | 92/238 [00:02<00:03, 39.76it/s]Encoding queries (bs=32):  40%|████      | 96/238 [00:02<00:03, 39.65it/s]Encoding queries (bs=32):  42%|████▏     | 100/238 [00:02<00:03, 39.72it/s]Encoding queries (bs=32):  44%|████▎     | 104/238 [00:02<00:03, 39.68it/s]Encoding queries (bs=32):  45%|████▌     | 108/238 [00:02<00:03, 39.75it/s]Encoding queries (bs=32):  47%|████▋     | 112/238 [00:02<00:03, 39.74it/s]Encoding queries (bs=32):  49%|████▊     | 116/238 [00:02<00:03, 39.79it/s]Encoding queries (bs=32):  50%|█████     | 120/238 [00:03<00:02, 39.78it/s]Encoding queries (bs=32):  52%|█████▏    | 124/238 [00:03<00:02, 39.75it/s]Encoding queries (bs=32):  54%|█████▍    | 128/238 [00:03<00:02, 39.80it/s]Encoding queries (bs=32):  55%|█████▌    | 132/238 [00:03<00:02, 39.62it/s]Encoding queries (bs=32):  57%|█████▋    | 136/238 [00:03<00:02, 39.62it/s]Encoding queries (bs=32):  59%|█████▉    | 140/238 [00:03<00:02, 39.62it/s]Encoding queries (bs=32):  61%|██████    | 144/238 [00:03<00:02, 39.61it/s]Encoding queries (bs=32):  63%|██████▎   | 149/238 [00:03<00:02, 39.75it/s]Encoding queries (bs=32):  64%|██████▍   | 153/238 [00:03<00:02, 39.72it/s]Encoding queries (bs=32):  66%|██████▌   | 157/238 [00:03<00:02, 39.72it/s]Encoding queries (bs=32):  68%|██████▊   | 161/238 [00:04<00:01, 39.70it/s]Encoding queries (bs=32):  69%|██████▉   | 165/238 [00:04<00:01, 39.68it/s]Encoding queries (bs=32):  71%|███████   | 169/238 [00:04<00:01, 39.63it/s]Encoding queries (bs=32):  73%|███████▎  | 173/238 [00:04<00:01, 39.50it/s]Encoding queries (bs=32):  74%|███████▍  | 177/238 [00:04<00:01, 39.44it/s]Encoding queries (bs=32):  76%|███████▌  | 181/238 [00:04<00:01, 39.43it/s]Encoding queries (bs=32):  78%|███████▊  | 185/238 [00:04<00:01, 39.52it/s]Encoding queries (bs=32):  79%|███████▉  | 189/238 [00:04<00:01, 39.54it/s]Encoding queries (bs=32):  81%|████████  | 193/238 [00:04<00:01, 39.51it/s]Encoding queries (bs=32):  83%|████████▎ | 197/238 [00:04<00:01, 39.39it/s]Encoding queries (bs=32):  84%|████████▍ | 201/238 [00:05<00:00, 39.43it/s]Encoding queries (bs=32):  86%|████████▌ | 205/238 [00:05<00:00, 39.58it/s]Encoding queries (bs=32):  88%|████████▊ | 209/238 [00:05<00:00, 39.60it/s]Encoding queries (bs=32):  89%|████████▉ | 213/238 [00:05<00:00, 39.63it/s]Encoding queries (bs=32):  91%|█████████ | 217/238 [00:05<00:00, 39.68it/s]Encoding queries (bs=32):  93%|█████████▎| 221/238 [00:05<00:00, 39.59it/s]Encoding queries (bs=32):  95%|█████████▍| 225/238 [00:05<00:00, 39.64it/s]Encoding queries (bs=32):  96%|█████████▌| 229/238 [00:05<00:00, 39.64it/s]Encoding queries (bs=32):  98%|█████████▊| 233/238 [00:05<00:00, 39.60it/s]Encoding queries (bs=32): 100%|█████████▉| 237/238 [00:05<00:00, 39.68it/s]Encoding queries (bs=32): 100%|██████████| 238/238 [00:06<00:00, 39.63it/s]
2026-08-11 09:26:29,370 INFO it_colbert.benchmark.retrievers: maxsim 20/7609 queries
2026-08-11 09:26:30,069 INFO it_colbert.benchmark.retrievers: maxsim 40/7609 queries
2026-08-11 09:26:30,771 INFO it_colbert.benchmark.retrievers: maxsim 60/7609 queries
2026-08-11 09:26:31,474 INFO it_colbert.benchmark.retrievers: maxsim 80/7609 queries
2026-08-11 09:26:32,174 INFO it_colbert.benchmark.retrievers: maxsim 100/7609 queries
2026-08-11 09:26:32,874 INFO it_colbert.benchmark.retrievers: maxsim 120/7609 queries
2026-08-11 09:26:33,567 INFO it_colbert.benchmark.retrievers: maxsim 140/7609 queries
2026-08-11 09:26:34,262 INFO it_colbert.benchmark.retrievers: maxsim 160/7609 queries
2026-08-11 09:26:34,957 INFO it_colbert.benchmark.retrievers: maxsim 180/7609 queries
2026-08-11 09:26:35,657 INFO it_colbert.benchmark.retrievers: maxsim 200/7609 queries
2026-08-11 09:26:36,349 INFO it_colbert.benchmark.retrievers: maxsim 220/7609 queries
2026-08-11 09:26:37,046 INFO it_colbert.benchmark.retrievers: maxsim 240/7609 queries
2026-08-11 09:26:37,785 INFO it_colbert.benchmark.retrievers: maxsim 260/7609 queries
2026-08-11 09:26:38,480 INFO it_colbert.benchmark.retrievers: maxsim 280/7609 queries
2026-08-11 09:26:39,175 INFO it_colbert.benchmark.retrievers: maxsim 300/7609 queries
2026-08-11 09:26:39,877 INFO it_colbert.benchmark.retrievers: maxsim 320/7609 queries
2026-08-11 09:26:40,578 INFO it_colbert.benchmark.retrievers: maxsim 340/7609 queries
2026-08-11 09:26:41,270 INFO it_colbert.benchmark.retrievers: maxsim 360/7609 queries
2026-08-11 09:26:41,958 INFO it_colbert.benchmark.retrievers: maxsim 380/7609 queries
2026-08-11 09:26:42,655 INFO it_colbert.benchmark.retrievers: maxsim 400/7609 queries
2026-08-11 09:26:43,354 INFO it_colbert.benchmark.retrievers: maxsim 420/7609 queries
2026-08-11 09:26:44,043 INFO it_colbert.benchmark.retrievers: maxsim 440/7609 queries
2026-08-11 09:26:44,735 INFO it_colbert.benchmark.retrievers: maxsim 460/7609 queries
2026-08-11 09:26:45,435 INFO it_colbert.benchmark.retrievers: maxsim 480/7609 queries
2026-08-11 09:26:46,141 INFO it_colbert.benchmark.retrievers: maxsim 500/7609 queries
2026-08-11 09:26:46,846 INFO it_colbert.benchmark.retrievers: maxsim 520/7609 queries
2026-08-11 09:26:47,550 INFO it_colbert.benchmark.retrievers: maxsim 540/7609 queries
2026-08-11 09:26:48,246 INFO it_colbert.benchmark.retrievers: maxsim 560/7609 queries
2026-08-11 09:26:48,940 INFO it_colbert.benchmark.retrievers: maxsim 580/7609 queries
2026-08-11 09:26:49,634 INFO it_colbert.benchmark.retrievers: maxsim 600/7609 queries
2026-08-11 09:26:50,332 INFO it_colbert.benchmark.retrievers: maxsim 620/7609 queries
2026-08-11 09:26:51,029 INFO it_colbert.benchmark.retrievers: maxsim 640/7609 queries
2026-08-11 09:26:51,726 INFO it_colbert.benchmark.retrievers: maxsim 660/7609 queries
2026-08-11 09:26:52,425 INFO it_colbert.benchmark.retrievers: maxsim 680/7609 queries
2026-08-11 09:26:53,151 INFO it_colbert.benchmark.retrievers: maxsim 700/7609 queries
2026-08-11 09:26:53,852 INFO it_colbert.benchmark.retrievers: maxsim 720/7609 queries
2026-08-11 09:26:54,552 INFO it_colbert.benchmark.retrievers: maxsim 740/7609 queries
2026-08-11 09:26:55,247 INFO it_colbert.benchmark.retrievers: maxsim 760/7609 queries
2026-08-11 09:26:55,938 INFO it_colbert.benchmark.retrievers: maxsim 780/7609 queries
2026-08-11 09:26:56,630 INFO it_colbert.benchmark.retrievers: maxsim 800/7609 queries
2026-08-11 09:26:57,331 INFO it_colbert.benchmark.retrievers: maxsim 820/7609 queries
2026-08-11 09:26:58,031 INFO it_colbert.benchmark.retrievers: maxsim 840/7609 queries
2026-08-11 09:26:58,730 INFO it_colbert.benchmark.retrievers: maxsim 860/7609 queries
2026-08-11 09:26:59,428 INFO it_colbert.benchmark.retrievers: maxsim 880/7609 queries
2026-08-11 09:27:00,114 INFO it_colbert.benchmark.retrievers: maxsim 900/7609 queries
2026-08-11 09:27:00,798 INFO it_colbert.benchmark.retrievers: maxsim 920/7609 queries
2026-08-11 09:27:01,492 INFO it_colbert.benchmark.retrievers: maxsim 940/7609 queries
2026-08-11 09:27:02,181 INFO it_colbert.benchmark.retrievers: maxsim 960/7609 queries
2026-08-11 09:27:02,882 INFO it_colbert.benchmark.retrievers: maxsim 980/7609 queries
2026-08-11 09:27:03,585 INFO it_colbert.benchmark.retrievers: maxsim 1000/7609 queries
2026-08-11 09:27:04,281 INFO it_colbert.benchmark.retrievers: maxsim 1020/7609 queries
2026-08-11 09:27:04,982 INFO it_colbert.benchmark.retrievers: maxsim 1040/7609 queries
2026-08-11 09:27:05,680 INFO it_colbert.benchmark.retrievers: maxsim 1060/7609 queries
2026-08-11 09:27:06,383 INFO it_colbert.benchmark.retrievers: maxsim 1080/7609 queries
2026-08-11 09:27:07,109 INFO it_colbert.benchmark.retrievers: maxsim 1100/7609 queries
2026-08-11 09:27:07,834 INFO it_colbert.benchmark.retrievers: maxsim 1120/7609 queries
2026-08-11 09:27:08,561 INFO it_colbert.benchmark.retrievers: maxsim 1140/7609 queries
2026-08-11 09:27:09,274 INFO it_colbert.benchmark.retrievers: maxsim 1160/7609 queries
2026-08-11 09:27:09,981 INFO it_colbert.benchmark.retrievers: maxsim 1180/7609 queries
2026-08-11 09:27:10,695 INFO it_colbert.benchmark.retrievers: maxsim 1200/7609 queries
2026-08-11 09:27:11,425 INFO it_colbert.benchmark.retrievers: maxsim 1220/7609 queries
2026-08-11 09:27:12,167 INFO it_colbert.benchmark.retrievers: maxsim 1240/7609 queries
2026-08-11 09:27:12,906 INFO it_colbert.benchmark.retrievers: maxsim 1260/7609 queries
2026-08-11 09:27:13,650 INFO it_colbert.benchmark.retrievers: maxsim 1280/7609 queries
2026-08-11 09:27:14,393 INFO it_colbert.benchmark.retrievers: maxsim 1300/7609 queries
2026-08-11 09:27:15,097 INFO it_colbert.benchmark.retrievers: maxsim 1320/7609 queries
2026-08-11 09:27:15,791 INFO it_colbert.benchmark.retrievers: maxsim 1340/7609 queries
2026-08-11 09:27:16,478 INFO it_colbert.benchmark.retrievers: maxsim 1360/7609 queries
2026-08-11 09:27:17,164 INFO it_colbert.benchmark.retrievers: maxsim 1380/7609 queries
2026-08-11 09:27:17,845 INFO it_colbert.benchmark.retrievers: maxsim 1400/7609 queries
2026-08-11 09:27:18,527 INFO it_colbert.benchmark.retrievers: maxsim 1420/7609 queries
2026-08-11 09:27:19,217 INFO it_colbert.benchmark.retrievers: maxsim 1440/7609 queries
2026-08-11 09:27:19,902 INFO it_colbert.benchmark.retrievers: maxsim 1460/7609 queries
2026-08-11 09:27:20,592 INFO it_colbert.benchmark.retrievers: maxsim 1480/7609 queries
2026-08-11 09:27:21,279 INFO it_colbert.benchmark.retrievers: maxsim 1500/7609 queries
2026-08-11 09:27:21,964 INFO it_colbert.benchmark.retrievers: maxsim 1520/7609 queries
2026-08-11 09:27:22,649 INFO it_colbert.benchmark.retrievers: maxsim 1540/7609 queries
2026-08-11 09:27:23,343 INFO it_colbert.benchmark.retrievers: maxsim 1560/7609 queries
2026-08-11 09:27:24,029 INFO it_colbert.benchmark.retrievers: maxsim 1580/7609 queries
2026-08-11 09:27:24,719 INFO it_colbert.benchmark.retrievers: maxsim 1600/7609 queries
2026-08-11 09:27:25,410 INFO it_colbert.benchmark.retrievers: maxsim 1620/7609 queries
2026-08-11 09:27:26,101 INFO it_colbert.benchmark.retrievers: maxsim 1640/7609 queries
2026-08-11 09:27:26,804 INFO it_colbert.benchmark.retrievers: maxsim 1660/7609 queries
2026-08-11 09:27:27,498 INFO it_colbert.benchmark.retrievers: maxsim 1680/7609 queries
2026-08-11 09:27:28,196 INFO it_colbert.benchmark.retrievers: maxsim 1700/7609 queries
2026-08-11 09:27:28,895 INFO it_colbert.benchmark.retrievers: maxsim 1720/7609 queries
2026-08-11 09:27:29,588 INFO it_colbert.benchmark.retrievers: maxsim 1740/7609 queries
2026-08-11 09:27:30,286 INFO it_colbert.benchmark.retrievers: maxsim 1760/7609 queries
2026-08-11 09:27:30,983 INFO it_colbert.benchmark.retrievers: maxsim 1780/7609 queries
2026-08-11 09:27:31,676 INFO it_colbert.benchmark.retrievers: maxsim 1800/7609 queries
2026-08-11 09:27:32,371 INFO it_colbert.benchmark.retrievers: maxsim 1820/7609 queries
2026-08-11 09:27:33,073 INFO it_colbert.benchmark.retrievers: maxsim 1840/7609 queries
2026-08-11 09:27:33,768 INFO it_colbert.benchmark.retrievers: maxsim 1860/7609 queries
2026-08-11 09:27:34,464 INFO it_colbert.benchmark.retrievers: maxsim 1880/7609 queries
2026-08-11 09:27:35,165 INFO it_colbert.benchmark.retrievers: maxsim 1900/7609 queries
2026-08-11 09:27:35,870 INFO it_colbert.benchmark.retrievers: maxsim 1920/7609 queries
2026-08-11 09:27:36,567 INFO it_colbert.benchmark.retrievers: maxsim 1940/7609 queries
2026-08-11 09:27:37,264 INFO it_colbert.benchmark.retrievers: maxsim 1960/7609 queries
2026-08-11 09:27:38,081 INFO it_colbert.benchmark.retrievers: maxsim 1980/7609 queries
2026-08-11 09:27:38,896 INFO it_colbert.benchmark.retrievers: maxsim 2000/7609 queries
2026-08-11 09:27:39,720 INFO it_colbert.benchmark.retrievers: maxsim 2020/7609 queries
2026-08-11 09:27:40,554 INFO it_colbert.benchmark.retrievers: maxsim 2040/7609 queries
2026-08-11 09:27:41,360 INFO it_colbert.benchmark.retrievers: maxsim 2060/7609 queries
2026-08-11 09:27:42,193 INFO it_colbert.benchmark.retrievers: maxsim 2080/7609 queries
2026-08-11 09:27:43,009 INFO it_colbert.benchmark.retrievers: maxsim 2100/7609 queries
2026-08-11 09:27:43,837 INFO it_colbert.benchmark.retrievers: maxsim 2120/7609 queries
2026-08-11 09:27:44,656 INFO it_colbert.benchmark.retrievers: maxsim 2140/7609 queries
2026-08-11 09:27:45,478 INFO it_colbert.benchmark.retrievers: maxsim 2160/7609 queries
2026-08-11 09:27:46,308 INFO it_colbert.benchmark.retrievers: maxsim 2180/7609 queries
2026-08-11 09:27:47,133 INFO it_colbert.benchmark.retrievers: maxsim 2200/7609 queries
2026-08-11 09:27:47,962 INFO it_colbert.benchmark.retrievers: maxsim 2220/7609 queries
2026-08-11 09:27:48,782 INFO it_colbert.benchmark.retrievers: maxsim 2240/7609 queries
2026-08-11 09:27:49,625 INFO it_colbert.benchmark.retrievers: maxsim 2260/7609 queries
2026-08-11 09:27:50,452 INFO it_colbert.benchmark.retrievers: maxsim 2280/7609 queries
2026-08-11 09:27:51,263 INFO it_colbert.benchmark.retrievers: maxsim 2300/7609 queries
2026-08-11 09:27:52,091 INFO it_colbert.benchmark.retrievers: maxsim 2320/7609 queries
2026-08-11 09:27:52,900 INFO it_colbert.benchmark.retrievers: maxsim 2340/7609 queries
2026-08-11 09:27:53,719 INFO it_colbert.benchmark.retrievers: maxsim 2360/7609 queries
2026-08-11 09:27:54,564 INFO it_colbert.benchmark.retrievers: maxsim 2380/7609 queries
2026-08-11 09:27:55,396 INFO it_colbert.benchmark.retrievers: maxsim 2400/7609 queries
2026-08-11 09:27:56,211 INFO it_colbert.benchmark.retrievers: maxsim 2420/7609 queries
2026-08-11 09:27:57,035 INFO it_colbert.benchmark.retrievers: maxsim 2440/7609 queries
2026-08-11 09:27:57,853 INFO it_colbert.benchmark.retrievers: maxsim 2460/7609 queries
2026-08-11 09:27:58,657 INFO it_colbert.benchmark.retrievers: maxsim 2480/7609 queries
2026-08-11 09:27:59,474 INFO it_colbert.benchmark.retrievers: maxsim 2500/7609 queries
2026-08-11 09:28:00,276 INFO it_colbert.benchmark.retrievers: maxsim 2520/7609 queries
2026-08-11 09:28:01,118 INFO it_colbert.benchmark.retrievers: maxsim 2540/7609 queries
2026-08-11 09:28:01,919 INFO it_colbert.benchmark.retrievers: maxsim 2560/7609 queries
2026-08-11 09:28:02,730 INFO it_colbert.benchmark.retrievers: maxsim 2580/7609 queries
2026-08-11 09:28:03,545 INFO it_colbert.benchmark.retrievers: maxsim 2600/7609 queries
2026-08-11 09:28:04,366 INFO it_colbert.benchmark.retrievers: maxsim 2620/7609 queries
2026-08-11 09:28:05,197 INFO it_colbert.benchmark.retrievers: maxsim 2640/7609 queries
2026-08-11 09:28:06,005 INFO it_colbert.benchmark.retrievers: maxsim 2660/7609 queries
2026-08-11 09:28:06,835 INFO it_colbert.benchmark.retrievers: maxsim 2680/7609 queries
2026-08-11 09:28:07,610 INFO it_colbert.benchmark.retrievers: maxsim 2700/7609 queries
2026-08-11 09:28:08,305 INFO it_colbert.benchmark.retrievers: maxsim 2720/7609 queries
2026-08-11 09:28:08,999 INFO it_colbert.benchmark.retrievers: maxsim 2740/7609 queries
2026-08-11 09:28:09,697 INFO it_colbert.benchmark.retrievers: maxsim 2760/7609 queries
2026-08-11 09:28:10,396 INFO it_colbert.benchmark.retrievers: maxsim 2780/7609 queries
2026-08-11 09:28:11,091 INFO it_colbert.benchmark.retrievers: maxsim 2800/7609 queries
2026-08-11 09:28:11,792 INFO it_colbert.benchmark.retrievers: maxsim 2820/7609 queries
2026-08-11 09:28:12,486 INFO it_colbert.benchmark.retrievers: maxsim 2840/7609 queries
2026-08-11 09:28:13,183 INFO it_colbert.benchmark.retrievers: maxsim 2860/7609 queries
2026-08-11 09:28:13,878 INFO it_colbert.benchmark.retrievers: maxsim 2880/7609 queries
2026-08-11 09:28:14,571 INFO it_colbert.benchmark.retrievers: maxsim 2900/7609 queries
2026-08-11 09:28:15,269 INFO it_colbert.benchmark.retrievers: maxsim 2920/7609 queries
2026-08-11 09:28:15,967 INFO it_colbert.benchmark.retrievers: maxsim 2940/7609 queries
2026-08-11 09:28:16,669 INFO it_colbert.benchmark.retrievers: maxsim 2960/7609 queries
2026-08-11 09:28:17,370 INFO it_colbert.benchmark.retrievers: maxsim 2980/7609 queries
2026-08-11 09:28:18,070 INFO it_colbert.benchmark.retrievers: maxsim 3000/7609 queries
2026-08-11 09:28:18,764 INFO it_colbert.benchmark.retrievers: maxsim 3020/7609 queries
2026-08-11 09:28:19,461 INFO it_colbert.benchmark.retrievers: maxsim 3040/7609 queries
2026-08-11 09:28:20,157 INFO it_colbert.benchmark.retrievers: maxsim 3060/7609 queries
2026-08-11 09:28:20,853 INFO it_colbert.benchmark.retrievers: maxsim 3080/7609 queries
2026-08-11 09:28:21,554 INFO it_colbert.benchmark.retrievers: maxsim 3100/7609 queries
2026-08-11 09:28:22,253 INFO it_colbert.benchmark.retrievers: maxsim 3120/7609 queries
2026-08-11 09:28:22,967 INFO it_colbert.benchmark.retrievers: maxsim 3140/7609 queries
2026-08-11 09:28:23,674 INFO it_colbert.benchmark.retrievers: maxsim 3160/7609 queries
2026-08-11 09:28:24,376 INFO it_colbert.benchmark.retrievers: maxsim 3180/7609 queries
2026-08-11 09:28:25,076 INFO it_colbert.benchmark.retrievers: maxsim 3200/7609 queries
2026-08-11 09:28:25,778 INFO it_colbert.benchmark.retrievers: maxsim 3220/7609 queries
2026-08-11 09:28:26,474 INFO it_colbert.benchmark.retrievers: maxsim 3240/7609 queries
2026-08-11 09:28:27,177 INFO it_colbert.benchmark.retrievers: maxsim 3260/7609 queries
2026-08-11 09:28:27,876 INFO it_colbert.benchmark.retrievers: maxsim 3280/7609 queries
2026-08-11 09:28:28,577 INFO it_colbert.benchmark.retrievers: maxsim 3300/7609 queries
2026-08-11 09:28:29,274 INFO it_colbert.benchmark.retrievers: maxsim 3320/7609 queries
2026-08-11 09:28:29,971 INFO it_colbert.benchmark.retrievers: maxsim 3340/7609 queries
2026-08-11 09:28:30,671 INFO it_colbert.benchmark.retrievers: maxsim 3360/7609 queries
2026-08-11 09:28:31,369 INFO it_colbert.benchmark.retrievers: maxsim 3380/7609 queries
2026-08-11 09:28:32,067 INFO it_colbert.benchmark.retrievers: maxsim 3400/7609 queries
2026-08-11 09:28:32,761 INFO it_colbert.benchmark.retrievers: maxsim 3420/7609 queries
2026-08-11 09:28:33,460 INFO it_colbert.benchmark.retrievers: maxsim 3440/7609 queries
2026-08-11 09:28:34,156 INFO it_colbert.benchmark.retrievers: maxsim 3460/7609 queries
2026-08-11 09:28:34,851 INFO it_colbert.benchmark.retrievers: maxsim 3480/7609 queries
2026-08-11 09:28:35,553 INFO it_colbert.benchmark.retrievers: maxsim 3500/7609 queries
2026-08-11 09:28:36,273 INFO it_colbert.benchmark.retrievers: maxsim 3520/7609 queries
2026-08-11 09:28:36,972 INFO it_colbert.benchmark.retrievers: maxsim 3540/7609 queries
2026-08-11 09:28:37,676 INFO it_colbert.benchmark.retrievers: maxsim 3560/7609 queries
2026-08-11 09:28:38,388 INFO it_colbert.benchmark.retrievers: maxsim 3580/7609 queries
2026-08-11 09:28:39,094 INFO it_colbert.benchmark.retrievers: maxsim 3600/7609 queries
2026-08-11 09:28:39,800 INFO it_colbert.benchmark.retrievers: maxsim 3620/7609 queries
2026-08-11 09:28:40,507 INFO it_colbert.benchmark.retrievers: maxsim 3640/7609 queries
2026-08-11 09:28:41,226 INFO it_colbert.benchmark.retrievers: maxsim 3660/7609 queries
2026-08-11 09:28:41,949 INFO it_colbert.benchmark.retrievers: maxsim 3680/7609 queries
2026-08-11 09:28:42,667 INFO it_colbert.benchmark.retrievers: maxsim 3700/7609 queries
2026-08-11 09:28:43,390 INFO it_colbert.benchmark.retrievers: maxsim 3720/7609 queries
2026-08-11 09:28:44,114 INFO it_colbert.benchmark.retrievers: maxsim 3740/7609 queries
2026-08-11 09:28:44,835 INFO it_colbert.benchmark.retrievers: maxsim 3760/7609 queries
2026-08-11 09:28:45,565 INFO it_colbert.benchmark.retrievers: maxsim 3780/7609 queries
2026-08-11 09:28:46,291 INFO it_colbert.benchmark.retrievers: maxsim 3800/7609 queries
2026-08-11 09:28:47,007 INFO it_colbert.benchmark.retrievers: maxsim 3820/7609 queries
2026-08-11 09:28:47,733 INFO it_colbert.benchmark.retrievers: maxsim 3840/7609 queries
2026-08-11 09:28:48,459 INFO it_colbert.benchmark.retrievers: maxsim 3860/7609 queries
2026-08-11 09:28:49,184 INFO it_colbert.benchmark.retrievers: maxsim 3880/7609 queries
2026-08-11 09:28:49,911 INFO it_colbert.benchmark.retrievers: maxsim 3900/7609 queries
2026-08-11 09:28:50,631 INFO it_colbert.benchmark.retrievers: maxsim 3920/7609 queries
2026-08-11 09:28:51,357 INFO it_colbert.benchmark.retrievers: maxsim 3940/7609 queries
2026-08-11 09:28:52,089 INFO it_colbert.benchmark.retrievers: maxsim 3960/7609 queries
2026-08-11 09:28:52,812 INFO it_colbert.benchmark.retrievers: maxsim 3980/7609 queries
2026-08-11 09:28:53,540 INFO it_colbert.benchmark.retrievers: maxsim 4000/7609 queries
2026-08-11 09:28:54,268 INFO it_colbert.benchmark.retrievers: maxsim 4020/7609 queries
2026-08-11 09:28:54,994 INFO it_colbert.benchmark.retrievers: maxsim 4040/7609 queries
2026-08-11 09:28:55,723 INFO it_colbert.benchmark.retrievers: maxsim 4060/7609 queries
2026-08-11 09:28:56,451 INFO it_colbert.benchmark.retrievers: maxsim 4080/7609 queries
2026-08-11 09:28:57,180 INFO it_colbert.benchmark.retrievers: maxsim 4100/7609 queries
2026-08-11 09:28:57,908 INFO it_colbert.benchmark.retrievers: maxsim 4120/7609 queries
2026-08-11 09:28:58,633 INFO it_colbert.benchmark.retrievers: maxsim 4140/7609 queries
2026-08-11 09:28:59,351 INFO it_colbert.benchmark.retrievers: maxsim 4160/7609 queries
2026-08-11 09:29:00,079 INFO it_colbert.benchmark.retrievers: maxsim 4180/7609 queries
2026-08-11 09:29:00,797 INFO it_colbert.benchmark.retrievers: maxsim 4200/7609 queries
2026-08-11 09:29:01,519 INFO it_colbert.benchmark.retrievers: maxsim 4220/7609 queries
2026-08-11 09:29:02,267 INFO it_colbert.benchmark.retrievers: maxsim 4240/7609 queries
2026-08-11 09:29:03,021 INFO it_colbert.benchmark.retrievers: maxsim 4260/7609 queries
2026-08-11 09:29:03,748 INFO it_colbert.benchmark.retrievers: maxsim 4280/7609 queries
2026-08-11 09:29:04,473 INFO it_colbert.benchmark.retrievers: maxsim 4300/7609 queries
2026-08-11 09:29:05,199 INFO it_colbert.benchmark.retrievers: maxsim 4320/7609 queries
2026-08-11 09:29:05,926 INFO it_colbert.benchmark.retrievers: maxsim 4340/7609 queries
2026-08-11 09:29:06,651 INFO it_colbert.benchmark.retrievers: maxsim 4360/7609 queries
2026-08-11 09:29:07,381 INFO it_colbert.benchmark.retrievers: maxsim 4380/7609 queries
2026-08-11 09:29:08,079 INFO it_colbert.benchmark.retrievers: maxsim 4400/7609 queries
2026-08-11 09:29:08,781 INFO it_colbert.benchmark.retrievers: maxsim 4420/7609 queries
2026-08-11 09:29:09,476 INFO it_colbert.benchmark.retrievers: maxsim 4440/7609 queries
2026-08-11 09:29:10,170 INFO it_colbert.benchmark.retrievers: maxsim 4460/7609 queries
2026-08-11 09:29:10,865 INFO it_colbert.benchmark.retrievers: maxsim 4480/7609 queries
2026-08-11 09:29:11,563 INFO it_colbert.benchmark.retrievers: maxsim 4500/7609 queries
2026-08-11 09:29:12,255 INFO it_colbert.benchmark.retrievers: maxsim 4520/7609 queries
2026-08-11 09:29:12,954 INFO it_colbert.benchmark.retrievers: maxsim 4540/7609 queries
2026-08-11 09:29:13,652 INFO it_colbert.benchmark.retrievers: maxsim 4560/7609 queries
2026-08-11 09:29:14,351 INFO it_colbert.benchmark.retrievers: maxsim 4580/7609 queries
2026-08-11 09:29:15,054 INFO it_colbert.benchmark.retrievers: maxsim 4600/7609 queries
2026-08-11 09:29:15,754 INFO it_colbert.benchmark.retrievers: maxsim 4620/7609 queries
2026-08-11 09:29:16,454 INFO it_colbert.benchmark.retrievers: maxsim 4640/7609 queries
2026-08-11 09:29:17,153 INFO it_colbert.benchmark.retrievers: maxsim 4660/7609 queries
2026-08-11 09:29:17,852 INFO it_colbert.benchmark.retrievers: maxsim 4680/7609 queries
2026-08-11 09:29:18,549 INFO it_colbert.benchmark.retrievers: maxsim 4700/7609 queries
2026-08-11 09:29:19,246 INFO it_colbert.benchmark.retrievers: maxsim 4720/7609 queries
2026-08-11 09:29:19,943 INFO it_colbert.benchmark.retrievers: maxsim 4740/7609 queries
2026-08-11 09:29:20,645 INFO it_colbert.benchmark.retrievers: maxsim 4760/7609 queries
2026-08-11 09:29:21,341 INFO it_colbert.benchmark.retrievers: maxsim 4780/7609 queries
2026-08-11 09:29:22,040 INFO it_colbert.benchmark.retrievers: maxsim 4800/7609 queries
2026-08-11 09:29:22,742 INFO it_colbert.benchmark.retrievers: maxsim 4820/7609 queries
2026-08-11 09:29:23,467 INFO it_colbert.benchmark.retrievers: maxsim 4840/7609 queries
2026-08-11 09:29:24,176 INFO it_colbert.benchmark.retrievers: maxsim 4860/7609 queries
2026-08-11 09:29:24,881 INFO it_colbert.benchmark.retrievers: maxsim 4880/7609 queries
2026-08-11 09:29:25,576 INFO it_colbert.benchmark.retrievers: maxsim 4900/7609 queries
2026-08-11 09:29:26,273 INFO it_colbert.benchmark.retrievers: maxsim 4920/7609 queries
2026-08-11 09:29:26,974 INFO it_colbert.benchmark.retrievers: maxsim 4940/7609 queries
2026-08-11 09:29:27,674 INFO it_colbert.benchmark.retrievers: maxsim 4960/7609 queries
2026-08-11 09:29:28,378 INFO it_colbert.benchmark.retrievers: maxsim 4980/7609 queries
2026-08-11 09:29:29,082 INFO it_colbert.benchmark.retrievers: maxsim 5000/7609 queries
2026-08-11 09:29:29,783 INFO it_colbert.benchmark.retrievers: maxsim 5020/7609 queries
2026-08-11 09:29:30,492 INFO it_colbert.benchmark.retrievers: maxsim 5040/7609 queries
2026-08-11 09:29:31,190 INFO it_colbert.benchmark.retrievers: maxsim 5060/7609 queries
2026-08-11 09:29:31,886 INFO it_colbert.benchmark.retrievers: maxsim 5080/7609 queries
2026-08-11 09:29:32,584 INFO it_colbert.benchmark.retrievers: maxsim 5100/7609 queries
2026-08-11 09:29:33,282 INFO it_colbert.benchmark.retrievers: maxsim 5120/7609 queries
2026-08-11 09:29:33,981 INFO it_colbert.benchmark.retrievers: maxsim 5140/7609 queries
2026-08-11 09:29:34,685 INFO it_colbert.benchmark.retrievers: maxsim 5160/7609 queries
2026-08-11 09:29:35,412 INFO it_colbert.benchmark.retrievers: maxsim 5180/7609 queries
2026-08-11 09:29:36,117 INFO it_colbert.benchmark.retrievers: maxsim 5200/7609 queries
2026-08-11 09:29:36,856 INFO it_colbert.benchmark.retrievers: maxsim 5220/7609 queries
2026-08-11 09:29:37,676 INFO it_colbert.benchmark.retrievers: maxsim 5240/7609 queries
2026-08-11 09:29:38,563 INFO it_colbert.benchmark.retrievers: maxsim 5260/7609 queries
2026-08-11 09:29:39,433 INFO it_colbert.benchmark.retrievers: maxsim 5280/7609 queries
2026-08-11 09:29:40,311 INFO it_colbert.benchmark.retrievers: maxsim 5300/7609 queries
2026-08-11 09:29:41,205 INFO it_colbert.benchmark.retrievers: maxsim 5320/7609 queries
2026-08-11 09:29:42,106 INFO it_colbert.benchmark.retrievers: maxsim 5340/7609 queries
2026-08-11 09:29:43,010 INFO it_colbert.benchmark.retrievers: maxsim 5360/7609 queries
2026-08-11 09:29:43,918 INFO it_colbert.benchmark.retrievers: maxsim 5380/7609 queries
2026-08-11 09:29:44,786 INFO it_colbert.benchmark.retrievers: maxsim 5400/7609 queries
2026-08-11 09:29:45,626 INFO it_colbert.benchmark.retrievers: maxsim 5420/7609 queries
2026-08-11 09:29:46,456 INFO it_colbert.benchmark.retrievers: maxsim 5440/7609 queries
2026-08-11 09:29:47,297 INFO it_colbert.benchmark.retrievers: maxsim 5460/7609 queries
2026-08-11 09:29:48,154 INFO it_colbert.benchmark.retrievers: maxsim 5480/7609 queries
2026-08-11 09:29:49,011 INFO it_colbert.benchmark.retrievers: maxsim 5500/7609 queries
2026-08-11 09:29:49,854 INFO it_colbert.benchmark.retrievers: maxsim 5520/7609 queries
2026-08-11 09:29:50,713 INFO it_colbert.benchmark.retrievers: maxsim 5540/7609 queries
2026-08-11 09:29:51,550 INFO it_colbert.benchmark.retrievers: maxsim 5560/7609 queries
2026-08-11 09:29:52,394 INFO it_colbert.benchmark.retrievers: maxsim 5580/7609 queries
2026-08-11 09:29:53,225 INFO it_colbert.benchmark.retrievers: maxsim 5600/7609 queries
2026-08-11 09:29:54,094 INFO it_colbert.benchmark.retrievers: maxsim 5620/7609 queries
2026-08-11 09:29:54,953 INFO it_colbert.benchmark.retrievers: maxsim 5640/7609 queries
2026-08-11 09:29:55,805 INFO it_colbert.benchmark.retrievers: maxsim 5660/7609 queries
2026-08-11 09:29:56,661 INFO it_colbert.benchmark.retrievers: maxsim 5680/7609 queries
2026-08-11 09:29:57,509 INFO it_colbert.benchmark.retrievers: maxsim 5700/7609 queries
2026-08-11 09:29:58,356 INFO it_colbert.benchmark.retrievers: maxsim 5720/7609 queries
2026-08-11 09:29:59,212 INFO it_colbert.benchmark.retrievers: maxsim 5740/7609 queries
2026-08-11 09:30:00,069 INFO it_colbert.benchmark.retrievers: maxsim 5760/7609 queries
2026-08-11 09:30:00,926 INFO it_colbert.benchmark.retrievers: maxsim 5780/7609 queries
2026-08-11 09:30:01,785 INFO it_colbert.benchmark.retrievers: maxsim 5800/7609 queries
2026-08-11 09:30:02,642 INFO it_colbert.benchmark.retrievers: maxsim 5820/7609 queries
2026-08-11 09:30:03,506 INFO it_colbert.benchmark.retrievers: maxsim 5840/7609 queries
2026-08-11 09:30:04,367 INFO it_colbert.benchmark.retrievers: maxsim 5860/7609 queries
2026-08-11 09:30:05,215 INFO it_colbert.benchmark.retrievers: maxsim 5880/7609 queries
2026-08-11 09:30:06,065 INFO it_colbert.benchmark.retrievers: maxsim 5900/7609 queries
2026-08-11 09:30:06,919 INFO it_colbert.benchmark.retrievers: maxsim 5920/7609 queries
2026-08-11 09:30:07,713 INFO it_colbert.benchmark.retrievers: maxsim 5940/7609 queries
2026-08-11 09:30:08,423 INFO it_colbert.benchmark.retrievers: maxsim 5960/7609 queries
2026-08-11 09:30:09,172 INFO it_colbert.benchmark.retrievers: maxsim 5980/7609 queries
2026-08-11 09:30:09,911 INFO it_colbert.benchmark.retrievers: maxsim 6000/7609 queries
2026-08-11 09:30:10,635 INFO it_colbert.benchmark.retrievers: maxsim 6020/7609 queries
2026-08-11 09:30:11,351 INFO it_colbert.benchmark.retrievers: maxsim 6040/7609 queries
2026-08-11 09:30:12,072 INFO it_colbert.benchmark.retrievers: maxsim 6060/7609 queries
2026-08-11 09:30:12,781 INFO it_colbert.benchmark.retrievers: maxsim 6080/7609 queries
2026-08-11 09:30:13,496 INFO it_colbert.benchmark.retrievers: maxsim 6100/7609 queries
2026-08-11 09:30:14,211 INFO it_colbert.benchmark.retrievers: maxsim 6120/7609 queries
2026-08-11 09:30:14,922 INFO it_colbert.benchmark.retrievers: maxsim 6140/7609 queries
2026-08-11 09:30:15,630 INFO it_colbert.benchmark.retrievers: maxsim 6160/7609 queries
2026-08-11 09:30:16,344 INFO it_colbert.benchmark.retrievers: maxsim 6180/7609 queries
2026-08-11 09:30:17,061 INFO it_colbert.benchmark.retrievers: maxsim 6200/7609 queries
2026-08-11 09:30:17,778 INFO it_colbert.benchmark.retrievers: maxsim 6220/7609 queries
2026-08-11 09:30:18,497 INFO it_colbert.benchmark.retrievers: maxsim 6240/7609 queries
2026-08-11 09:30:19,229 INFO it_colbert.benchmark.retrievers: maxsim 6260/7609 queries
2026-08-11 09:30:19,944 INFO it_colbert.benchmark.retrievers: maxsim 6280/7609 queries
2026-08-11 09:30:20,655 INFO it_colbert.benchmark.retrievers: maxsim 6300/7609 queries
2026-08-11 09:30:21,367 INFO it_colbert.benchmark.retrievers: maxsim 6320/7609 queries
2026-08-11 09:30:22,098 INFO it_colbert.benchmark.retrievers: maxsim 6340/7609 queries
2026-08-11 09:30:22,810 INFO it_colbert.benchmark.retrievers: maxsim 6360/7609 queries
2026-08-11 09:30:23,560 INFO it_colbert.benchmark.retrievers: maxsim 6380/7609 queries
2026-08-11 09:30:24,285 INFO it_colbert.benchmark.retrievers: maxsim 6400/7609 queries
2026-08-11 09:30:25,006 INFO it_colbert.benchmark.retrievers: maxsim 6420/7609 queries
2026-08-11 09:30:25,734 INFO it_colbert.benchmark.retrievers: maxsim 6440/7609 queries
2026-08-11 09:30:26,503 INFO it_colbert.benchmark.retrievers: maxsim 6460/7609 queries
2026-08-11 09:30:27,276 INFO it_colbert.benchmark.retrievers: maxsim 6480/7609 queries
2026-08-11 09:30:28,035 INFO it_colbert.benchmark.retrievers: maxsim 6500/7609 queries
2026-08-11 09:30:28,809 INFO it_colbert.benchmark.retrievers: maxsim 6520/7609 queries
2026-08-11 09:30:29,589 INFO it_colbert.benchmark.retrievers: maxsim 6540/7609 queries
2026-08-11 09:30:30,357 INFO it_colbert.benchmark.retrievers: maxsim 6560/7609 queries
2026-08-11 09:30:31,133 INFO it_colbert.benchmark.retrievers: maxsim 6580/7609 queries
2026-08-11 09:30:31,904 INFO it_colbert.benchmark.retrievers: maxsim 6600/7609 queries
2026-08-11 09:30:32,687 INFO it_colbert.benchmark.retrievers: maxsim 6620/7609 queries
2026-08-11 09:30:33,483 INFO it_colbert.benchmark.retrievers: maxsim 6640/7609 queries
2026-08-11 09:30:34,246 INFO it_colbert.benchmark.retrievers: maxsim 6660/7609 queries
2026-08-11 09:30:34,991 INFO it_colbert.benchmark.retrievers: maxsim 6680/7609 queries
2026-08-11 09:30:35,751 INFO it_colbert.benchmark.retrievers: maxsim 6700/7609 queries
2026-08-11 09:30:36,486 INFO it_colbert.benchmark.retrievers: maxsim 6720/7609 queries
2026-08-11 09:30:37,230 INFO it_colbert.benchmark.retrievers: maxsim 6740/7609 queries
2026-08-11 09:30:38,074 INFO it_colbert.benchmark.retrievers: maxsim 6760/7609 queries
2026-08-11 09:30:38,822 INFO it_colbert.benchmark.retrievers: maxsim 6780/7609 queries
2026-08-11 09:30:39,662 INFO it_colbert.benchmark.retrievers: maxsim 6800/7609 queries
2026-08-11 09:30:40,511 INFO it_colbert.benchmark.retrievers: maxsim 6820/7609 queries
2026-08-11 09:30:41,364 INFO it_colbert.benchmark.retrievers: maxsim 6840/7609 queries
2026-08-11 09:30:42,222 INFO it_colbert.benchmark.retrievers: maxsim 6860/7609 queries
2026-08-11 09:30:43,022 INFO it_colbert.benchmark.retrievers: maxsim 6880/7609 queries
2026-08-11 09:30:43,811 INFO it_colbert.benchmark.retrievers: maxsim 6900/7609 queries
2026-08-11 09:30:44,660 INFO it_colbert.benchmark.retrievers: maxsim 6920/7609 queries
2026-08-11 09:30:45,498 INFO it_colbert.benchmark.retrievers: maxsim 6940/7609 queries
2026-08-11 09:30:46,334 INFO it_colbert.benchmark.retrievers: maxsim 6960/7609 queries
2026-08-11 09:30:47,164 INFO it_colbert.benchmark.retrievers: maxsim 6980/7609 queries
2026-08-11 09:30:47,997 INFO it_colbert.benchmark.retrievers: maxsim 7000/7609 queries
2026-08-11 09:30:48,838 INFO it_colbert.benchmark.retrievers: maxsim 7020/7609 queries
2026-08-11 09:30:49,679 INFO it_colbert.benchmark.retrievers: maxsim 7040/7609 queries
2026-08-11 09:30:50,541 INFO it_colbert.benchmark.retrievers: maxsim 7060/7609 queries
2026-08-11 09:30:51,390 INFO it_colbert.benchmark.retrievers: maxsim 7080/7609 queries
2026-08-11 09:30:52,243 INFO it_colbert.benchmark.retrievers: maxsim 7100/7609 queries
2026-08-11 09:30:53,090 INFO it_colbert.benchmark.retrievers: maxsim 7120/7609 queries
2026-08-11 09:30:53,938 INFO it_colbert.benchmark.retrievers: maxsim 7140/7609 queries
2026-08-11 09:30:54,775 INFO it_colbert.benchmark.retrievers: maxsim 7160/7609 queries
2026-08-11 09:30:55,619 INFO it_colbert.benchmark.retrievers: maxsim 7180/7609 queries
2026-08-11 09:30:56,456 INFO it_colbert.benchmark.retrievers: maxsim 7200/7609 queries
2026-08-11 09:30:57,313 INFO it_colbert.benchmark.retrievers: maxsim 7220/7609 queries
2026-08-11 09:30:58,173 INFO it_colbert.benchmark.retrievers: maxsim 7240/7609 queries
2026-08-11 09:30:59,026 INFO it_colbert.benchmark.retrievers: maxsim 7260/7609 queries
2026-08-11 09:30:59,883 INFO it_colbert.benchmark.retrievers: maxsim 7280/7609 queries
2026-08-11 09:31:00,731 INFO it_colbert.benchmark.retrievers: maxsim 7300/7609 queries
2026-08-11 09:31:01,578 INFO it_colbert.benchmark.retrievers: maxsim 7320/7609 queries
2026-08-11 09:31:02,415 INFO it_colbert.benchmark.retrievers: maxsim 7340/7609 queries
2026-08-11 09:31:03,255 INFO it_colbert.benchmark.retrievers: maxsim 7360/7609 queries
2026-08-11 09:31:04,094 INFO it_colbert.benchmark.retrievers: maxsim 7380/7609 queries
2026-08-11 09:31:04,932 INFO it_colbert.benchmark.retrievers: maxsim 7400/7609 queries
2026-08-11 09:31:05,780 INFO it_colbert.benchmark.retrievers: maxsim 7420/7609 queries
2026-08-11 09:31:06,622 INFO it_colbert.benchmark.retrievers: maxsim 7440/7609 queries
2026-08-11 09:31:07,432 INFO it_colbert.benchmark.retrievers: maxsim 7460/7609 queries
2026-08-11 09:31:08,134 INFO it_colbert.benchmark.retrievers: maxsim 7480/7609 queries
2026-08-11 09:31:08,857 INFO it_colbert.benchmark.retrievers: maxsim 7500/7609 queries
2026-08-11 09:31:09,569 INFO it_colbert.benchmark.retrievers: maxsim 7520/7609 queries
2026-08-11 09:31:10,275 INFO it_colbert.benchmark.retrievers: maxsim 7540/7609 queries
2026-08-11 09:31:10,976 INFO it_colbert.benchmark.retrievers: maxsim 7560/7609 queries
2026-08-11 09:31:11,686 INFO it_colbert.benchmark.retrievers: maxsim 7580/7609 queries
2026-08-11 09:31:12,386 INFO it_colbert.benchmark.retrievers: maxsim 7600/7609 queries
2026-08-11 09:31:14,926 INFO it_colbert.benchmark.run: --- squad-ita / SauerkrautLM-Multi-ModernColBERT ---
2026-08-11 09:31:14,927 INFO it_colbert.benchmark.retrievers: loading colbert model VAGOsolutions/SauerkrautLM-Multi-ModernColBERT
2026-08-11 09:31:14,928 INFO sentence_transformers.SentenceTransformer: Use pytorch device_name: cuda:0
2026-08-11 09:31:14,928 INFO sentence_transformers.SentenceTransformer: Load pretrained ColBERT: VAGOsolutions/SauerkrautLM-Multi-ModernColBERT
2026-08-11 09:31:15,195 INFO httpx: HTTP Request: HEAD https://huggingface.co/VAGOsolutions/SauerkrautLM-Multi-ModernColBERT/resolve/main/modules.json "HTTP/1.1 307 Temporary Redirect"
2026-08-11 09:31:15,252 INFO httpx: HTTP Request: HEAD https://huggingface.co/api/resolve-cache/models/VAGOsolutions/SauerkrautLM-Multi-ModernColBERT/5362ea3ab876af45ff59f3e8dbae075a34aa908d/modules.json "HTTP/1.1 200 OK"
2026-08-11 09:31:15,516 INFO httpx: HTTP Request: HEAD https://huggingface.co/VAGOsolutions/SauerkrautLM-Multi-ModernColBERT/resolve/main/config_sentence_transformers.json "HTTP/1.1 307 Temporary Redirect"
2026-08-11 09:31:15,603 INFO httpx: HTTP Request: HEAD https://huggingface.co/api/resolve-cache/models/VAGOsolutions/SauerkrautLM-Multi-ModernColBERT/5362ea3ab876af45ff59f3e8dbae075a34aa908d/config_sentence_transformers.json "HTTP/1.1 200 OK"
2026-08-11 09:31:15,870 INFO httpx: HTTP Request: HEAD https://huggingface.co/VAGOsolutions/SauerkrautLM-Multi-ModernColBERT/resolve/main/config_sentence_transformers.json "HTTP/1.1 307 Temporary Redirect"
2026-08-11 09:31:15,968 INFO httpx: HTTP Request: HEAD https://huggingface.co/api/resolve-cache/models/VAGOsolutions/SauerkrautLM-Multi-ModernColBERT/5362ea3ab876af45ff59f3e8dbae075a34aa908d/config_sentence_transformers.json "HTTP/1.1 200 OK"
2026-08-11 09:31:16,234 INFO httpx: HTTP Request: HEAD https://huggingface.co/VAGOsolutions/SauerkrautLM-Multi-ModernColBERT/resolve/main/README.md "HTTP/1.1 307 Temporary Redirect"
2026-08-11 09:31:16,315 INFO httpx: HTTP Request: HEAD https://huggingface.co/api/resolve-cache/models/VAGOsolutions/SauerkrautLM-Multi-ModernColBERT/5362ea3ab876af45ff59f3e8dbae075a34aa908d/README.md "HTTP/1.1 200 OK"
2026-08-11 09:31:16,558 INFO httpx: HTTP Request: HEAD https://huggingface.co/VAGOsolutions/SauerkrautLM-Multi-ModernColBERT/resolve/main/modules.json "HTTP/1.1 307 Temporary Redirect"
2026-08-11 09:31:16,643 INFO httpx: HTTP Request: HEAD https://huggingface.co/api/resolve-cache/models/VAGOsolutions/SauerkrautLM-Multi-ModernColBERT/5362ea3ab876af45ff59f3e8dbae075a34aa908d/modules.json "HTTP/1.1 200 OK"
2026-08-11 09:31:16,886 INFO httpx: HTTP Request: HEAD https://huggingface.co/VAGOsolutions/SauerkrautLM-Multi-ModernColBERT/resolve/main/sentence_bert_config.json "HTTP/1.1 307 Temporary Redirect"
2026-08-11 09:31:16,967 INFO httpx: HTTP Request: HEAD https://huggingface.co/api/resolve-cache/models/VAGOsolutions/SauerkrautLM-Multi-ModernColBERT/5362ea3ab876af45ff59f3e8dbae075a34aa908d/sentence_bert_config.json "HTTP/1.1 200 OK"
2026-08-11 09:31:17,280 INFO httpx: HTTP Request: HEAD https://huggingface.co/VAGOsolutions/SauerkrautLM-Multi-ModernColBERT/resolve/main/adapter_config.json "HTTP/1.1 404 Not Found"
2026-08-11 09:31:17,559 INFO httpx: HTTP Request: HEAD https://huggingface.co/VAGOsolutions/SauerkrautLM-Multi-ModernColBERT/resolve/main/config.json "HTTP/1.1 307 Temporary Redirect"
2026-08-11 09:31:17,677 INFO httpx: HTTP Request: HEAD https://huggingface.co/api/resolve-cache/models/VAGOsolutions/SauerkrautLM-Multi-ModernColBERT/5362ea3ab876af45ff59f3e8dbae075a34aa908d/config.json "HTTP/1.1 200 OK"
Loading weights:   0%|          | 0/134 [00:00<?, ?it/s]Loading weights: 100%|██████████| 134/134 [00:00<00:00, 2141.38it/s]
2026-08-11 09:31:18,009 INFO httpx: HTTP Request: HEAD https://huggingface.co/VAGOsolutions/SauerkrautLM-Multi-ModernColBERT/resolve/main/config.json "HTTP/1.1 307 Temporary Redirect"
2026-08-11 09:31:18,098 INFO httpx: HTTP Request: HEAD https://huggingface.co/api/resolve-cache/models/VAGOsolutions/SauerkrautLM-Multi-ModernColBERT/5362ea3ab876af45ff59f3e8dbae075a34aa908d/config.json "HTTP/1.1 200 OK"
2026-08-11 09:31:18,365 INFO httpx: HTTP Request: HEAD https://huggingface.co/VAGOsolutions/SauerkrautLM-Multi-ModernColBERT/resolve/main/tokenizer_config.json "HTTP/1.1 307 Temporary Redirect"
2026-08-11 09:31:18,457 INFO httpx: HTTP Request: HEAD https://huggingface.co/api/resolve-cache/models/VAGOsolutions/SauerkrautLM-Multi-ModernColBERT/5362ea3ab876af45ff59f3e8dbae075a34aa908d/tokenizer_config.json "HTTP/1.1 200 OK"
2026-08-11 09:31:18,721 INFO httpx: HTTP Request: GET https://huggingface.co/api/models/VAGOsolutions/SauerkrautLM-Multi-ModernColBERT/tree/main/additional_chat_templates?recursive=false&expand=false "HTTP/1.1 404 Not Found"
2026-08-11 09:31:19,046 INFO httpx: HTTP Request: GET https://huggingface.co/api/models/VAGOsolutions/SauerkrautLM-Multi-ModernColBERT/tree/main?recursive=true&expand=false "HTTP/1.1 200 OK"
2026-08-11 09:31:19,438 INFO httpx: HTTP Request: GET https://huggingface.co/api/models/VAGOsolutions/SauerkrautLM-Multi-ModernColBERT/revision/main "HTTP/1.1 200 OK"
2026-08-11 09:31:19,706 INFO httpx: HTTP Request: GET https://huggingface.co/api/models/VAGOsolutions/SauerkrautLM-Multi-ModernColBERT "HTTP/1.1 200 OK"
2026-08-11 09:31:19,968 INFO httpx: HTTP Request: HEAD https://huggingface.co/VAGOsolutions/SauerkrautLM-Multi-ModernColBERT/resolve/main/config_sentence_transformers.json "HTTP/1.1 307 Temporary Redirect"
2026-08-11 09:31:20,057 INFO httpx: HTTP Request: HEAD https://huggingface.co/api/resolve-cache/models/VAGOsolutions/SauerkrautLM-Multi-ModernColBERT/5362ea3ab876af45ff59f3e8dbae075a34aa908d/config_sentence_transformers.json "HTTP/1.1 200 OK"
2026-08-11 09:31:20,394 INFO it_colbert.benchmark.retrievers: encoding 1988 documents with colbert (bruteforce=True)
Encoding documents (bs=32):   0%|          | 0/63 [00:00<?, ?it/s]Encoding documents (bs=32):   2%|▏         | 1/63 [00:00<00:28,  2.14it/s]Encoding documents (bs=32):   3%|▎         | 2/63 [00:00<00:16,  3.60it/s]Encoding documents (bs=32):   5%|▍         | 3/63 [00:00<00:12,  4.66it/s]Encoding documents (bs=32):   6%|▋         | 4/63 [00:00<00:10,  5.45it/s]Encoding documents (bs=32):   8%|▊         | 5/63 [00:01<00:09,  6.11it/s]Encoding documents (bs=32):  10%|▉         | 6/63 [00:01<00:08,  6.69it/s]Encoding documents (bs=32):  11%|█         | 7/63 [00:01<00:07,  7.20it/s]Encoding documents (bs=32):  13%|█▎        | 8/63 [00:01<00:07,  7.57it/s]Encoding documents (bs=32):  14%|█▍        | 9/63 [00:01<00:06,  7.98it/s]Encoding documents (bs=32):  16%|█▌        | 10/63 [00:01<00:06,  8.30it/s]Encoding documents (bs=32):  17%|█▋        | 11/63 [00:01<00:06,  8.54it/s]Encoding documents (bs=32):  19%|█▉        | 12/63 [00:01<00:05,  8.91it/s]Encoding documents (bs=32):  21%|██        | 13/63 [00:01<00:05,  9.20it/s]Encoding documents (bs=32):  24%|██▍       | 15/63 [00:02<00:05,  9.60it/s]Encoding documents (bs=32):  27%|██▋       | 17/63 [00:02<00:04,  9.92it/s]Encoding documents (bs=32):  30%|███       | 19/63 [00:02<00:04, 10.33it/s]Encoding documents (bs=32):  33%|███▎      | 21/63 [00:02<00:03, 10.64it/s]Encoding documents (bs=32):  37%|███▋      | 23/63 [00:02<00:03, 10.97it/s]Encoding documents (bs=32):  40%|███▉      | 25/63 [00:02<00:03, 11.30it/s]Encoding documents (bs=32):  43%|████▎     | 27/63 [00:03<00:03, 11.58it/s]Encoding documents (bs=32):  46%|████▌     | 29/63 [00:03<00:02, 11.78it/s]Encoding documents (bs=32):  49%|████▉     | 31/63 [00:03<00:02, 11.96it/s]Encoding documents (bs=32):  52%|█████▏    | 33/63 [00:03<00:02, 12.15it/s]Encoding documents (bs=32):  56%|█████▌    | 35/63 [00:03<00:02, 12.37it/s]Encoding documents (bs=32):  59%|█████▊    | 37/63 [00:03<00:02, 12.67it/s]Encoding documents (bs=32):  62%|██████▏   | 39/63 [00:04<00:01, 12.99it/s]Encoding documents (bs=32):  65%|██████▌   | 41/63 [00:04<00:01, 13.19it/s]Encoding documents (bs=32):  68%|██████▊   | 43/63 [00:04<00:01, 13.28it/s]Encoding documents (bs=32):  71%|███████▏  | 45/63 [00:04<00:01, 13.53it/s]Encoding documents (bs=32):  75%|███████▍  | 47/63 [00:04<00:01, 13.79it/s]Encoding documents (bs=32):  78%|███████▊  | 49/63 [00:04<00:00, 14.35it/s]Encoding documents (bs=32):  81%|████████  | 51/63 [00:04<00:00, 14.73it/s]Encoding documents (bs=32):  84%|████████▍ | 53/63 [00:05<00:00, 14.90it/s]Encoding documents (bs=32):  87%|████████▋ | 55/63 [00:05<00:00, 15.58it/s]Encoding documents (bs=32):  90%|█████████ | 57/63 [00:05<00:00, 15.90it/s]Encoding documents (bs=32):  94%|█████████▎| 59/63 [00:05<00:00, 16.85it/s]Encoding documents (bs=32):  98%|█████████▊| 62/63 [00:05<00:00, 18.77it/s]Encoding documents (bs=32): 100%|██████████| 63/63 [00:05<00:00, 11.40it/s]
Encoding queries (bs=32):   0%|          | 0/238 [00:00<?, ?it/s]Encoding queries (bs=32):   3%|▎         | 6/238 [00:00<00:04, 51.80it/s]Encoding queries (bs=32):   5%|▌         | 12/238 [00:00<00:04, 52.33it/s]Encoding queries (bs=32):   8%|▊         | 18/238 [00:00<00:04, 51.97it/s]Encoding queries (bs=32):  10%|█         | 24/238 [00:00<00:04, 51.89it/s]Encoding queries (bs=32):  13%|█▎        | 30/238 [00:00<00:04, 51.84it/s]Encoding queries (bs=32):  15%|█▌        | 36/238 [00:00<00:03, 51.62it/s]Encoding queries (bs=32):  18%|█▊        | 42/238 [00:00<00:03, 51.81it/s]Encoding queries (bs=32):  20%|██        | 48/238 [00:00<00:03, 51.88it/s]Encoding queries (bs=32):  23%|██▎       | 54/238 [00:01<00:03, 51.57it/s]Encoding queries (bs=32):  25%|██▌       | 60/238 [00:01<00:03, 51.56it/s]Encoding queries (bs=32):  28%|██▊       | 66/238 [00:01<00:03, 51.66it/s]Encoding queries (bs=32):  30%|███       | 72/238 [00:01<00:03, 51.78it/s]Encoding queries (bs=32):  33%|███▎      | 78/238 [00:01<00:03, 51.80it/s]Encoding queries (bs=32):  35%|███▌      | 84/238 [00:01<00:02, 51.67it/s]Encoding queries (bs=32):  38%|███▊      | 90/238 [00:01<00:02, 51.68it/s]Encoding queries (bs=32):  40%|████      | 96/238 [00:01<00:02, 51.49it/s]Encoding queries (bs=32):  43%|████▎     | 102/238 [00:01<00:02, 51.67it/s]Encoding queries (bs=32):  45%|████▌     | 108/238 [00:02<00:02, 51.68it/s]Encoding queries (bs=32):  48%|████▊     | 114/238 [00:02<00:02, 51.61it/s]Encoding queries (bs=32):  50%|█████     | 120/238 [00:02<00:02, 51.69it/s]Encoding queries (bs=32):  53%|█████▎    | 126/238 [00:02<00:02, 51.75it/s]Encoding queries (bs=32):  55%|█████▌    | 132/238 [00:02<00:02, 51.88it/s]Encoding queries (bs=32):  58%|█████▊    | 138/238 [00:02<00:01, 51.89it/s]Encoding queries (bs=32):  61%|██████    | 144/238 [00:02<00:01, 51.82it/s]Encoding queries (bs=32):  63%|██████▎   | 150/238 [00:02<00:01, 51.80it/s]Encoding queries (bs=32):  66%|██████▌   | 156/238 [00:03<00:01, 51.65it/s]Encoding queries (bs=32):  68%|██████▊   | 162/238 [00:03<00:01, 51.53it/s]Encoding queries (bs=32):  71%|███████   | 168/238 [00:03<00:01, 51.63it/s]Encoding queries (bs=32):  73%|███████▎  | 174/238 [00:03<00:01, 51.84it/s]Encoding queries (bs=32):  76%|███████▌  | 180/238 [00:03<00:01, 51.77it/s]Encoding queries (bs=32):  78%|███████▊  | 186/238 [00:03<00:01, 51.89it/s]Encoding queries (bs=32):  81%|████████  | 192/238 [00:03<00:00, 51.51it/s]Encoding queries (bs=32):  83%|████████▎ | 198/238 [00:03<00:00, 51.37it/s]Encoding queries (bs=32):  86%|████████▌ | 204/238 [00:03<00:00, 51.44it/s]Encoding queries (bs=32):  88%|████████▊ | 210/238 [00:04<00:00, 51.00it/s]Encoding queries (bs=32):  91%|█████████ | 216/238 [00:04<00:00, 51.29it/s]Encoding queries (bs=32):  93%|█████████▎| 222/238 [00:04<00:00, 51.14it/s]Encoding queries (bs=32):  96%|█████████▌| 228/238 [00:04<00:00, 50.85it/s]Encoding queries (bs=32):  98%|█████████▊| 234/238 [00:04<00:00, 51.08it/s]Encoding queries (bs=32): 100%|██████████| 238/238 [00:04<00:00, 51.60it/s]
2026-08-11 09:31:31,432 INFO it_colbert.benchmark.retrievers: maxsim 20/7609 queries
2026-08-11 09:31:32,145 INFO it_colbert.benchmark.retrievers: maxsim 40/7609 queries
2026-08-11 09:31:32,858 INFO it_colbert.benchmark.retrievers: maxsim 60/7609 queries
2026-08-11 09:31:33,573 INFO it_colbert.benchmark.retrievers: maxsim 80/7609 queries
2026-08-11 09:31:34,287 INFO it_colbert.benchmark.retrievers: maxsim 100/7609 queries
2026-08-11 09:31:35,005 INFO it_colbert.benchmark.retrievers: maxsim 120/7609 queries
2026-08-11 09:31:35,725 INFO it_colbert.benchmark.retrievers: maxsim 140/7609 queries
2026-08-11 09:31:36,441 INFO it_colbert.benchmark.retrievers: maxsim 160/7609 queries
2026-08-11 09:31:37,171 INFO it_colbert.benchmark.retrievers: maxsim 180/7609 queries
2026-08-11 09:31:38,015 INFO it_colbert.benchmark.retrievers: maxsim 200/7609 queries
2026-08-11 09:31:38,891 INFO it_colbert.benchmark.retrievers: maxsim 220/7609 queries
2026-08-11 09:31:39,721 INFO it_colbert.benchmark.retrievers: maxsim 240/7609 queries
2026-08-11 09:31:40,568 INFO it_colbert.benchmark.retrievers: maxsim 260/7609 queries
2026-08-11 09:31:41,430 INFO it_colbert.benchmark.retrievers: maxsim 280/7609 queries
2026-08-11 09:31:42,303 INFO it_colbert.benchmark.retrievers: maxsim 300/7609 queries
2026-08-11 09:31:43,177 INFO it_colbert.benchmark.retrievers: maxsim 320/7609 queries
2026-08-11 09:31:44,019 INFO it_colbert.benchmark.retrievers: maxsim 340/7609 queries
2026-08-11 09:31:44,876 INFO it_colbert.benchmark.retrievers: maxsim 360/7609 queries
2026-08-11 09:31:45,698 INFO it_colbert.benchmark.retrievers: maxsim 380/7609 queries
2026-08-11 09:31:46,523 INFO it_colbert.benchmark.retrievers: maxsim 400/7609 queries
2026-08-11 09:31:47,358 INFO it_colbert.benchmark.retrievers: maxsim 420/7609 queries
2026-08-11 09:31:48,211 INFO it_colbert.benchmark.retrievers: maxsim 440/7609 queries
2026-08-11 09:31:49,074 INFO it_colbert.benchmark.retrievers: maxsim 460/7609 queries
2026-08-11 09:31:49,947 INFO it_colbert.benchmark.retrievers: maxsim 480/7609 queries
2026-08-11 09:31:50,821 INFO it_colbert.benchmark.retrievers: maxsim 500/7609 queries
2026-08-11 09:31:51,677 INFO it_colbert.benchmark.retrievers: maxsim 520/7609 queries
2026-08-11 09:31:52,559 INFO it_colbert.benchmark.retrievers: maxsim 540/7609 queries
2026-08-11 09:31:53,422 INFO it_colbert.benchmark.retrievers: maxsim 560/7609 queries
2026-08-11 09:31:54,302 INFO it_colbert.benchmark.retrievers: maxsim 580/7609 queries
2026-08-11 09:31:55,180 INFO it_colbert.benchmark.retrievers: maxsim 600/7609 queries
2026-08-11 09:31:56,063 INFO it_colbert.benchmark.retrievers: maxsim 620/7609 queries
2026-08-11 09:31:56,922 INFO it_colbert.benchmark.retrievers: maxsim 640/7609 queries
2026-08-11 09:31:57,788 INFO it_colbert.benchmark.retrievers: maxsim 660/7609 queries
2026-08-11 09:31:58,655 INFO it_colbert.benchmark.retrievers: maxsim 680/7609 queries
2026-08-11 09:31:59,499 INFO it_colbert.benchmark.retrievers: maxsim 700/7609 queries
2026-08-11 09:32:00,367 INFO it_colbert.benchmark.retrievers: maxsim 720/7609 queries
2026-08-11 09:32:01,205 INFO it_colbert.benchmark.retrievers: maxsim 740/7609 queries
2026-08-11 09:32:02,050 INFO it_colbert.benchmark.retrievers: maxsim 760/7609 queries
2026-08-11 09:32:02,903 INFO it_colbert.benchmark.retrievers: maxsim 780/7609 queries
2026-08-11 09:32:03,754 INFO it_colbert.benchmark.retrievers: maxsim 800/7609 queries
2026-08-11 09:32:04,633 INFO it_colbert.benchmark.retrievers: maxsim 820/7609 queries
2026-08-11 09:32:05,518 INFO it_colbert.benchmark.retrievers: maxsim 840/7609 queries
2026-08-11 09:32:06,273 INFO it_colbert.benchmark.retrievers: maxsim 860/7609 queries
2026-08-11 09:32:07,047 INFO it_colbert.benchmark.retrievers: maxsim 880/7609 queries
2026-08-11 09:32:07,805 INFO it_colbert.benchmark.retrievers: maxsim 900/7609 queries
2026-08-11 09:32:08,561 INFO it_colbert.benchmark.retrievers: maxsim 920/7609 queries
2026-08-11 09:32:09,306 INFO it_colbert.benchmark.retrievers: maxsim 940/7609 queries
2026-08-11 09:32:10,049 INFO it_colbert.benchmark.retrievers: maxsim 960/7609 queries
2026-08-11 09:32:10,792 INFO it_colbert.benchmark.retrievers: maxsim 980/7609 queries
2026-08-11 09:32:11,557 INFO it_colbert.benchmark.retrievers: maxsim 1000/7609 queries
2026-08-11 09:32:12,332 INFO it_colbert.benchmark.retrievers: maxsim 1020/7609 queries
2026-08-11 09:32:13,106 INFO it_colbert.benchmark.retrievers: maxsim 1040/7609 queries
2026-08-11 09:32:13,886 INFO it_colbert.benchmark.retrievers: maxsim 1060/7609 queries
2026-08-11 09:32:14,645 INFO it_colbert.benchmark.retrievers: maxsim 1080/7609 queries
2026-08-11 09:32:15,374 INFO it_colbert.benchmark.retrievers: maxsim 1100/7609 queries
2026-08-11 09:32:16,105 INFO it_colbert.benchmark.retrievers: maxsim 1120/7609 queries
2026-08-11 09:32:16,824 INFO it_colbert.benchmark.retrievers: maxsim 1140/7609 queries
2026-08-11 09:32:17,542 INFO it_colbert.benchmark.retrievers: maxsim 1160/7609 queries
2026-08-11 09:32:18,256 INFO it_colbert.benchmark.retrievers: maxsim 1180/7609 queries
2026-08-11 09:32:18,978 INFO it_colbert.benchmark.retrievers: maxsim 1200/7609 queries
2026-08-11 09:32:19,692 INFO it_colbert.benchmark.retrievers: maxsim 1220/7609 queries
2026-08-11 09:32:20,410 INFO it_colbert.benchmark.retrievers: maxsim 1240/7609 queries
2026-08-11 09:32:21,127 INFO it_colbert.benchmark.retrievers: maxsim 1260/7609 queries
2026-08-11 09:32:21,842 INFO it_colbert.benchmark.retrievers: maxsim 1280/7609 queries
2026-08-11 09:32:22,557 INFO it_colbert.benchmark.retrievers: maxsim 1300/7609 queries
2026-08-11 09:32:23,286 INFO it_colbert.benchmark.retrievers: maxsim 1320/7609 queries
2026-08-11 09:32:24,009 INFO it_colbert.benchmark.retrievers: maxsim 1340/7609 queries
2026-08-11 09:32:24,723 INFO it_colbert.benchmark.retrievers: maxsim 1360/7609 queries
2026-08-11 09:32:25,446 INFO it_colbert.benchmark.retrievers: maxsim 1380/7609 queries
2026-08-11 09:32:26,168 INFO it_colbert.benchmark.retrievers: maxsim 1400/7609 queries
2026-08-11 09:32:26,904 INFO it_colbert.benchmark.retrievers: maxsim 1420/7609 queries
2026-08-11 09:32:27,629 INFO it_colbert.benchmark.retrievers: maxsim 1440/7609 queries
2026-08-11 09:32:28,356 INFO it_colbert.benchmark.retrievers: maxsim 1460/7609 queries
2026-08-11 09:32:29,085 INFO it_colbert.benchmark.retrievers: maxsim 1480/7609 queries
2026-08-11 09:32:29,815 INFO it_colbert.benchmark.retrievers: maxsim 1500/7609 queries
2026-08-11 09:32:30,539 INFO it_colbert.benchmark.retrievers: maxsim 1520/7609 queries
2026-08-11 09:32:31,268 INFO it_colbert.benchmark.retrievers: maxsim 1540/7609 queries
2026-08-11 09:32:31,990 INFO it_colbert.benchmark.retrievers: maxsim 1560/7609 queries
2026-08-11 09:32:32,715 INFO it_colbert.benchmark.retrievers: maxsim 1580/7609 queries
2026-08-11 09:32:33,444 INFO it_colbert.benchmark.retrievers: maxsim 1600/7609 queries
2026-08-11 09:32:34,171 INFO it_colbert.benchmark.retrievers: maxsim 1620/7609 queries
2026-08-11 09:32:34,900 INFO it_colbert.benchmark.retrievers: maxsim 1640/7609 queries
2026-08-11 09:32:35,629 INFO it_colbert.benchmark.retrievers: maxsim 1660/7609 queries
2026-08-11 09:32:36,359 INFO it_colbert.benchmark.retrievers: maxsim 1680/7609 queries
2026-08-11 09:32:37,084 INFO it_colbert.benchmark.retrievers: maxsim 1700/7609 queries
2026-08-11 09:32:37,846 INFO it_colbert.benchmark.retrievers: maxsim 1720/7609 queries
2026-08-11 09:32:38,605 INFO it_colbert.benchmark.retrievers: maxsim 1740/7609 queries
2026-08-11 09:32:39,361 INFO it_colbert.benchmark.retrievers: maxsim 1760/7609 queries
2026-08-11 09:32:40,119 INFO it_colbert.benchmark.retrievers: maxsim 1780/7609 queries
2026-08-11 09:32:40,869 INFO it_colbert.benchmark.retrievers: maxsim 1800/7609 queries
2026-08-11 09:32:41,631 INFO it_colbert.benchmark.retrievers: maxsim 1820/7609 queries
2026-08-11 09:32:42,382 INFO it_colbert.benchmark.retrievers: maxsim 1840/7609 queries
2026-08-11 09:32:43,130 INFO it_colbert.benchmark.retrievers: maxsim 1860/7609 queries
2026-08-11 09:32:43,878 INFO it_colbert.benchmark.retrievers: maxsim 1880/7609 queries
2026-08-11 09:32:44,628 INFO it_colbert.benchmark.retrievers: maxsim 1900/7609 queries
2026-08-11 09:32:45,390 INFO it_colbert.benchmark.retrievers: maxsim 1920/7609 queries
2026-08-11 09:32:46,147 INFO it_colbert.benchmark.retrievers: maxsim 1940/7609 queries
2026-08-11 09:32:46,905 INFO it_colbert.benchmark.retrievers: maxsim 1960/7609 queries
2026-08-11 09:32:47,659 INFO it_colbert.benchmark.retrievers: maxsim 1980/7609 queries
2026-08-11 09:32:48,411 INFO it_colbert.benchmark.retrievers: maxsim 2000/7609 queries
2026-08-11 09:32:49,156 INFO it_colbert.benchmark.retrievers: maxsim 2020/7609 queries
2026-08-11 09:32:49,907 INFO it_colbert.benchmark.retrievers: maxsim 2040/7609 queries
2026-08-11 09:32:50,659 INFO it_colbert.benchmark.retrievers: maxsim 2060/7609 queries
2026-08-11 09:32:51,415 INFO it_colbert.benchmark.retrievers: maxsim 2080/7609 queries
2026-08-11 09:32:52,175 INFO it_colbert.benchmark.retrievers: maxsim 2100/7609 queries
2026-08-11 09:32:52,923 INFO it_colbert.benchmark.retrievers: maxsim 2120/7609 queries
2026-08-11 09:32:53,671 INFO it_colbert.benchmark.retrievers: maxsim 2140/7609 queries
2026-08-11 09:32:54,428 INFO it_colbert.benchmark.retrievers: maxsim 2160/7609 queries
2026-08-11 09:32:55,187 INFO it_colbert.benchmark.retrievers: maxsim 2180/7609 queries
2026-08-11 09:32:55,949 INFO it_colbert.benchmark.retrievers: maxsim 2200/7609 queries
2026-08-11 09:32:56,703 INFO it_colbert.benchmark.retrievers: maxsim 2220/7609 queries
2026-08-11 09:32:57,450 INFO it_colbert.benchmark.retrievers: maxsim 2240/7609 queries
2026-08-11 09:32:58,204 INFO it_colbert.benchmark.retrievers: maxsim 2260/7609 queries
2026-08-11 09:32:58,959 INFO it_colbert.benchmark.retrievers: maxsim 2280/7609 queries
2026-08-11 09:32:59,717 INFO it_colbert.benchmark.retrievers: maxsim 2300/7609 queries
2026-08-11 09:33:00,471 INFO it_colbert.benchmark.retrievers: maxsim 2320/7609 queries
2026-08-11 09:33:01,222 INFO it_colbert.benchmark.retrievers: maxsim 2340/7609 queries
2026-08-11 09:33:01,974 INFO it_colbert.benchmark.retrievers: maxsim 2360/7609 queries
2026-08-11 09:33:02,717 INFO it_colbert.benchmark.retrievers: maxsim 2380/7609 queries
2026-08-11 09:33:03,461 INFO it_colbert.benchmark.retrievers: maxsim 2400/7609 queries
2026-08-11 09:33:04,215 INFO it_colbert.benchmark.retrievers: maxsim 2420/7609 queries
2026-08-11 09:33:04,973 INFO it_colbert.benchmark.retrievers: maxsim 2440/7609 queries
2026-08-11 09:33:05,728 INFO it_colbert.benchmark.retrievers: maxsim 2460/7609 queries
2026-08-11 09:33:06,479 INFO it_colbert.benchmark.retrievers: maxsim 2480/7609 queries
2026-08-11 09:33:07,257 INFO it_colbert.benchmark.retrievers: maxsim 2500/7609 queries
2026-08-11 09:33:08,019 INFO it_colbert.benchmark.retrievers: maxsim 2520/7609 queries
2026-08-11 09:33:08,784 INFO it_colbert.benchmark.retrievers: maxsim 2540/7609 queries
2026-08-11 09:33:09,527 INFO it_colbert.benchmark.retrievers: maxsim 2560/7609 queries
2026-08-11 09:33:10,278 INFO it_colbert.benchmark.retrievers: maxsim 2580/7609 queries
2026-08-11 09:33:11,030 INFO it_colbert.benchmark.retrievers: maxsim 2600/7609 queries
2026-08-11 09:33:11,803 INFO it_colbert.benchmark.retrievers: maxsim 2620/7609 queries
2026-08-11 09:33:12,579 INFO it_colbert.benchmark.retrievers: maxsim 2640/7609 queries
2026-08-11 09:33:13,349 INFO it_colbert.benchmark.retrievers: maxsim 2660/7609 queries
2026-08-11 09:33:14,120 INFO it_colbert.benchmark.retrievers: maxsim 2680/7609 queries
2026-08-11 09:33:14,868 INFO it_colbert.benchmark.retrievers: maxsim 2700/7609 queries
2026-08-11 09:33:15,598 INFO it_colbert.benchmark.retrievers: maxsim 2720/7609 queries
2026-08-11 09:33:16,320 INFO it_colbert.benchmark.retrievers: maxsim 2740/7609 queries
2026-08-11 09:33:17,039 INFO it_colbert.benchmark.retrievers: maxsim 2760/7609 queries
2026-08-11 09:33:17,756 INFO it_colbert.benchmark.retrievers: maxsim 2780/7609 queries
2026-08-11 09:33:18,473 INFO it_colbert.benchmark.retrievers: maxsim 2800/7609 queries
2026-08-11 09:33:19,191 INFO it_colbert.benchmark.retrievers: maxsim 2820/7609 queries
2026-08-11 09:33:19,910 INFO it_colbert.benchmark.retrievers: maxsim 2840/7609 queries
2026-08-11 09:33:20,625 INFO it_colbert.benchmark.retrievers: maxsim 2860/7609 queries
2026-08-11 09:33:21,340 INFO it_colbert.benchmark.retrievers: maxsim 2880/7609 queries
2026-08-11 09:33:22,056 INFO it_colbert.benchmark.retrievers: maxsim 2900/7609 queries
2026-08-11 09:33:22,775 INFO it_colbert.benchmark.retrievers: maxsim 2920/7609 queries
2026-08-11 09:33:23,496 INFO it_colbert.benchmark.retrievers: maxsim 2940/7609 queries
2026-08-11 09:33:24,213 INFO it_colbert.benchmark.retrievers: maxsim 2960/7609 queries
2026-08-11 09:33:24,928 INFO it_colbert.benchmark.retrievers: maxsim 2980/7609 queries
2026-08-11 09:33:25,644 INFO it_colbert.benchmark.retrievers: maxsim 3000/7609 queries
2026-08-11 09:33:26,361 INFO it_colbert.benchmark.retrievers: maxsim 3020/7609 queries
2026-08-11 09:33:27,081 INFO it_colbert.benchmark.retrievers: maxsim 3040/7609 queries
2026-08-11 09:33:27,808 INFO it_colbert.benchmark.retrievers: maxsim 3060/7609 queries
2026-08-11 09:33:28,540 INFO it_colbert.benchmark.retrievers: maxsim 3080/7609 queries
2026-08-11 09:33:29,271 INFO it_colbert.benchmark.retrievers: maxsim 3100/7609 queries
2026-08-11 09:33:30,004 INFO it_colbert.benchmark.retrievers: maxsim 3120/7609 queries
2026-08-11 09:33:30,730 INFO it_colbert.benchmark.retrievers: maxsim 3140/7609 queries
2026-08-11 09:33:31,461 INFO it_colbert.benchmark.retrievers: maxsim 3160/7609 queries
2026-08-11 09:33:32,192 INFO it_colbert.benchmark.retrievers: maxsim 3180/7609 queries
2026-08-11 09:33:32,919 INFO it_colbert.benchmark.retrievers: maxsim 3200/7609 queries
2026-08-11 09:33:33,647 INFO it_colbert.benchmark.retrievers: maxsim 3220/7609 queries
2026-08-11 09:33:34,393 INFO it_colbert.benchmark.retrievers: maxsim 3240/7609 queries
2026-08-11 09:33:35,124 INFO it_colbert.benchmark.retrievers: maxsim 3260/7609 queries
2026-08-11 09:33:35,854 INFO it_colbert.benchmark.retrievers: maxsim 3280/7609 queries
2026-08-11 09:33:36,577 INFO it_colbert.benchmark.retrievers: maxsim 3300/7609 queries
2026-08-11 09:33:37,304 INFO it_colbert.benchmark.retrievers: maxsim 3320/7609 queries
2026-08-11 09:33:38,128 INFO it_colbert.benchmark.retrievers: maxsim 3340/7609 queries
2026-08-11 09:33:38,948 INFO it_colbert.benchmark.retrievers: maxsim 3360/7609 queries
2026-08-11 09:33:39,789 INFO it_colbert.benchmark.retrievers: maxsim 3380/7609 queries
2026-08-11 09:33:40,621 INFO it_colbert.benchmark.retrievers: maxsim 3400/7609 queries
2026-08-11 09:33:41,468 INFO it_colbert.benchmark.retrievers: maxsim 3420/7609 queries
2026-08-11 09:33:42,302 INFO it_colbert.benchmark.retrievers: maxsim 3440/7609 queries
2026-08-11 09:33:43,150 INFO it_colbert.benchmark.retrievers: maxsim 3460/7609 queries
2026-08-11 09:33:43,975 INFO it_colbert.benchmark.retrievers: maxsim 3480/7609 queries
2026-08-11 09:33:44,800 INFO it_colbert.benchmark.retrievers: maxsim 3500/7609 queries
2026-08-11 09:33:45,612 INFO it_colbert.benchmark.retrievers: maxsim 3520/7609 queries
2026-08-11 09:33:46,457 INFO it_colbert.benchmark.retrievers: maxsim 3540/7609 queries
2026-08-11 09:33:47,298 INFO it_colbert.benchmark.retrievers: maxsim 3560/7609 queries
2026-08-11 09:33:48,128 INFO it_colbert.benchmark.retrievers: maxsim 3580/7609 queries
2026-08-11 09:33:48,950 INFO it_colbert.benchmark.retrievers: maxsim 3600/7609 queries
2026-08-11 09:33:49,790 INFO it_colbert.benchmark.retrievers: maxsim 3620/7609 queries
2026-08-11 09:33:50,634 INFO it_colbert.benchmark.retrievers: maxsim 3640/7609 queries
2026-08-11 09:33:51,479 INFO it_colbert.benchmark.retrievers: maxsim 3660/7609 queries
2026-08-11 09:33:52,340 INFO it_colbert.benchmark.retrievers: maxsim 3680/7609 queries
2026-08-11 09:33:53,194 INFO it_colbert.benchmark.retrievers: maxsim 3700/7609 queries
2026-08-11 09:33:54,067 INFO it_colbert.benchmark.retrievers: maxsim 3720/7609 queries
2026-08-11 09:33:54,919 INFO it_colbert.benchmark.retrievers: maxsim 3740/7609 queries
2026-08-11 09:33:55,759 INFO it_colbert.benchmark.retrievers: maxsim 3760/7609 queries
2026-08-11 09:33:56,592 INFO it_colbert.benchmark.retrievers: maxsim 3780/7609 queries
2026-08-11 09:33:57,421 INFO it_colbert.benchmark.retrievers: maxsim 3800/7609 queries
2026-08-11 09:33:58,247 INFO it_colbert.benchmark.retrievers: maxsim 3820/7609 queries
2026-08-11 09:33:59,065 INFO it_colbert.benchmark.retrievers: maxsim 3840/7609 queries
2026-08-11 09:33:59,868 INFO it_colbert.benchmark.retrievers: maxsim 3860/7609 queries
2026-08-11 09:34:00,682 INFO it_colbert.benchmark.retrievers: maxsim 3880/7609 queries
2026-08-11 09:34:01,482 INFO it_colbert.benchmark.retrievers: maxsim 3900/7609 queries
2026-08-11 09:34:02,280 INFO it_colbert.benchmark.retrievers: maxsim 3920/7609 queries
2026-08-11 09:34:03,107 INFO it_colbert.benchmark.retrievers: maxsim 3940/7609 queries
2026-08-11 09:34:03,938 INFO it_colbert.benchmark.retrievers: maxsim 3960/7609 queries
2026-08-11 09:34:04,783 INFO it_colbert.benchmark.retrievers: maxsim 3980/7609 queries
2026-08-11 09:34:05,628 INFO it_colbert.benchmark.retrievers: maxsim 4000/7609 queries
2026-08-11 09:34:06,372 INFO it_colbert.benchmark.retrievers: maxsim 4020/7609 queries
2026-08-11 09:34:07,160 INFO it_colbert.benchmark.retrievers: maxsim 4040/7609 queries
2026-08-11 09:34:07,918 INFO it_colbert.benchmark.retrievers: maxsim 4060/7609 queries
2026-08-11 09:34:08,679 INFO it_colbert.benchmark.retrievers: maxsim 4080/7609 queries
2026-08-11 09:34:09,417 INFO it_colbert.benchmark.retrievers: maxsim 4100/7609 queries
2026-08-11 09:34:10,159 INFO it_colbert.benchmark.retrievers: maxsim 4120/7609 queries
2026-08-11 09:34:10,902 INFO it_colbert.benchmark.retrievers: maxsim 4140/7609 queries
2026-08-11 09:34:11,687 INFO it_colbert.benchmark.retrievers: maxsim 4160/7609 queries
2026-08-11 09:34:12,468 INFO it_colbert.benchmark.retrievers: maxsim 4180/7609 queries
2026-08-11 09:34:13,240 INFO it_colbert.benchmark.retrievers: maxsim 4200/7609 queries
2026-08-11 09:34:14,010 INFO it_colbert.benchmark.retrievers: maxsim 4220/7609 queries
2026-08-11 09:34:14,752 INFO it_colbert.benchmark.retrievers: maxsim 4240/7609 queries
2026-08-11 09:34:15,472 INFO it_colbert.benchmark.retrievers: maxsim 4260/7609 queries
2026-08-11 09:34:16,186 INFO it_colbert.benchmark.retrievers: maxsim 4280/7609 queries
2026-08-11 09:34:16,894 INFO it_colbert.benchmark.retrievers: maxsim 4300/7609 queries
2026-08-11 09:34:17,607 INFO it_colbert.benchmark.retrievers: maxsim 4320/7609 queries
2026-08-11 09:34:18,315 INFO it_colbert.benchmark.retrievers: maxsim 4340/7609 queries
2026-08-11 09:34:19,026 INFO it_colbert.benchmark.retrievers: maxsim 4360/7609 queries
2026-08-11 09:34:19,736 INFO it_colbert.benchmark.retrievers: maxsim 4380/7609 queries
2026-08-11 09:34:20,446 INFO it_colbert.benchmark.retrievers: maxsim 4400/7609 queries
2026-08-11 09:34:21,158 INFO it_colbert.benchmark.retrievers: maxsim 4420/7609 queries
2026-08-11 09:34:21,867 INFO it_colbert.benchmark.retrievers: maxsim 4440/7609 queries
2026-08-11 09:34:22,577 INFO it_colbert.benchmark.retrievers: maxsim 4460/7609 queries
2026-08-11 09:34:23,294 INFO it_colbert.benchmark.retrievers: maxsim 4480/7609 queries
2026-08-11 09:34:24,006 INFO it_colbert.benchmark.retrievers: maxsim 4500/7609 queries
2026-08-11 09:34:24,725 INFO it_colbert.benchmark.retrievers: maxsim 4520/7609 queries
2026-08-11 09:34:25,446 INFO it_colbert.benchmark.retrievers: maxsim 4540/7609 queries
2026-08-11 09:34:26,172 INFO it_colbert.benchmark.retrievers: maxsim 4560/7609 queries
2026-08-11 09:34:26,891 INFO it_colbert.benchmark.retrievers: maxsim 4580/7609 queries
2026-08-11 09:34:27,608 INFO it_colbert.benchmark.retrievers: maxsim 4600/7609 queries
2026-08-11 09:34:28,327 INFO it_colbert.benchmark.retrievers: maxsim 4620/7609 queries
2026-08-11 09:34:29,049 INFO it_colbert.benchmark.retrievers: maxsim 4640/7609 queries
2026-08-11 09:34:29,773 INFO it_colbert.benchmark.retrievers: maxsim 4660/7609 queries
2026-08-11 09:34:30,497 INFO it_colbert.benchmark.retrievers: maxsim 4680/7609 queries
2026-08-11 09:34:31,224 INFO it_colbert.benchmark.retrievers: maxsim 4700/7609 queries
2026-08-11 09:34:31,948 INFO it_colbert.benchmark.retrievers: maxsim 4720/7609 queries
2026-08-11 09:34:32,675 INFO it_colbert.benchmark.retrievers: maxsim 4740/7609 queries
2026-08-11 09:34:33,403 INFO it_colbert.benchmark.retrievers: maxsim 4760/7609 queries
2026-08-11 09:34:34,132 INFO it_colbert.benchmark.retrievers: maxsim 4780/7609 queries
2026-08-11 09:34:34,873 INFO it_colbert.benchmark.retrievers: maxsim 4800/7609 queries
2026-08-11 09:34:35,600 INFO it_colbert.benchmark.retrievers: maxsim 4820/7609 queries
2026-08-11 09:34:36,332 INFO it_colbert.benchmark.retrievers: maxsim 4840/7609 queries
2026-08-11 09:34:37,056 INFO it_colbert.benchmark.retrievers: maxsim 4860/7609 queries
2026-08-11 09:34:37,796 INFO it_colbert.benchmark.retrievers: maxsim 4880/7609 queries
2026-08-11 09:34:38,525 INFO it_colbert.benchmark.retrievers: maxsim 4900/7609 queries
2026-08-11 09:34:39,245 INFO it_colbert.benchmark.retrievers: maxsim 4920/7609 queries
2026-08-11 09:34:39,976 INFO it_colbert.benchmark.retrievers: maxsim 4940/7609 queries
2026-08-11 09:34:40,708 INFO it_colbert.benchmark.retrievers: maxsim 4960/7609 queries
2026-08-11 09:34:41,442 INFO it_colbert.benchmark.retrievers: maxsim 4980/7609 queries
2026-08-11 09:34:42,177 INFO it_colbert.benchmark.retrievers: maxsim 5000/7609 queries
2026-08-11 09:34:42,898 INFO it_colbert.benchmark.retrievers: maxsim 5020/7609 queries
2026-08-11 09:34:43,624 INFO it_colbert.benchmark.retrievers: maxsim 5040/7609 queries
2026-08-11 09:34:44,351 INFO it_colbert.benchmark.retrievers: maxsim 5060/7609 queries
2026-08-11 09:34:45,078 INFO it_colbert.benchmark.retrievers: maxsim 5080/7609 queries
2026-08-11 09:34:45,805 INFO it_colbert.benchmark.retrievers: maxsim 5100/7609 queries
2026-08-11 09:34:46,536 INFO it_colbert.benchmark.retrievers: maxsim 5120/7609 queries
2026-08-11 09:34:47,269 INFO it_colbert.benchmark.retrievers: maxsim 5140/7609 queries
2026-08-11 09:34:47,997 INFO it_colbert.benchmark.retrievers: maxsim 5160/7609 queries
2026-08-11 09:34:48,726 INFO it_colbert.benchmark.retrievers: maxsim 5180/7609 queries
2026-08-11 09:34:49,462 INFO it_colbert.benchmark.retrievers: maxsim 5200/7609 queries
2026-08-11 09:34:50,191 INFO it_colbert.benchmark.retrievers: maxsim 5220/7609 queries
2026-08-11 09:34:50,920 INFO it_colbert.benchmark.retrievers: maxsim 5240/7609 queries
2026-08-11 09:34:51,655 INFO it_colbert.benchmark.retrievers: maxsim 5260/7609 queries
2026-08-11 09:34:52,385 INFO it_colbert.benchmark.retrievers: maxsim 5280/7609 queries
2026-08-11 09:34:53,121 INFO it_colbert.benchmark.retrievers: maxsim 5300/7609 queries
2026-08-11 09:34:53,853 INFO it_colbert.benchmark.retrievers: maxsim 5320/7609 queries
2026-08-11 09:34:54,586 INFO it_colbert.benchmark.retrievers: maxsim 5340/7609 queries
2026-08-11 09:34:55,313 INFO it_colbert.benchmark.retrievers: maxsim 5360/7609 queries
2026-08-11 09:34:56,048 INFO it_colbert.benchmark.retrievers: maxsim 5380/7609 queries
2026-08-11 09:34:56,813 INFO it_colbert.benchmark.retrievers: maxsim 5400/7609 queries
2026-08-11 09:34:57,587 INFO it_colbert.benchmark.retrievers: maxsim 5420/7609 queries
2026-08-11 09:34:58,348 INFO it_colbert.benchmark.retrievers: maxsim 5440/7609 queries
2026-08-11 09:34:59,106 INFO it_colbert.benchmark.retrievers: maxsim 5460/7609 queries
2026-08-11 09:34:59,863 INFO it_colbert.benchmark.retrievers: maxsim 5480/7609 queries
2026-08-11 09:35:00,626 INFO it_colbert.benchmark.retrievers: maxsim 5500/7609 queries
2026-08-11 09:35:01,406 INFO it_colbert.benchmark.retrievers: maxsim 5520/7609 queries
2026-08-11 09:35:02,172 INFO it_colbert.benchmark.retrievers: maxsim 5540/7609 queries
2026-08-11 09:35:02,954 INFO it_colbert.benchmark.retrievers: maxsim 5560/7609 queries
2026-08-11 09:35:03,732 INFO it_colbert.benchmark.retrievers: maxsim 5580/7609 queries
2026-08-11 09:35:04,492 INFO it_colbert.benchmark.retrievers: maxsim 5600/7609 queries
2026-08-11 09:35:05,220 INFO it_colbert.benchmark.retrievers: maxsim 5620/7609 queries
2026-08-11 09:35:05,945 INFO it_colbert.benchmark.retrievers: maxsim 5640/7609 queries
2026-08-11 09:35:06,668 INFO it_colbert.benchmark.retrievers: maxsim 5660/7609 queries
2026-08-11 09:35:07,390 INFO it_colbert.benchmark.retrievers: maxsim 5680/7609 queries
2026-08-11 09:35:08,100 INFO it_colbert.benchmark.retrievers: maxsim 5700/7609 queries
2026-08-11 09:35:08,815 INFO it_colbert.benchmark.retrievers: maxsim 5720/7609 queries
2026-08-11 09:35:09,531 INFO it_colbert.benchmark.retrievers: maxsim 5740/7609 queries
2026-08-11 09:35:10,242 INFO it_colbert.benchmark.retrievers: maxsim 5760/7609 queries
2026-08-11 09:35:10,954 INFO it_colbert.benchmark.retrievers: maxsim 5780/7609 queries
2026-08-11 09:35:11,662 INFO it_colbert.benchmark.retrievers: maxsim 5800/7609 queries
2026-08-11 09:35:12,374 INFO it_colbert.benchmark.retrievers: maxsim 5820/7609 queries
2026-08-11 09:35:13,087 INFO it_colbert.benchmark.retrievers: maxsim 5840/7609 queries
2026-08-11 09:35:13,798 INFO it_colbert.benchmark.retrievers: maxsim 5860/7609 queries
2026-08-11 09:35:14,516 INFO it_colbert.benchmark.retrievers: maxsim 5880/7609 queries
2026-08-11 09:35:15,226 INFO it_colbert.benchmark.retrievers: maxsim 5900/7609 queries
2026-08-11 09:35:15,937 INFO it_colbert.benchmark.retrievers: maxsim 5920/7609 queries
2026-08-11 09:35:16,650 INFO it_colbert.benchmark.retrievers: maxsim 5940/7609 queries
2026-08-11 09:35:17,379 INFO it_colbert.benchmark.retrievers: maxsim 5960/7609 queries
2026-08-11 09:35:18,102 INFO it_colbert.benchmark.retrievers: maxsim 5980/7609 queries
2026-08-11 09:35:18,828 INFO it_colbert.benchmark.retrievers: maxsim 6000/7609 queries
2026-08-11 09:35:19,552 INFO it_colbert.benchmark.retrievers: maxsim 6020/7609 queries
2026-08-11 09:35:20,278 INFO it_colbert.benchmark.retrievers: maxsim 6040/7609 queries
2026-08-11 09:35:21,002 INFO it_colbert.benchmark.retrievers: maxsim 6060/7609 queries
2026-08-11 09:35:21,721 INFO it_colbert.benchmark.retrievers: maxsim 6080/7609 queries
2026-08-11 09:35:22,443 INFO it_colbert.benchmark.retrievers: maxsim 6100/7609 queries
2026-08-11 09:35:23,173 INFO it_colbert.benchmark.retrievers: maxsim 6120/7609 queries
2026-08-11 09:35:23,900 INFO it_colbert.benchmark.retrievers: maxsim 6140/7609 queries
2026-08-11 09:35:24,627 INFO it_colbert.benchmark.retrievers: maxsim 6160/7609 queries
2026-08-11 09:35:25,351 INFO it_colbert.benchmark.retrievers: maxsim 6180/7609 queries
2026-08-11 09:35:26,075 INFO it_colbert.benchmark.retrievers: maxsim 6200/7609 queries
2026-08-11 09:35:26,801 INFO it_colbert.benchmark.retrievers: maxsim 6220/7609 queries
2026-08-11 09:35:27,525 INFO it_colbert.benchmark.retrievers: maxsim 6240/7609 queries
2026-08-11 09:35:28,248 INFO it_colbert.benchmark.retrievers: maxsim 6260/7609 queries
2026-08-11 09:35:28,971 INFO it_colbert.benchmark.retrievers: maxsim 6280/7609 queries
2026-08-11 09:35:29,693 INFO it_colbert.benchmark.retrievers: maxsim 6300/7609 queries
2026-08-11 09:35:30,418 INFO it_colbert.benchmark.retrievers: maxsim 6320/7609 queries
2026-08-11 09:35:31,146 INFO it_colbert.benchmark.retrievers: maxsim 6340/7609 queries
2026-08-11 09:35:31,863 INFO it_colbert.benchmark.retrievers: maxsim 6360/7609 queries
2026-08-11 09:35:32,585 INFO it_colbert.benchmark.retrievers: maxsim 6380/7609 queries
2026-08-11 09:35:33,320 INFO it_colbert.benchmark.retrievers: maxsim 6400/7609 queries
2026-08-11 09:35:34,089 INFO it_colbert.benchmark.retrievers: maxsim 6420/7609 queries
2026-08-11 09:35:34,844 INFO it_colbert.benchmark.retrievers: maxsim 6440/7609 queries
2026-08-11 09:35:35,610 INFO it_colbert.benchmark.retrievers: maxsim 6460/7609 queries
2026-08-11 09:35:36,344 INFO it_colbert.benchmark.retrievers: maxsim 6480/7609 queries
2026-08-11 09:35:37,094 INFO it_colbert.benchmark.retrievers: maxsim 6500/7609 queries
2026-08-11 09:35:37,923 INFO it_colbert.benchmark.retrievers: maxsim 6520/7609 queries
2026-08-11 09:35:38,829 INFO it_colbert.benchmark.retrievers: maxsim 6540/7609 queries
2026-08-11 09:35:39,734 INFO it_colbert.benchmark.retrievers: maxsim 6560/7609 queries
2026-08-11 09:35:40,653 INFO it_colbert.benchmark.retrievers: maxsim 6580/7609 queries
2026-08-11 09:35:41,490 INFO it_colbert.benchmark.retrievers: maxsim 6600/7609 queries
2026-08-11 09:35:42,314 INFO it_colbert.benchmark.retrievers: maxsim 6620/7609 queries
2026-08-11 09:35:43,174 INFO it_colbert.benchmark.retrievers: maxsim 6640/7609 queries
2026-08-11 09:35:44,071 INFO it_colbert.benchmark.retrievers: maxsim 6660/7609 queries
2026-08-11 09:35:44,964 INFO it_colbert.benchmark.retrievers: maxsim 6680/7609 queries
2026-08-11 09:35:45,861 INFO it_colbert.benchmark.retrievers: maxsim 6700/7609 queries
2026-08-11 09:35:46,751 INFO it_colbert.benchmark.retrievers: maxsim 6720/7609 queries
2026-08-11 09:35:47,615 INFO it_colbert.benchmark.retrievers: maxsim 6740/7609 queries
2026-08-11 09:35:48,488 INFO it_colbert.benchmark.retrievers: maxsim 6760/7609 queries
2026-08-11 09:35:49,364 INFO it_colbert.benchmark.retrievers: maxsim 6780/7609 queries
2026-08-11 09:35:50,247 INFO it_colbert.benchmark.retrievers: maxsim 6800/7609 queries
2026-08-11 09:35:51,109 INFO it_colbert.benchmark.retrievers: maxsim 6820/7609 queries
2026-08-11 09:35:51,969 INFO it_colbert.benchmark.retrievers: maxsim 6840/7609 queries
2026-08-11 09:35:52,819 INFO it_colbert.benchmark.retrievers: maxsim 6860/7609 queries
2026-08-11 09:35:53,678 INFO it_colbert.benchmark.retrievers: maxsim 6880/7609 queries
2026-08-11 09:35:54,537 INFO it_colbert.benchmark.retrievers: maxsim 6900/7609 queries
2026-08-11 09:35:55,387 INFO it_colbert.benchmark.retrievers: maxsim 6920/7609 queries
2026-08-11 09:35:56,273 INFO it_colbert.benchmark.retrievers: maxsim 6940/7609 queries
2026-08-11 09:35:57,176 INFO it_colbert.benchmark.retrievers: maxsim 6960/7609 queries
2026-08-11 09:35:58,076 INFO it_colbert.benchmark.retrievers: maxsim 6980/7609 queries
2026-08-11 09:35:58,968 INFO it_colbert.benchmark.retrievers: maxsim 7000/7609 queries
2026-08-11 09:35:59,870 INFO it_colbert.benchmark.retrievers: maxsim 7020/7609 queries
2026-08-11 09:36:00,759 INFO it_colbert.benchmark.retrievers: maxsim 7040/7609 queries
2026-08-11 09:36:01,658 INFO it_colbert.benchmark.retrievers: maxsim 7060/7609 queries
2026-08-11 09:36:02,515 INFO it_colbert.benchmark.retrievers: maxsim 7080/7609 queries
2026-08-11 09:36:03,380 INFO it_colbert.benchmark.retrievers: maxsim 7100/7609 queries
2026-08-11 09:36:04,236 INFO it_colbert.benchmark.retrievers: maxsim 7120/7609 queries
2026-08-11 09:36:05,086 INFO it_colbert.benchmark.retrievers: maxsim 7140/7609 queries
2026-08-11 09:36:05,946 INFO it_colbert.benchmark.retrievers: maxsim 7160/7609 queries
2026-08-11 09:36:06,804 INFO it_colbert.benchmark.retrievers: maxsim 7180/7609 queries
2026-08-11 09:36:07,615 INFO it_colbert.benchmark.retrievers: maxsim 7200/7609 queries
2026-08-11 09:36:08,370 INFO it_colbert.benchmark.retrievers: maxsim 7220/7609 queries
2026-08-11 09:36:09,121 INFO it_colbert.benchmark.retrievers: maxsim 7240/7609 queries
2026-08-11 09:36:09,872 INFO it_colbert.benchmark.retrievers: maxsim 7260/7609 queries
2026-08-11 09:36:10,615 INFO it_colbert.benchmark.retrievers: maxsim 7280/7609 queries
2026-08-11 09:36:11,358 INFO it_colbert.benchmark.retrievers: maxsim 7300/7609 queries
2026-08-11 09:36:12,114 INFO it_colbert.benchmark.retrievers: maxsim 7320/7609 queries
2026-08-11 09:36:12,861 INFO it_colbert.benchmark.retrievers: maxsim 7340/7609 queries
2026-08-11 09:36:13,651 INFO it_colbert.benchmark.retrievers: maxsim 7360/7609 queries
2026-08-11 09:36:14,430 INFO it_colbert.benchmark.retrievers: maxsim 7380/7609 queries
2026-08-11 09:36:15,215 INFO it_colbert.benchmark.retrievers: maxsim 7400/7609 queries
2026-08-11 09:36:16,004 INFO it_colbert.benchmark.retrievers: maxsim 7420/7609 queries
2026-08-11 09:36:16,778 INFO it_colbert.benchmark.retrievers: maxsim 7440/7609 queries
2026-08-11 09:36:17,556 INFO it_colbert.benchmark.retrievers: maxsim 7460/7609 queries
2026-08-11 09:36:18,316 INFO it_colbert.benchmark.retrievers: maxsim 7480/7609 queries
2026-08-11 09:36:19,066 INFO it_colbert.benchmark.retrievers: maxsim 7500/7609 queries
2026-08-11 09:36:19,808 INFO it_colbert.benchmark.retrievers: maxsim 7520/7609 queries
2026-08-11 09:36:20,552 INFO it_colbert.benchmark.retrievers: maxsim 7540/7609 queries
2026-08-11 09:36:21,299 INFO it_colbert.benchmark.retrievers: maxsim 7560/7609 queries
2026-08-11 09:36:22,046 INFO it_colbert.benchmark.retrievers: maxsim 7580/7609 queries
2026-08-11 09:36:22,783 INFO it_colbert.benchmark.retrievers: maxsim 7600/7609 queries
2026-08-11 09:36:24,797 INFO it_colbert.benchmark.run: --- squad-ita / mLateOn ---
2026-08-11 09:36:24,797 INFO it_colbert.benchmark.retrievers: loading colbert model lightonai/mLateOn
2026-08-11 09:36:24,798 INFO sentence_transformers.SentenceTransformer: Use pytorch device_name: cuda:0
2026-08-11 09:36:24,798 INFO sentence_transformers.SentenceTransformer: Load pretrained ColBERT: lightonai/mLateOn
2026-08-11 09:36:25,700 INFO httpx: HTTP Request: HEAD https://huggingface.co/lightonai/mLateOn/resolve/main/modules.json "HTTP/1.1 307 Temporary Redirect"
2026-08-11 09:36:25,867 INFO httpx: HTTP Request: HEAD https://huggingface.co/api/resolve-cache/models/lightonai/mLateOn/35391e36392085d72a93d232f6122607a234ad7a/modules.json "HTTP/1.1 200 OK"
2026-08-11 09:36:26,218 INFO httpx: HTTP Request: HEAD https://huggingface.co/lightonai/mLateOn/resolve/main/config_sentence_transformers.json "HTTP/1.1 307 Temporary Redirect"
2026-08-11 09:36:26,353 INFO httpx: HTTP Request: HEAD https://huggingface.co/api/resolve-cache/models/lightonai/mLateOn/35391e36392085d72a93d232f6122607a234ad7a/config_sentence_transformers.json "HTTP/1.1 200 OK"
2026-08-11 09:36:26,644 INFO httpx: HTTP Request: HEAD https://huggingface.co/lightonai/mLateOn/resolve/main/config_sentence_transformers.json "HTTP/1.1 307 Temporary Redirect"
2026-08-11 09:36:26,750 INFO httpx: HTTP Request: HEAD https://huggingface.co/api/resolve-cache/models/lightonai/mLateOn/35391e36392085d72a93d232f6122607a234ad7a/config_sentence_transformers.json "HTTP/1.1 200 OK"
2026-08-11 09:36:27,062 INFO httpx: HTTP Request: HEAD https://huggingface.co/lightonai/mLateOn/resolve/main/README.md "HTTP/1.1 307 Temporary Redirect"
2026-08-11 09:36:27,217 INFO httpx: HTTP Request: HEAD https://huggingface.co/api/resolve-cache/models/lightonai/mLateOn/35391e36392085d72a93d232f6122607a234ad7a/README.md "HTTP/1.1 200 OK"
2026-08-11 09:36:27,598 INFO httpx: HTTP Request: HEAD https://huggingface.co/lightonai/mLateOn/resolve/main/modules.json "HTTP/1.1 307 Temporary Redirect"
2026-08-11 09:36:27,753 INFO httpx: HTTP Request: HEAD https://huggingface.co/api/resolve-cache/models/lightonai/mLateOn/35391e36392085d72a93d232f6122607a234ad7a/modules.json "HTTP/1.1 200 OK"
2026-08-11 09:36:28,055 INFO httpx: HTTP Request: HEAD https://huggingface.co/lightonai/mLateOn/resolve/main/sentence_bert_config.json "HTTP/1.1 307 Temporary Redirect"
2026-08-11 09:36:28,180 INFO httpx: HTTP Request: HEAD https://huggingface.co/api/resolve-cache/models/lightonai/mLateOn/35391e36392085d72a93d232f6122607a234ad7a/sentence_bert_config.json "HTTP/1.1 200 OK"
2026-08-11 09:36:28,476 INFO httpx: HTTP Request: HEAD https://huggingface.co/lightonai/mLateOn/resolve/main/adapter_config.json "HTTP/1.1 404 Not Found"
2026-08-11 09:36:28,846 INFO httpx: HTTP Request: HEAD https://huggingface.co/lightonai/mLateOn/resolve/main/config.json "HTTP/1.1 307 Temporary Redirect"
2026-08-11 09:36:29,031 INFO httpx: HTTP Request: HEAD https://huggingface.co/api/resolve-cache/models/lightonai/mLateOn/35391e36392085d72a93d232f6122607a234ad7a/config.json "HTTP/1.1 200 OK"
Loading weights:   0%|          | 0/134 [00:00<?, ?it/s]Loading weights: 100%|██████████| 134/134 [00:00<00:00, 2351.86it/s]
2026-08-11 09:36:29,435 INFO httpx: HTTP Request: HEAD https://huggingface.co/lightonai/mLateOn/resolve/main/config.json "HTTP/1.1 307 Temporary Redirect"
2026-08-11 09:36:29,572 INFO httpx: HTTP Request: HEAD https://huggingface.co/api/resolve-cache/models/lightonai/mLateOn/35391e36392085d72a93d232f6122607a234ad7a/config.json "HTTP/1.1 200 OK"
2026-08-11 09:36:29,869 INFO httpx: HTTP Request: HEAD https://huggingface.co/lightonai/mLateOn/resolve/main/tokenizer_config.json "HTTP/1.1 307 Temporary Redirect"
2026-08-11 09:36:30,038 INFO httpx: HTTP Request: HEAD https://huggingface.co/api/resolve-cache/models/lightonai/mLateOn/35391e36392085d72a93d232f6122607a234ad7a/tokenizer_config.json "HTTP/1.1 200 OK"
2026-08-11 09:36:30,315 INFO httpx: HTTP Request: GET https://huggingface.co/api/models/lightonai/mLateOn/tree/main/additional_chat_templates?recursive=false&expand=false "HTTP/1.1 404 Not Found"
2026-08-11 09:36:30,627 INFO httpx: HTTP Request: GET https://huggingface.co/api/models/lightonai/mLateOn/tree/main?recursive=true&expand=false "HTTP/1.1 200 OK"
2026-08-11 09:36:33,204 INFO httpx: HTTP Request: GET https://huggingface.co/api/models/lightonai/mLateOn "HTTP/1.1 200 OK"
2026-08-11 09:36:33,593 INFO httpx: HTTP Request: GET https://huggingface.co/api/models/lightonai/mLateOn/revision/main "HTTP/1.1 200 OK"
2026-08-11 09:36:33,968 INFO httpx: HTTP Request: GET https://huggingface.co/api/models/lightonai/mLateOn/revision/main "HTTP/1.1 200 OK"
2026-08-11 09:36:34,214 INFO httpx: HTTP Request: GET https://huggingface.co/api/models/lightonai/mLateOn/revision/main "HTTP/1.1 200 OK"
2026-08-11 09:36:34,467 INFO httpx: HTTP Request: GET https://huggingface.co/api/models/lightonai/mLateOn "HTTP/1.1 200 OK"
2026-08-11 09:36:34,776 INFO httpx: HTTP Request: HEAD https://huggingface.co/lightonai/mLateOn/resolve/main/config_sentence_transformers.json "HTTP/1.1 307 Temporary Redirect"
2026-08-11 09:36:34,925 INFO httpx: HTTP Request: HEAD https://huggingface.co/api/resolve-cache/models/lightonai/mLateOn/35391e36392085d72a93d232f6122607a234ad7a/config_sentence_transformers.json "HTTP/1.1 200 OK"
2026-08-11 09:36:36,064 INFO it_colbert.benchmark.retrievers: encoding 1988 documents with colbert (bruteforce=True)
Encoding documents (bs=32):   0%|          | 0/63 [00:00<?, ?it/s]Encoding documents (bs=32):   2%|▏         | 1/63 [00:00<00:40,  1.54it/s]Encoding documents (bs=32):   3%|▎         | 2/63 [00:00<00:28,  2.16it/s]Encoding documents (bs=32):   5%|▍         | 3/63 [00:01<00:22,  2.66it/s]Encoding documents (bs=32):   6%|▋         | 4/63 [00:01<00:19,  3.00it/s]Encoding documents (bs=32):   8%|▊         | 5/63 [00:01<00:17,  3.37it/s]Encoding documents (bs=32):  10%|▉         | 6/63 [00:01<00:15,  3.64it/s]Encoding documents (bs=32):  11%|█         | 7/63 [00:02<00:14,  3.86it/s]Encoding documents (bs=32):  13%|█▎        | 8/63 [00:02<00:13,  4.16it/s]Encoding documents (bs=32):  14%|█▍        | 9/63 [00:02<00:12,  4.20it/s]Encoding documents (bs=32):  16%|█▌        | 10/63 [00:02<00:11,  4.44it/s]Encoding documents (bs=32):  17%|█▋        | 11/63 [00:03<00:11,  4.45it/s]Encoding documents (bs=32):  19%|█▉        | 12/63 [00:03<00:10,  4.70it/s]Encoding documents (bs=32):  21%|██        | 13/63 [00:03<00:11,  4.53it/s]Encoding documents (bs=32):  22%|██▏       | 14/63 [00:03<00:10,  4.70it/s]Encoding documents (bs=32):  24%|██▍       | 15/63 [00:03<00:09,  4.89it/s]Encoding documents (bs=32):  25%|██▌       | 16/63 [00:04<00:10,  4.67it/s]Encoding documents (bs=32):  27%|██▋       | 17/63 [00:04<00:09,  5.08it/s]Encoding documents (bs=32):  29%|██▊       | 18/63 [00:04<00:08,  5.39it/s]Encoding documents (bs=32):  30%|███       | 19/63 [00:04<00:08,  5.42it/s]Encoding documents (bs=32):  32%|███▏      | 20/63 [00:04<00:07,  5.55it/s]Encoding documents (bs=32):  33%|███▎      | 21/63 [00:04<00:07,  5.75it/s]Encoding documents (bs=32):  35%|███▍      | 22/63 [00:05<00:06,  5.89it/s]Encoding documents (bs=32):  37%|███▋      | 23/63 [00:05<00:06,  5.99it/s]Encoding documents (bs=32):  38%|███▊      | 24/63 [00:05<00:06,  6.15it/s]Encoding documents (bs=32):  40%|███▉      | 25/63 [00:05<00:06,  6.00it/s]Encoding documents (bs=32):  41%|████▏     | 26/63 [00:05<00:06,  6.11it/s]Encoding documents (bs=32):  43%|████▎     | 27/63 [00:05<00:05,  6.24it/s]Encoding documents (bs=32):  44%|████▍     | 28/63 [00:06<00:05,  6.28it/s]Encoding documents (bs=32):  46%|████▌     | 29/63 [00:06<00:05,  6.45it/s]Encoding documents (bs=32):  48%|████▊     | 30/63 [00:06<00:05,  6.20it/s]Encoding documents (bs=32):  49%|████▉     | 31/63 [00:06<00:05,  5.97it/s]Encoding documents (bs=32):  51%|█████     | 32/63 [00:06<00:05,  6.17it/s]Encoding documents (bs=32):  52%|█████▏    | 33/63 [00:06<00:04,  6.27it/s]Encoding documents (bs=32):  54%|█████▍    | 34/63 [00:07<00:04,  5.92it/s]Encoding documents (bs=32):  56%|█████▌    | 35/63 [00:07<00:04,  6.24it/s]Encoding documents (bs=32):  57%|█████▋    | 36/63 [00:07<00:04,  6.40it/s]Encoding documents (bs=32):  59%|█████▊    | 37/63 [00:07<00:03,  6.66it/s]Encoding documents (bs=32):  60%|██████    | 38/63 [00:07<00:03,  6.83it/s]Encoding documents (bs=32):  62%|██████▏   | 39/63 [00:07<00:03,  6.88it/s]Encoding documents (bs=32):  63%|██████▎   | 40/63 [00:07<00:03,  6.57it/s]Encoding documents (bs=32):  65%|██████▌   | 41/63 [00:08<00:03,  6.81it/s]Encoding documents (bs=32):  67%|██████▋   | 42/63 [00:08<00:03,  6.92it/s]Encoding documents (bs=32):  68%|██████▊   | 43/63 [00:08<00:02,  7.12it/s]Encoding documents (bs=32):  70%|██████▉   | 44/63 [00:08<00:02,  7.18it/s]Encoding documents (bs=32):  71%|███████▏  | 45/63 [00:08<00:02,  7.22it/s]Encoding documents (bs=32):  73%|███████▎  | 46/63 [00:08<00:02,  7.30it/s]Encoding documents (bs=32):  75%|███████▍  | 47/63 [00:08<00:02,  7.13it/s]Encoding documents (bs=32):  76%|███████▌  | 48/63 [00:08<00:02,  7.50it/s]Encoding documents (bs=32):  78%|███████▊  | 49/63 [00:09<00:01,  7.89it/s]Encoding documents (bs=32):  79%|███████▉  | 50/63 [00:09<00:01,  8.22it/s]Encoding documents (bs=32):  81%|████████  | 51/63 [00:09<00:01,  8.28it/s]Encoding documents (bs=32):  83%|████████▎ | 52/63 [00:09<00:01,  7.78it/s]Encoding documents (bs=32):  84%|████████▍ | 53/63 [00:09<00:01,  7.67it/s]Encoding documents (bs=32):  86%|████████▌ | 54/63 [00:09<00:01,  8.18it/s]Encoding documents (bs=32):  87%|████████▋ | 55/63 [00:09<00:00,  8.27it/s]Encoding documents (bs=32):  89%|████████▉ | 56/63 [00:09<00:00,  8.62it/s]Encoding documents (bs=32):  92%|█████████▏| 58/63 [00:10<00:00,  9.43it/s]Encoding documents (bs=32):  95%|█████████▌| 60/63 [00:10<00:00, 10.57it/s]Encoding documents (bs=32):  98%|█████████▊| 62/63 [00:10<00:00, 11.93it/s]Encoding documents (bs=32): 100%|██████████| 63/63 [00:10<00:00,  6.03it/s]
Encoding queries (bs=32):   0%|          | 0/238 [00:00<?, ?it/s]Encoding queries (bs=32):   2%|▏         | 4/238 [00:00<00:06, 34.53it/s]Encoding queries (bs=32):   3%|▎         | 8/238 [00:00<00:06, 34.34it/s]Encoding queries (bs=32):   5%|▌         | 12/238 [00:00<00:06, 34.62it/s]Encoding queries (bs=32):   7%|▋         | 16/238 [00:00<00:06, 34.72it/s]Encoding queries (bs=32):   8%|▊         | 20/238 [00:00<00:06, 34.72it/s]Encoding queries (bs=32):  10%|█         | 24/238 [00:00<00:06, 34.88it/s]Encoding queries (bs=32):  12%|█▏        | 28/238 [00:00<00:06, 34.95it/s]Encoding queries (bs=32):  13%|█▎        | 32/238 [00:00<00:05, 35.31it/s]Encoding queries (bs=32):  15%|█▌        | 36/238 [00:01<00:05, 35.47it/s]Encoding queries (bs=32):  17%|█▋        | 40/238 [00:01<00:05, 35.54it/s]Encoding queries (bs=32):  18%|█▊        | 44/238 [00:01<00:05, 35.72it/s]Encoding queries (bs=32):  20%|██        | 48/238 [00:01<00:05, 36.02it/s]Encoding queries (bs=32):  22%|██▏       | 52/238 [00:01<00:05, 36.06it/s]Encoding queries (bs=32):  24%|██▎       | 56/238 [00:01<00:05, 36.35it/s]Encoding queries (bs=32):  25%|██▌       | 60/238 [00:01<00:04, 37.19it/s]Encoding queries (bs=32):  27%|██▋       | 64/238 [00:01<00:04, 37.96it/s]Encoding queries (bs=32):  29%|██▊       | 68/238 [00:01<00:04, 38.00it/s]Encoding queries (bs=32):  30%|███       | 72/238 [00:01<00:04, 38.50it/s]Encoding queries (bs=32):  32%|███▏      | 76/238 [00:02<00:04, 38.55it/s]Encoding queries (bs=32):  34%|███▎      | 80/238 [00:02<00:04, 38.64it/s]Encoding queries (bs=32):  35%|███▌      | 84/238 [00:02<00:03, 39.02it/s]Encoding queries (bs=32):  37%|███▋      | 88/238 [00:02<00:03, 39.22it/s]Encoding queries (bs=32):  39%|███▉      | 93/238 [00:02<00:03, 39.88it/s]Encoding queries (bs=32):  41%|████      | 98/238 [00:02<00:03, 40.55it/s]Encoding queries (bs=32):  43%|████▎     | 103/238 [00:02<00:03, 41.32it/s]Encoding queries (bs=32):  45%|████▌     | 108/238 [00:02<00:03, 41.23it/s]Encoding queries (bs=32):  47%|████▋     | 113/238 [00:02<00:03, 40.98it/s]Encoding queries (bs=32):  50%|████▉     | 118/238 [00:03<00:02, 41.66it/s]Encoding queries (bs=32):  52%|█████▏    | 123/238 [00:03<00:02, 41.80it/s]Encoding queries (bs=32):  54%|█████▍    | 128/238 [00:03<00:02, 41.65it/s]Encoding queries (bs=32):  56%|█████▌    | 133/238 [00:03<00:02, 42.05it/s]Encoding queries (bs=32):  58%|█████▊    | 138/238 [00:03<00:02, 42.15it/s]Encoding queries (bs=32):  60%|██████    | 143/238 [00:03<00:02, 42.31it/s]Encoding queries (bs=32):  62%|██████▏   | 148/238 [00:03<00:02, 42.45it/s]Encoding queries (bs=32):  64%|██████▍   | 153/238 [00:03<00:02, 42.39it/s]Encoding queries (bs=32):  66%|██████▋   | 158/238 [00:04<00:01, 42.64it/s]Encoding queries (bs=32):  68%|██████▊   | 163/238 [00:04<00:01, 42.92it/s]Encoding queries (bs=32):  71%|███████   | 168/238 [00:04<00:01, 43.30it/s]Encoding queries (bs=32):  73%|███████▎  | 173/238 [00:04<00:01, 43.41it/s]Encoding queries (bs=32):  75%|███████▍  | 178/238 [00:04<00:01, 43.86it/s]Encoding queries (bs=32):  77%|███████▋  | 183/238 [00:04<00:01, 43.93it/s]Encoding queries (bs=32):  79%|███████▉  | 188/238 [00:04<00:01, 44.13it/s]Encoding queries (bs=32):  81%|████████  | 193/238 [00:04<00:01, 44.30it/s]Encoding queries (bs=32):  83%|████████▎ | 198/238 [00:04<00:00, 44.57it/s]Encoding queries (bs=32):  85%|████████▌ | 203/238 [00:05<00:00, 44.61it/s]Encoding queries (bs=32):  87%|████████▋ | 208/238 [00:05<00:00, 45.07it/s]Encoding queries (bs=32):  89%|████████▉ | 213/238 [00:05<00:00, 45.53it/s]Encoding queries (bs=32):  92%|█████████▏| 218/238 [00:05<00:00, 45.87it/s]Encoding queries (bs=32):  94%|█████████▎| 223/238 [00:05<00:00, 46.62it/s]Encoding queries (bs=32):  96%|█████████▌| 228/238 [00:05<00:00, 46.85it/s]Encoding queries (bs=32):  98%|█████████▊| 233/238 [00:05<00:00, 47.37it/s]Encoding queries (bs=32): 100%|██████████| 238/238 [00:05<00:00, 41.05it/s]
2026-08-11 09:36:53,290 INFO it_colbert.benchmark.retrievers: maxsim 20/7609 queries
2026-08-11 09:36:54,172 INFO it_colbert.benchmark.retrievers: maxsim 40/7609 queries
2026-08-11 09:36:55,062 INFO it_colbert.benchmark.retrievers: maxsim 60/7609 queries
2026-08-11 09:36:55,949 INFO it_colbert.benchmark.retrievers: maxsim 80/7609 queries
2026-08-11 09:36:56,851 INFO it_colbert.benchmark.retrievers: maxsim 100/7609 queries
2026-08-11 09:36:57,771 INFO it_colbert.benchmark.retrievers: maxsim 120/7609 queries
2026-08-11 09:36:58,682 INFO it_colbert.benchmark.retrievers: maxsim 140/7609 queries
2026-08-11 09:36:59,584 INFO it_colbert.benchmark.retrievers: maxsim 160/7609 queries
2026-08-11 09:37:00,491 INFO it_colbert.benchmark.retrievers: maxsim 180/7609 queries
2026-08-11 09:37:01,397 INFO it_colbert.benchmark.retrievers: maxsim 200/7609 queries
2026-08-11 09:37:02,290 INFO it_colbert.benchmark.retrievers: maxsim 220/7609 queries
2026-08-11 09:37:03,176 INFO it_colbert.benchmark.retrievers: maxsim 240/7609 queries
2026-08-11 09:37:04,060 INFO it_colbert.benchmark.retrievers: maxsim 260/7609 queries
2026-08-11 09:37:04,929 INFO it_colbert.benchmark.retrievers: maxsim 280/7609 queries
2026-08-11 09:37:05,803 INFO it_colbert.benchmark.retrievers: maxsim 300/7609 queries
2026-08-11 09:37:06,662 INFO it_colbert.benchmark.retrievers: maxsim 320/7609 queries
2026-08-11 09:37:07,517 INFO it_colbert.benchmark.retrievers: maxsim 340/7609 queries
2026-08-11 09:37:08,274 INFO it_colbert.benchmark.retrievers: maxsim 360/7609 queries
2026-08-11 09:37:09,019 INFO it_colbert.benchmark.retrievers: maxsim 380/7609 queries
2026-08-11 09:37:09,761 INFO it_colbert.benchmark.retrievers: maxsim 400/7609 queries
2026-08-11 09:37:10,513 INFO it_colbert.benchmark.retrievers: maxsim 420/7609 queries
2026-08-11 09:37:11,257 INFO it_colbert.benchmark.retrievers: maxsim 440/7609 queries
2026-08-11 09:37:11,999 INFO it_colbert.benchmark.retrievers: maxsim 460/7609 queries
2026-08-11 09:37:12,739 INFO it_colbert.benchmark.retrievers: maxsim 480/7609 queries
2026-08-11 09:37:13,485 INFO it_colbert.benchmark.retrievers: maxsim 500/7609 queries
2026-08-11 09:37:14,225 INFO it_colbert.benchmark.retrievers: maxsim 520/7609 queries
2026-08-11 09:37:14,975 INFO it_colbert.benchmark.retrievers: maxsim 540/7609 queries
2026-08-11 09:37:15,724 INFO it_colbert.benchmark.retrievers: maxsim 560/7609 queries
2026-08-11 09:37:16,495 INFO it_colbert.benchmark.retrievers: maxsim 580/7609 queries
2026-08-11 09:37:17,279 INFO it_colbert.benchmark.retrievers: maxsim 600/7609 queries
2026-08-11 09:37:18,057 INFO it_colbert.benchmark.retrievers: maxsim 620/7609 queries
2026-08-11 09:37:18,828 INFO it_colbert.benchmark.retrievers: maxsim 640/7609 queries
2026-08-11 09:37:19,582 INFO it_colbert.benchmark.retrievers: maxsim 660/7609 queries
2026-08-11 09:37:20,348 INFO it_colbert.benchmark.retrievers: maxsim 680/7609 queries
2026-08-11 09:37:21,115 INFO it_colbert.benchmark.retrievers: maxsim 700/7609 queries
2026-08-11 09:37:21,907 INFO it_colbert.benchmark.retrievers: maxsim 720/7609 queries
2026-08-11 09:37:22,700 INFO it_colbert.benchmark.retrievers: maxsim 740/7609 queries
2026-08-11 09:37:23,494 INFO it_colbert.benchmark.retrievers: maxsim 760/7609 queries
2026-08-11 09:37:24,273 INFO it_colbert.benchmark.retrievers: maxsim 780/7609 queries
2026-08-11 09:37:25,030 INFO it_colbert.benchmark.retrievers: maxsim 800/7609 queries
2026-08-11 09:37:25,772 INFO it_colbert.benchmark.retrievers: maxsim 820/7609 queries
2026-08-11 09:37:26,521 INFO it_colbert.benchmark.retrievers: maxsim 840/7609 queries
2026-08-11 09:37:27,256 INFO it_colbert.benchmark.retrievers: maxsim 860/7609 queries
2026-08-11 09:37:27,998 INFO it_colbert.benchmark.retrievers: maxsim 880/7609 queries
2026-08-11 09:37:28,730 INFO it_colbert.benchmark.retrievers: maxsim 900/7609 queries
2026-08-11 09:37:29,468 INFO it_colbert.benchmark.retrievers: maxsim 920/7609 queries
2026-08-11 09:37:30,196 INFO it_colbert.benchmark.retrievers: maxsim 940/7609 queries
2026-08-11 09:37:30,928 INFO it_colbert.benchmark.retrievers: maxsim 960/7609 queries
2026-08-11 09:37:31,656 INFO it_colbert.benchmark.retrievers: maxsim 980/7609 queries
2026-08-11 09:37:32,385 INFO it_colbert.benchmark.retrievers: maxsim 1000/7609 queries
2026-08-11 09:37:33,114 INFO it_colbert.benchmark.retrievers: maxsim 1020/7609 queries
2026-08-11 09:37:33,839 INFO it_colbert.benchmark.retrievers: maxsim 1040/7609 queries
2026-08-11 09:37:34,566 INFO it_colbert.benchmark.retrievers: maxsim 1060/7609 queries
2026-08-11 09:37:35,307 INFO it_colbert.benchmark.retrievers: maxsim 1080/7609 queries
2026-08-11 09:37:36,049 INFO it_colbert.benchmark.retrievers: maxsim 1100/7609 queries
2026-08-11 09:37:36,787 INFO it_colbert.benchmark.retrievers: maxsim 1120/7609 queries
2026-08-11 09:37:37,515 INFO it_colbert.benchmark.retrievers: maxsim 1140/7609 queries
2026-08-11 09:37:38,246 INFO it_colbert.benchmark.retrievers: maxsim 1160/7609 queries
2026-08-11 09:37:39,043 INFO it_colbert.benchmark.retrievers: maxsim 1180/7609 queries
2026-08-11 09:37:39,935 INFO it_colbert.benchmark.retrievers: maxsim 1200/7609 queries
2026-08-11 09:37:40,822 INFO it_colbert.benchmark.retrievers: maxsim 1220/7609 queries
2026-08-11 09:37:41,697 INFO it_colbert.benchmark.retrievers: maxsim 1240/7609 queries
2026-08-11 09:37:42,595 INFO it_colbert.benchmark.retrievers: maxsim 1260/7609 queries
2026-08-11 09:37:43,493 INFO it_colbert.benchmark.retrievers: maxsim 1280/7609 queries
2026-08-11 09:37:44,399 INFO it_colbert.benchmark.retrievers: maxsim 1300/7609 queries
2026-08-11 09:37:45,295 INFO it_colbert.benchmark.retrievers: maxsim 1320/7609 queries
2026-08-11 09:37:46,157 INFO it_colbert.benchmark.retrievers: maxsim 1340/7609 queries
2026-08-11 09:37:47,022 INFO it_colbert.benchmark.retrievers: maxsim 1360/7609 queries
2026-08-11 09:37:47,900 INFO it_colbert.benchmark.retrievers: maxsim 1380/7609 queries
2026-08-11 09:37:48,762 INFO it_colbert.benchmark.retrievers: maxsim 1400/7609 queries
2026-08-11 09:37:49,635 INFO it_colbert.benchmark.retrievers: maxsim 1420/7609 queries
2026-08-11 09:37:50,494 INFO it_colbert.benchmark.retrievers: maxsim 1440/7609 queries
2026-08-11 09:37:51,359 INFO it_colbert.benchmark.retrievers: maxsim 1460/7609 queries
2026-08-11 09:37:52,251 INFO it_colbert.benchmark.retrievers: maxsim 1480/7609 queries
2026-08-11 09:37:53,150 INFO it_colbert.benchmark.retrievers: maxsim 1500/7609 queries
2026-08-11 09:37:54,043 INFO it_colbert.benchmark.retrievers: maxsim 1520/7609 queries
2026-08-11 09:37:54,907 INFO it_colbert.benchmark.retrievers: maxsim 1540/7609 queries
2026-08-11 09:37:55,809 INFO it_colbert.benchmark.retrievers: maxsim 1560/7609 queries
2026-08-11 09:37:56,705 INFO it_colbert.benchmark.retrievers: maxsim 1580/7609 queries
2026-08-11 09:37:57,582 INFO it_colbert.benchmark.retrievers: maxsim 1600/7609 queries
2026-08-11 09:37:58,434 INFO it_colbert.benchmark.retrievers: maxsim 1620/7609 queries
2026-08-11 09:37:59,301 INFO it_colbert.benchmark.retrievers: maxsim 1640/7609 queries
2026-08-11 09:38:00,155 INFO it_colbert.benchmark.retrievers: maxsim 1660/7609 queries
2026-08-11 09:38:01,006 INFO it_colbert.benchmark.retrievers: maxsim 1680/7609 queries
2026-08-11 09:38:01,879 INFO it_colbert.benchmark.retrievers: maxsim 1700/7609 queries
2026-08-11 09:38:02,722 INFO it_colbert.benchmark.retrievers: maxsim 1720/7609 queries
2026-08-11 09:38:03,623 INFO it_colbert.benchmark.retrievers: maxsim 1740/7609 queries
2026-08-11 09:38:04,516 INFO it_colbert.benchmark.retrievers: maxsim 1760/7609 queries
2026-08-11 09:38:05,408 INFO it_colbert.benchmark.retrievers: maxsim 1780/7609 queries
2026-08-11 09:38:06,195 INFO it_colbert.benchmark.retrievers: maxsim 1800/7609 queries
2026-08-11 09:38:06,979 INFO it_colbert.benchmark.retrievers: maxsim 1820/7609 queries
2026-08-11 09:38:07,761 INFO it_colbert.benchmark.retrievers: maxsim 1840/7609 queries
2026-08-11 09:38:08,542 INFO it_colbert.benchmark.retrievers: maxsim 1860/7609 queries
2026-08-11 09:38:09,312 INFO it_colbert.benchmark.retrievers: maxsim 1880/7609 queries
2026-08-11 09:38:10,083 INFO it_colbert.benchmark.retrievers: maxsim 1900/7609 queries
2026-08-11 09:38:10,850 INFO it_colbert.benchmark.retrievers: maxsim 1920/7609 queries
2026-08-11 09:38:11,647 INFO it_colbert.benchmark.retrievers: maxsim 1940/7609 queries
2026-08-11 09:38:12,454 INFO it_colbert.benchmark.retrievers: maxsim 1960/7609 queries
2026-08-11 09:38:13,255 INFO it_colbert.benchmark.retrievers: maxsim 1980/7609 queries
2026-08-11 09:38:14,050 INFO it_colbert.benchmark.retrievers: maxsim 2000/7609 queries
2026-08-11 09:38:14,821 INFO it_colbert.benchmark.retrievers: maxsim 2020/7609 queries
2026-08-11 09:38:15,572 INFO it_colbert.benchmark.retrievers: maxsim 2040/7609 queries
2026-08-11 09:38:16,315 INFO it_colbert.benchmark.retrievers: maxsim 2060/7609 queries
2026-08-11 09:38:17,054 INFO it_colbert.benchmark.retrievers: maxsim 2080/7609 queries
2026-08-11 09:38:17,788 INFO it_colbert.benchmark.retrievers: maxsim 2100/7609 queries
2026-08-11 09:38:18,523 INFO it_colbert.benchmark.retrievers: maxsim 2120/7609 queries
2026-08-11 09:38:19,259 INFO it_colbert.benchmark.retrievers: maxsim 2140/7609 queries
2026-08-11 09:38:19,989 INFO it_colbert.benchmark.retrievers: maxsim 2160/7609 queries
2026-08-11 09:38:20,720 INFO it_colbert.benchmark.retrievers: maxsim 2180/7609 queries
2026-08-11 09:38:21,451 INFO it_colbert.benchmark.retrievers: maxsim 2200/7609 queries
2026-08-11 09:38:22,178 INFO it_colbert.benchmark.retrievers: maxsim 2220/7609 queries
2026-08-11 09:38:22,907 INFO it_colbert.benchmark.retrievers: maxsim 2240/7609 queries
2026-08-11 09:38:23,644 INFO it_colbert.benchmark.retrievers: maxsim 2260/7609 queries
2026-08-11 09:38:24,384 INFO it_colbert.benchmark.retrievers: maxsim 2280/7609 queries
2026-08-11 09:38:25,113 INFO it_colbert.benchmark.retrievers: maxsim 2300/7609 queries
2026-08-11 09:38:25,858 INFO it_colbert.benchmark.retrievers: maxsim 2320/7609 queries
2026-08-11 09:38:26,609 INFO it_colbert.benchmark.retrievers: maxsim 2340/7609 queries
2026-08-11 09:38:27,356 INFO it_colbert.benchmark.retrievers: maxsim 2360/7609 queries
2026-08-11 09:38:28,094 INFO it_colbert.benchmark.retrievers: maxsim 2380/7609 queries
2026-08-11 09:38:28,840 INFO it_colbert.benchmark.retrievers: maxsim 2400/7609 queries
2026-08-11 09:38:29,584 INFO it_colbert.benchmark.retrievers: maxsim 2420/7609 queries
2026-08-11 09:38:30,326 INFO it_colbert.benchmark.retrievers: maxsim 2440/7609 queries
2026-08-11 09:38:31,074 INFO it_colbert.benchmark.retrievers: maxsim 2460/7609 queries
2026-08-11 09:38:31,820 INFO it_colbert.benchmark.retrievers: maxsim 2480/7609 queries
2026-08-11 09:38:32,562 INFO it_colbert.benchmark.retrievers: maxsim 2500/7609 queries
2026-08-11 09:38:33,306 INFO it_colbert.benchmark.retrievers: maxsim 2520/7609 queries
2026-08-11 09:38:34,048 INFO it_colbert.benchmark.retrievers: maxsim 2540/7609 queries
2026-08-11 09:38:34,798 INFO it_colbert.benchmark.retrievers: maxsim 2560/7609 queries
2026-08-11 09:38:35,545 INFO it_colbert.benchmark.retrievers: maxsim 2580/7609 queries
2026-08-11 09:38:36,292 INFO it_colbert.benchmark.retrievers: maxsim 2600/7609 queries
2026-08-11 09:38:37,041 INFO it_colbert.benchmark.retrievers: maxsim 2620/7609 queries
2026-08-11 09:38:37,812 INFO it_colbert.benchmark.retrievers: maxsim 2640/7609 queries
2026-08-11 09:38:38,542 INFO it_colbert.benchmark.retrievers: maxsim 2660/7609 queries
2026-08-11 09:38:39,275 INFO it_colbert.benchmark.retrievers: maxsim 2680/7609 queries
2026-08-11 09:38:40,017 INFO it_colbert.benchmark.retrievers: maxsim 2700/7609 queries
2026-08-11 09:38:40,754 INFO it_colbert.benchmark.retrievers: maxsim 2720/7609 queries
2026-08-11 09:38:41,487 INFO it_colbert.benchmark.retrievers: maxsim 2740/7609 queries
2026-08-11 09:38:42,224 INFO it_colbert.benchmark.retrievers: maxsim 2760/7609 queries
2026-08-11 09:38:42,969 INFO it_colbert.benchmark.retrievers: maxsim 2780/7609 queries
2026-08-11 09:38:43,713 INFO it_colbert.benchmark.retrievers: maxsim 2800/7609 queries
2026-08-11 09:38:44,455 INFO it_colbert.benchmark.retrievers: maxsim 2820/7609 queries
2026-08-11 09:38:45,204 INFO it_colbert.benchmark.retrievers: maxsim 2840/7609 queries
2026-08-11 09:38:45,951 INFO it_colbert.benchmark.retrievers: maxsim 2860/7609 queries
2026-08-11 09:38:46,696 INFO it_colbert.benchmark.retrievers: maxsim 2880/7609 queries
2026-08-11 09:38:47,444 INFO it_colbert.benchmark.retrievers: maxsim 2900/7609 queries
2026-08-11 09:38:48,191 INFO it_colbert.benchmark.retrievers: maxsim 2920/7609 queries
2026-08-11 09:38:48,939 INFO it_colbert.benchmark.retrievers: maxsim 2940/7609 queries
2026-08-11 09:38:49,689 INFO it_colbert.benchmark.retrievers: maxsim 2960/7609 queries
2026-08-11 09:38:50,451 INFO it_colbert.benchmark.retrievers: maxsim 2980/7609 queries
2026-08-11 09:38:51,198 INFO it_colbert.benchmark.retrievers: maxsim 3000/7609 queries
2026-08-11 09:38:51,947 INFO it_colbert.benchmark.retrievers: maxsim 3020/7609 queries
2026-08-11 09:38:52,712 INFO it_colbert.benchmark.retrievers: maxsim 3040/7609 queries
2026-08-11 09:38:53,468 INFO it_colbert.benchmark.retrievers: maxsim 3060/7609 queries
2026-08-11 09:38:54,222 INFO it_colbert.benchmark.retrievers: maxsim 3080/7609 queries
2026-08-11 09:38:54,978 INFO it_colbert.benchmark.retrievers: maxsim 3100/7609 queries
2026-08-11 09:38:55,732 INFO it_colbert.benchmark.retrievers: maxsim 3120/7609 queries
2026-08-11 09:38:56,495 INFO it_colbert.benchmark.retrievers: maxsim 3140/7609 queries
2026-08-11 09:38:57,281 INFO it_colbert.benchmark.retrievers: maxsim 3160/7609 queries
2026-08-11 09:38:58,054 INFO it_colbert.benchmark.retrievers: maxsim 3180/7609 queries
2026-08-11 09:38:58,830 INFO it_colbert.benchmark.retrievers: maxsim 3200/7609 queries
2026-08-11 09:38:59,587 INFO it_colbert.benchmark.retrievers: maxsim 3220/7609 queries
2026-08-11 09:39:00,351 INFO it_colbert.benchmark.retrievers: maxsim 3240/7609 queries
2026-08-11 09:39:01,121 INFO it_colbert.benchmark.retrievers: maxsim 3260/7609 queries
2026-08-11 09:39:01,905 INFO it_colbert.benchmark.retrievers: maxsim 3280/7609 queries
2026-08-11 09:39:02,695 INFO it_colbert.benchmark.retrievers: maxsim 3300/7609 queries
2026-08-11 09:39:03,499 INFO it_colbert.benchmark.retrievers: maxsim 3320/7609 queries
2026-08-11 09:39:04,288 INFO it_colbert.benchmark.retrievers: maxsim 3340/7609 queries
2026-08-11 09:39:05,070 INFO it_colbert.benchmark.retrievers: maxsim 3360/7609 queries
2026-08-11 09:39:05,809 INFO it_colbert.benchmark.retrievers: maxsim 3380/7609 queries
2026-08-11 09:39:06,548 INFO it_colbert.benchmark.retrievers: maxsim 3400/7609 queries
2026-08-11 09:39:07,287 INFO it_colbert.benchmark.retrievers: maxsim 3420/7609 queries
2026-08-11 09:39:08,025 INFO it_colbert.benchmark.retrievers: maxsim 3440/7609 queries
2026-08-11 09:39:08,759 INFO it_colbert.benchmark.retrievers: maxsim 3460/7609 queries
2026-08-11 09:39:09,489 INFO it_colbert.benchmark.retrievers: maxsim 3480/7609 queries
2026-08-11 09:39:10,218 INFO it_colbert.benchmark.retrievers: maxsim 3500/7609 queries
2026-08-11 09:39:10,950 INFO it_colbert.benchmark.retrievers: maxsim 3520/7609 queries
2026-08-11 09:39:11,682 INFO it_colbert.benchmark.retrievers: maxsim 3540/7609 queries
2026-08-11 09:39:12,412 INFO it_colbert.benchmark.retrievers: maxsim 3560/7609 queries
2026-08-11 09:39:13,144 INFO it_colbert.benchmark.retrievers: maxsim 3580/7609 queries
2026-08-11 09:39:13,875 INFO it_colbert.benchmark.retrievers: maxsim 3600/7609 queries
2026-08-11 09:39:14,608 INFO it_colbert.benchmark.retrievers: maxsim 3620/7609 queries
2026-08-11 09:39:15,342 INFO it_colbert.benchmark.retrievers: maxsim 3640/7609 queries
2026-08-11 09:39:16,074 INFO it_colbert.benchmark.retrievers: maxsim 3660/7609 queries
2026-08-11 09:39:16,802 INFO it_colbert.benchmark.retrievers: maxsim 3680/7609 queries
2026-08-11 09:39:17,531 INFO it_colbert.benchmark.retrievers: maxsim 3700/7609 queries
2026-08-11 09:39:18,261 INFO it_colbert.benchmark.retrievers: maxsim 3720/7609 queries
2026-08-11 09:39:19,011 INFO it_colbert.benchmark.retrievers: maxsim 3740/7609 queries
2026-08-11 09:39:19,754 INFO it_colbert.benchmark.retrievers: maxsim 3760/7609 queries
2026-08-11 09:39:20,504 INFO it_colbert.benchmark.retrievers: maxsim 3780/7609 queries
2026-08-11 09:39:21,247 INFO it_colbert.benchmark.retrievers: maxsim 3800/7609 queries
2026-08-11 09:39:21,995 INFO it_colbert.benchmark.retrievers: maxsim 3820/7609 queries
2026-08-11 09:39:22,740 INFO it_colbert.benchmark.retrievers: maxsim 3840/7609 queries
2026-08-11 09:39:23,502 INFO it_colbert.benchmark.retrievers: maxsim 3860/7609 queries
2026-08-11 09:39:24,244 INFO it_colbert.benchmark.retrievers: maxsim 3880/7609 queries
2026-08-11 09:39:24,988 INFO it_colbert.benchmark.retrievers: maxsim 3900/7609 queries
2026-08-11 09:39:25,737 INFO it_colbert.benchmark.retrievers: maxsim 3920/7609 queries
2026-08-11 09:39:26,479 INFO it_colbert.benchmark.retrievers: maxsim 3940/7609 queries
2026-08-11 09:39:27,225 INFO it_colbert.benchmark.retrievers: maxsim 3960/7609 queries
2026-08-11 09:39:27,966 INFO it_colbert.benchmark.retrievers: maxsim 3980/7609 queries
2026-08-11 09:39:28,711 INFO it_colbert.benchmark.retrievers: maxsim 4000/7609 queries
2026-08-11 09:39:29,455 INFO it_colbert.benchmark.retrievers: maxsim 4020/7609 queries
2026-08-11 09:39:30,199 INFO it_colbert.benchmark.retrievers: maxsim 4040/7609 queries
2026-08-11 09:39:30,947 INFO it_colbert.benchmark.retrievers: maxsim 4060/7609 queries
2026-08-11 09:39:31,693 INFO it_colbert.benchmark.retrievers: maxsim 4080/7609 queries
2026-08-11 09:39:32,436 INFO it_colbert.benchmark.retrievers: maxsim 4100/7609 queries
2026-08-11 09:39:33,183 INFO it_colbert.benchmark.retrievers: maxsim 4120/7609 queries
2026-08-11 09:39:33,931 INFO it_colbert.benchmark.retrievers: maxsim 4140/7609 queries
2026-08-11 09:39:34,676 INFO it_colbert.benchmark.retrievers: maxsim 4160/7609 queries
2026-08-11 09:39:35,420 INFO it_colbert.benchmark.retrievers: maxsim 4180/7609 queries
2026-08-11 09:39:36,189 INFO it_colbert.benchmark.retrievers: maxsim 4200/7609 queries
2026-08-11 09:39:36,933 INFO it_colbert.benchmark.retrievers: maxsim 4220/7609 queries
2026-08-11 09:39:37,758 INFO it_colbert.benchmark.retrievers: maxsim 4240/7609 queries
2026-08-11 09:39:38,647 INFO it_colbert.benchmark.retrievers: maxsim 4260/7609 queries
2026-08-11 09:39:39,519 INFO it_colbert.benchmark.retrievers: maxsim 4280/7609 queries
2026-08-11 09:39:40,408 INFO it_colbert.benchmark.retrievers: maxsim 4300/7609 queries
2026-08-11 09:39:41,252 INFO it_colbert.benchmark.retrievers: maxsim 4320/7609 queries
2026-08-11 09:39:42,088 INFO it_colbert.benchmark.retrievers: maxsim 4340/7609 queries
2026-08-11 09:39:42,951 INFO it_colbert.benchmark.retrievers: maxsim 4360/7609 queries
2026-08-11 09:39:43,778 INFO it_colbert.benchmark.retrievers: maxsim 4380/7609 queries
2026-08-11 09:39:44,623 INFO it_colbert.benchmark.retrievers: maxsim 4400/7609 queries
2026-08-11 09:39:45,445 INFO it_colbert.benchmark.retrievers: maxsim 4420/7609 queries
2026-08-11 09:39:46,276 INFO it_colbert.benchmark.retrievers: maxsim 4440/7609 queries
2026-08-11 09:39:47,153 INFO it_colbert.benchmark.retrievers: maxsim 4460/7609 queries
2026-08-11 09:39:48,045 INFO it_colbert.benchmark.retrievers: maxsim 4480/7609 queries
2026-08-11 09:39:48,917 INFO it_colbert.benchmark.retrievers: maxsim 4500/7609 queries
2026-08-11 09:39:49,816 INFO it_colbert.benchmark.retrievers: maxsim 4520/7609 queries
2026-08-11 09:39:50,691 INFO it_colbert.benchmark.retrievers: maxsim 4540/7609 queries
2026-08-11 09:39:51,563 INFO it_colbert.benchmark.retrievers: maxsim 4560/7609 queries
2026-08-11 09:39:52,444 INFO it_colbert.benchmark.retrievers: maxsim 4580/7609 queries
2026-08-11 09:39:53,322 INFO it_colbert.benchmark.retrievers: maxsim 4600/7609 queries
2026-08-11 09:39:54,180 INFO it_colbert.benchmark.retrievers: maxsim 4620/7609 queries
2026-08-11 09:39:55,044 INFO it_colbert.benchmark.retrievers: maxsim 4640/7609 queries
2026-08-11 09:39:55,907 INFO it_colbert.benchmark.retrievers: maxsim 4660/7609 queries
2026-08-11 09:39:56,767 INFO it_colbert.benchmark.retrievers: maxsim 4680/7609 queries
2026-08-11 09:39:57,629 INFO it_colbert.benchmark.retrievers: maxsim 4700/7609 queries
2026-08-11 09:39:58,512 INFO it_colbert.benchmark.retrievers: maxsim 4720/7609 queries
2026-08-11 09:39:59,373 INFO it_colbert.benchmark.retrievers: maxsim 4740/7609 queries
2026-08-11 09:40:00,262 INFO it_colbert.benchmark.retrievers: maxsim 4760/7609 queries
2026-08-11 09:40:01,128 INFO it_colbert.benchmark.retrievers: maxsim 4780/7609 queries
2026-08-11 09:40:01,930 INFO it_colbert.benchmark.retrievers: maxsim 4800/7609 queries
2026-08-11 09:40:02,725 INFO it_colbert.benchmark.retrievers: maxsim 4820/7609 queries
2026-08-11 09:40:03,510 INFO it_colbert.benchmark.retrievers: maxsim 4840/7609 queries
2026-08-11 09:40:04,290 INFO it_colbert.benchmark.retrievers: maxsim 4860/7609 queries
2026-08-11 09:40:05,076 INFO it_colbert.benchmark.retrievers: maxsim 4880/7609 queries
2026-08-11 09:40:05,839 INFO it_colbert.benchmark.retrievers: maxsim 4900/7609 queries
2026-08-11 09:40:06,614 INFO it_colbert.benchmark.retrievers: maxsim 4920/7609 queries
2026-08-11 09:40:07,417 INFO it_colbert.benchmark.retrievers: maxsim 4940/7609 queries
2026-08-11 09:40:08,210 INFO it_colbert.benchmark.retrievers: maxsim 4960/7609 queries
2026-08-11 09:40:09,003 INFO it_colbert.benchmark.retrievers: maxsim 4980/7609 queries
2026-08-11 09:40:09,793 INFO it_colbert.benchmark.retrievers: maxsim 5000/7609 queries
2026-08-11 09:40:10,545 INFO it_colbert.benchmark.retrievers: maxsim 5020/7609 queries
2026-08-11 09:40:11,285 INFO it_colbert.benchmark.retrievers: maxsim 5040/7609 queries
2026-08-11 09:40:12,029 INFO it_colbert.benchmark.retrievers: maxsim 5060/7609 queries
2026-08-11 09:40:12,778 INFO it_colbert.benchmark.retrievers: maxsim 5080/7609 queries
2026-08-11 09:40:13,531 INFO it_colbert.benchmark.retrievers: maxsim 5100/7609 queries
2026-08-11 09:40:14,288 INFO it_colbert.benchmark.retrievers: maxsim 5120/7609 queries
2026-08-11 09:40:15,038 INFO it_colbert.benchmark.retrievers: maxsim 5140/7609 queries
2026-08-11 09:40:15,793 INFO it_colbert.benchmark.retrievers: maxsim 5160/7609 queries
2026-08-11 09:40:16,541 INFO it_colbert.benchmark.retrievers: maxsim 5180/7609 queries
2026-08-11 09:40:17,272 INFO it_colbert.benchmark.retrievers: maxsim 5200/7609 queries
2026-08-11 09:40:17,999 INFO it_colbert.benchmark.retrievers: maxsim 5220/7609 queries
2026-08-11 09:40:18,728 INFO it_colbert.benchmark.retrievers: maxsim 5240/7609 queries
2026-08-11 09:40:19,473 INFO it_colbert.benchmark.retrievers: maxsim 5260/7609 queries
2026-08-11 09:40:20,209 INFO it_colbert.benchmark.retrievers: maxsim 5280/7609 queries
2026-08-11 09:40:20,946 INFO it_colbert.benchmark.retrievers: maxsim 5300/7609 queries
2026-08-11 09:40:21,684 INFO it_colbert.benchmark.retrievers: maxsim 5320/7609 queries
2026-08-11 09:40:22,423 INFO it_colbert.benchmark.retrievers: maxsim 5340/7609 queries
2026-08-11 09:40:23,168 INFO it_colbert.benchmark.retrievers: maxsim 5360/7609 queries
2026-08-11 09:40:23,908 INFO it_colbert.benchmark.retrievers: maxsim 5380/7609 queries
2026-08-11 09:40:24,646 INFO it_colbert.benchmark.retrievers: maxsim 5400/7609 queries
2026-08-11 09:40:25,385 INFO it_colbert.benchmark.retrievers: maxsim 5420/7609 queries
2026-08-11 09:40:26,124 INFO it_colbert.benchmark.retrievers: maxsim 5440/7609 queries
2026-08-11 09:40:26,866 INFO it_colbert.benchmark.retrievers: maxsim 5460/7609 queries
2026-08-11 09:40:27,607 INFO it_colbert.benchmark.retrievers: maxsim 5480/7609 queries
2026-08-11 09:40:28,354 INFO it_colbert.benchmark.retrievers: maxsim 5500/7609 queries
2026-08-11 09:40:29,097 INFO it_colbert.benchmark.retrievers: maxsim 5520/7609 queries
2026-08-11 09:40:29,836 INFO it_colbert.benchmark.retrievers: maxsim 5540/7609 queries
2026-08-11 09:40:30,571 INFO it_colbert.benchmark.retrievers: maxsim 5560/7609 queries
2026-08-11 09:40:31,307 INFO it_colbert.benchmark.retrievers: maxsim 5580/7609 queries
2026-08-11 09:40:32,047 INFO it_colbert.benchmark.retrievers: maxsim 5600/7609 queries
2026-08-11 09:40:32,789 INFO it_colbert.benchmark.retrievers: maxsim 5620/7609 queries
2026-08-11 09:40:33,529 INFO it_colbert.benchmark.retrievers: maxsim 5640/7609 queries
2026-08-11 09:40:34,270 INFO it_colbert.benchmark.retrievers: maxsim 5660/7609 queries
2026-08-11 09:40:35,034 INFO it_colbert.benchmark.retrievers: maxsim 5680/7609 queries
2026-08-11 09:40:35,776 INFO it_colbert.benchmark.retrievers: maxsim 5700/7609 queries
2026-08-11 09:40:36,524 INFO it_colbert.benchmark.retrievers: maxsim 5720/7609 queries
2026-08-11 09:40:37,264 INFO it_colbert.benchmark.retrievers: maxsim 5740/7609 queries
2026-08-11 09:40:38,022 INFO it_colbert.benchmark.retrievers: maxsim 5760/7609 queries
2026-08-11 09:40:38,769 INFO it_colbert.benchmark.retrievers: maxsim 5780/7609 queries
2026-08-11 09:40:39,523 INFO it_colbert.benchmark.retrievers: maxsim 5800/7609 queries
2026-08-11 09:40:40,264 INFO it_colbert.benchmark.retrievers: maxsim 5820/7609 queries
2026-08-11 09:40:41,014 INFO it_colbert.benchmark.retrievers: maxsim 5840/7609 queries
2026-08-11 09:40:41,757 INFO it_colbert.benchmark.retrievers: maxsim 5860/7609 queries
2026-08-11 09:40:42,496 INFO it_colbert.benchmark.retrievers: maxsim 5880/7609 queries
2026-08-11 09:40:43,245 INFO it_colbert.benchmark.retrievers: maxsim 5900/7609 queries
2026-08-11 09:40:43,990 INFO it_colbert.benchmark.retrievers: maxsim 5920/7609 queries
2026-08-11 09:40:44,746 INFO it_colbert.benchmark.retrievers: maxsim 5940/7609 queries
2026-08-11 09:40:45,500 INFO it_colbert.benchmark.retrievers: maxsim 5960/7609 queries
2026-08-11 09:40:46,248 INFO it_colbert.benchmark.retrievers: maxsim 5980/7609 queries
2026-08-11 09:40:47,007 INFO it_colbert.benchmark.retrievers: maxsim 6000/7609 queries
2026-08-11 09:40:47,761 INFO it_colbert.benchmark.retrievers: maxsim 6020/7609 queries
2026-08-11 09:40:48,509 INFO it_colbert.benchmark.retrievers: maxsim 6040/7609 queries
2026-08-11 09:40:49,261 INFO it_colbert.benchmark.retrievers: maxsim 6060/7609 queries
2026-08-11 09:40:50,016 INFO it_colbert.benchmark.retrievers: maxsim 6080/7609 queries
2026-08-11 09:40:50,771 INFO it_colbert.benchmark.retrievers: maxsim 6100/7609 queries
2026-08-11 09:40:51,529 INFO it_colbert.benchmark.retrievers: maxsim 6120/7609 queries
2026-08-11 09:40:52,278 INFO it_colbert.benchmark.retrievers: maxsim 6140/7609 queries
2026-08-11 09:40:53,051 INFO it_colbert.benchmark.retrievers: maxsim 6160/7609 queries
2026-08-11 09:40:53,802 INFO it_colbert.benchmark.retrievers: maxsim 6180/7609 queries
2026-08-11 09:40:54,591 INFO it_colbert.benchmark.retrievers: maxsim 6200/7609 queries
2026-08-11 09:40:55,365 INFO it_colbert.benchmark.retrievers: maxsim 6220/7609 queries
2026-08-11 09:40:56,120 INFO it_colbert.benchmark.retrievers: maxsim 6240/7609 queries
2026-08-11 09:40:56,880 INFO it_colbert.benchmark.retrievers: maxsim 6260/7609 queries
2026-08-11 09:40:57,638 INFO it_colbert.benchmark.retrievers: maxsim 6280/7609 queries
2026-08-11 09:40:58,395 INFO it_colbert.benchmark.retrievers: maxsim 6300/7609 queries
2026-08-11 09:40:59,155 INFO it_colbert.benchmark.retrievers: maxsim 6320/7609 queries
2026-08-11 09:40:59,908 INFO it_colbert.benchmark.retrievers: maxsim 6340/7609 queries
2026-08-11 09:41:00,672 INFO it_colbert.benchmark.retrievers: maxsim 6360/7609 queries
2026-08-11 09:41:01,428 INFO it_colbert.benchmark.retrievers: maxsim 6380/7609 queries
2026-08-11 09:41:02,204 INFO it_colbert.benchmark.retrievers: maxsim 6400/7609 queries
2026-08-11 09:41:03,009 INFO it_colbert.benchmark.retrievers: maxsim 6420/7609 queries
2026-08-11 09:41:03,804 INFO it_colbert.benchmark.retrievers: maxsim 6440/7609 queries
2026-08-11 09:41:04,592 INFO it_colbert.benchmark.retrievers: maxsim 6460/7609 queries
2026-08-11 09:41:05,350 INFO it_colbert.benchmark.retrievers: maxsim 6480/7609 queries
2026-08-11 09:41:06,134 INFO it_colbert.benchmark.retrievers: maxsim 6500/7609 queries
2026-08-11 09:41:06,917 INFO it_colbert.benchmark.retrievers: maxsim 6520/7609 queries
2026-08-11 09:41:07,724 INFO it_colbert.benchmark.retrievers: maxsim 6540/7609 queries
2026-08-11 09:41:08,524 INFO it_colbert.benchmark.retrievers: maxsim 6560/7609 queries
2026-08-11 09:41:09,319 INFO it_colbert.benchmark.retrievers: maxsim 6580/7609 queries
2026-08-11 09:41:10,103 INFO it_colbert.benchmark.retrievers: maxsim 6600/7609 queries
2026-08-11 09:41:10,841 INFO it_colbert.benchmark.retrievers: maxsim 6620/7609 queries
2026-08-11 09:41:11,582 INFO it_colbert.benchmark.retrievers: maxsim 6640/7609 queries
2026-08-11 09:41:12,344 INFO it_colbert.benchmark.retrievers: maxsim 6660/7609 queries
2026-08-11 09:41:13,097 INFO it_colbert.benchmark.retrievers: maxsim 6680/7609 queries
2026-08-11 09:41:13,844 INFO it_colbert.benchmark.retrievers: maxsim 6700/7609 queries
2026-08-11 09:41:14,587 INFO it_colbert.benchmark.retrievers: maxsim 6720/7609 queries
2026-08-11 09:41:15,338 INFO it_colbert.benchmark.retrievers: maxsim 6740/7609 queries
2026-08-11 09:41:16,081 INFO it_colbert.benchmark.retrievers: maxsim 6760/7609 queries
2026-08-11 09:41:16,813 INFO it_colbert.benchmark.retrievers: maxsim 6780/7609 queries
2026-08-11 09:41:17,546 INFO it_colbert.benchmark.retrievers: maxsim 6800/7609 queries
2026-08-11 09:41:18,274 INFO it_colbert.benchmark.retrievers: maxsim 6820/7609 queries
2026-08-11 09:41:19,001 INFO it_colbert.benchmark.retrievers: maxsim 6840/7609 queries
2026-08-11 09:41:19,734 INFO it_colbert.benchmark.retrievers: maxsim 6860/7609 queries
2026-08-11 09:41:20,477 INFO it_colbert.benchmark.retrievers: maxsim 6880/7609 queries
2026-08-11 09:41:21,220 INFO it_colbert.benchmark.retrievers: maxsim 6900/7609 queries
2026-08-11 09:41:21,964 INFO it_colbert.benchmark.retrievers: maxsim 6920/7609 queries
2026-08-11 09:41:22,704 INFO it_colbert.benchmark.retrievers: maxsim 6940/7609 queries
2026-08-11 09:41:23,445 INFO it_colbert.benchmark.retrievers: maxsim 6960/7609 queries
2026-08-11 09:41:24,186 INFO it_colbert.benchmark.retrievers: maxsim 6980/7609 queries
2026-08-11 09:41:24,927 INFO it_colbert.benchmark.retrievers: maxsim 7000/7609 queries
2026-08-11 09:41:25,672 INFO it_colbert.benchmark.retrievers: maxsim 7020/7609 queries
2026-08-11 09:41:26,416 INFO it_colbert.benchmark.retrievers: maxsim 7040/7609 queries
2026-08-11 09:41:27,160 INFO it_colbert.benchmark.retrievers: maxsim 7060/7609 queries
2026-08-11 09:41:27,897 INFO it_colbert.benchmark.retrievers: maxsim 7080/7609 queries
2026-08-11 09:41:28,637 INFO it_colbert.benchmark.retrievers: maxsim 7100/7609 queries
2026-08-11 09:41:29,380 INFO it_colbert.benchmark.retrievers: maxsim 7120/7609 queries
2026-08-11 09:41:30,124 INFO it_colbert.benchmark.retrievers: maxsim 7140/7609 queries
2026-08-11 09:41:30,869 INFO it_colbert.benchmark.retrievers: maxsim 7160/7609 queries
2026-08-11 09:41:31,615 INFO it_colbert.benchmark.retrievers: maxsim 7180/7609 queries
2026-08-11 09:41:32,360 INFO it_colbert.benchmark.retrievers: maxsim 7200/7609 queries
2026-08-11 09:41:33,106 INFO it_colbert.benchmark.retrievers: maxsim 7220/7609 queries
2026-08-11 09:41:33,846 INFO it_colbert.benchmark.retrievers: maxsim 7240/7609 queries
2026-08-11 09:41:34,585 INFO it_colbert.benchmark.retrievers: maxsim 7260/7609 queries
2026-08-11 09:41:35,326 INFO it_colbert.benchmark.retrievers: maxsim 7280/7609 queries
2026-08-11 09:41:36,063 INFO it_colbert.benchmark.retrievers: maxsim 7300/7609 queries
2026-08-11 09:41:36,808 INFO it_colbert.benchmark.retrievers: maxsim 7320/7609 queries
2026-08-11 09:41:37,624 INFO it_colbert.benchmark.retrievers: maxsim 7340/7609 queries
2026-08-11 09:41:38,541 INFO it_colbert.benchmark.retrievers: maxsim 7360/7609 queries
2026-08-11 09:41:39,458 INFO it_colbert.benchmark.retrievers: maxsim 7380/7609 queries
2026-08-11 09:41:40,344 INFO it_colbert.benchmark.retrievers: maxsim 7400/7609 queries
2026-08-11 09:41:41,211 INFO it_colbert.benchmark.retrievers: maxsim 7420/7609 queries
2026-08-11 09:41:42,060 INFO it_colbert.benchmark.retrievers: maxsim 7440/7609 queries
2026-08-11 09:41:42,925 INFO it_colbert.benchmark.retrievers: maxsim 7460/7609 queries
2026-08-11 09:41:43,790 INFO it_colbert.benchmark.retrievers: maxsim 7480/7609 queries
2026-08-11 09:41:44,660 INFO it_colbert.benchmark.retrievers: maxsim 7500/7609 queries
2026-08-11 09:41:45,570 INFO it_colbert.benchmark.retrievers: maxsim 7520/7609 queries
2026-08-11 09:41:46,487 INFO it_colbert.benchmark.retrievers: maxsim 7540/7609 queries
2026-08-11 09:41:47,392 INFO it_colbert.benchmark.retrievers: maxsim 7560/7609 queries
2026-08-11 09:41:48,301 INFO it_colbert.benchmark.retrievers: maxsim 7580/7609 queries
2026-08-11 09:41:49,208 INFO it_colbert.benchmark.retrievers: maxsim 7600/7609 queries
2026-08-11 09:41:51,377 INFO it_colbert.benchmark.run: --- squad-ita / ColBERT-XM ---
2026-08-11 09:41:51,378 INFO it_colbert.benchmark.retrievers: loading colbert model antoinelouis/colbert-xm
2026-08-11 09:41:51,379 INFO sentence_transformers.SentenceTransformer: Use pytorch device_name: cuda:0
2026-08-11 09:41:51,379 INFO sentence_transformers.SentenceTransformer: Load pretrained ColBERT: antoinelouis/colbert-xm
2026-08-11 09:41:52,153 INFO httpx: HTTP Request: HEAD https://huggingface.co/antoinelouis/colbert-xm/resolve/main/modules.json "HTTP/1.1 404 Not Found"
2026-08-11 09:41:52,154 WARNING pylate.models.colbert: No sentence-transformers model found with name antoinelouis/colbert-xm.
2026-08-11 09:41:52,452 INFO httpx: HTTP Request: HEAD https://huggingface.co/antoinelouis/colbert-xm/resolve/main/adapter_config.json "HTTP/1.1 404 Not Found"
2026-08-11 09:41:52,777 INFO httpx: HTTP Request: HEAD https://huggingface.co/antoinelouis/colbert-xm/resolve/main/config.json "HTTP/1.1 307 Temporary Redirect"
2026-08-11 09:41:52,930 INFO httpx: HTTP Request: HEAD https://huggingface.co/api/resolve-cache/models/antoinelouis/colbert-xm/960de711799d210957d18df59c14c59a439b608a/config.json "HTTP/1.1 200 OK"
Loading weights:   0%|          | 0/4087 [00:00<?, ?it/s]Loading weights:   4%|▍         | 154/4087 [00:00<00:02, 1533.69it/s]Loading weights:   8%|▊         | 309/4087 [00:00<00:02, 1543.09it/s]Loading weights:  11%|█▏        | 464/4087 [00:00<00:02, 1525.04it/s]Loading weights:  15%|█▌        | 617/4087 [00:00<00:02, 1517.47it/s]Loading weights:  19%|█▉        | 769/4087 [00:00<00:02, 1475.64it/s]Loading weights:  22%|██▏       | 917/4087 [00:00<00:02, 1474.86it/s]Loading weights:  26%|██▌       | 1065/4087 [00:00<00:02, 1436.03it/s]Loading weights:  30%|██▉       | 1209/4087 [00:00<00:02, 1436.88it/s]Loading weights:  33%|███▎      | 1353/4087 [00:00<00:01, 1424.61it/s]Loading weights:  37%|███▋      | 1496/4087 [00:01<00:01, 1405.78it/s]Loading weights:  40%|████      | 1637/4087 [00:01<00:01, 1393.37it/s]Loading weights:  44%|████▎     | 1781/4087 [00:01<00:01, 1404.48it/s]Loading weights:  47%|████▋     | 1922/4087 [00:01<00:01, 1381.48it/s]Loading weights:  82%|████████▏ | 3369/4087 [00:01<00:00, 5235.66it/s]Loading weights: 100%|██████████| 4087/4087 [00:01<00:00, 2815.06it/s]
[1mXmodModel LOAD REPORT[0m from: antoinelouis/colbert-xm
Key           | Status     |  | 
--------------+------------+--+-
linear.weight | UNEXPECTED |  | 

[3mNotes:
- UNEXPECTED[3m	:can be ignored when loading from different task/architecture; not ok if you expect identical arch.[0m
2026-08-11 09:41:55,136 INFO httpx: HTTP Request: HEAD https://huggingface.co/antoinelouis/colbert-xm/resolve/main/config.json "HTTP/1.1 307 Temporary Redirect"
2026-08-11 09:41:55,245 INFO httpx: HTTP Request: HEAD https://huggingface.co/api/resolve-cache/models/antoinelouis/colbert-xm/960de711799d210957d18df59c14c59a439b608a/config.json "HTTP/1.1 200 OK"
2026-08-11 09:41:55,556 INFO httpx: HTTP Request: HEAD https://huggingface.co/antoinelouis/colbert-xm/resolve/main/tokenizer_config.json "HTTP/1.1 307 Temporary Redirect"
2026-08-11 09:41:55,716 INFO httpx: HTTP Request: HEAD https://huggingface.co/api/resolve-cache/models/antoinelouis/colbert-xm/960de711799d210957d18df59c14c59a439b608a/tokenizer_config.json "HTTP/1.1 200 OK"
2026-08-11 09:41:56,045 INFO httpx: HTTP Request: GET https://huggingface.co/api/models/antoinelouis/colbert-xm/tree/main/additional_chat_templates?recursive=false&expand=false "HTTP/1.1 404 Not Found"
2026-08-11 09:41:56,375 INFO httpx: HTTP Request: GET https://huggingface.co/api/models/antoinelouis/colbert-xm/tree/main?recursive=true&expand=false "HTTP/1.1 200 OK"
2026-08-11 09:41:58,018 INFO httpx: HTTP Request: GET https://huggingface.co/api/models/antoinelouis/colbert-xm "HTTP/1.1 200 OK"
2026-08-11 09:41:58,326 INFO httpx: HTTP Request: GET https://huggingface.co/api/models/antoinelouis/colbert-xm "HTTP/1.1 200 OK"
2026-08-11 09:42:03,412 INFO httpx: HTTP Request: HEAD https://huggingface.co/antoinelouis/colbert-xm/resolve/main/model.safetensors "HTTP/1.1 302 Found"
2026-08-11 09:42:03,420 INFO pylate.models.colbert: Loaded the weights from Stanford NLP model.
2026-08-11 09:42:03,743 INFO httpx: HTTP Request: HEAD https://huggingface.co/antoinelouis/colbert-xm/resolve/main/artifact.metadata "HTTP/1.1 307 Temporary Redirect"
2026-08-11 09:42:03,886 INFO httpx: HTTP Request: HEAD https://huggingface.co/api/resolve-cache/models/antoinelouis/colbert-xm/960de711799d210957d18df59c14c59a439b608a/artifact.metadata "HTTP/1.1 200 OK"
2026-08-11 09:42:03,886 INFO pylate.models.colbert: Loaded the configuration from Stanford NLP model.
2026-08-11 09:42:04,283 WARNING it_colbert.benchmark.retrievers: language=it_IT requested but model has no set_default_language
2026-08-11 09:42:04,284 INFO it_colbert.benchmark.retrievers: encoding 1988 documents with colbert (bruteforce=True)
Encoding documents (bs=32):   0%|          | 0/63 [00:00<?, ?it/s]Encoding documents (bs=32):   2%|▏         | 1/63 [00:00<00:26,  2.32it/s]Encoding documents (bs=32):   3%|▎         | 2/63 [00:00<00:25,  2.39it/s]Encoding documents (bs=32):   5%|▍         | 3/63 [00:01<00:24,  2.45it/s]Encoding documents (bs=32):   6%|▋         | 4/63 [00:01<00:23,  2.53it/s]Encoding documents (bs=32):   8%|▊         | 5/63 [00:01<00:22,  2.58it/s]Encoding documents (bs=32):  10%|▉         | 6/63 [00:02<00:21,  2.60it/s]Encoding documents (bs=32):  11%|█         | 7/63 [00:02<00:21,  2.63it/s]Encoding documents (bs=32):  13%|█▎        | 8/63 [00:03<00:20,  2.69it/s]Encoding documents (bs=32):  14%|█▍        | 9/63 [00:03<00:18,  2.85it/s]Encoding documents (bs=32):  16%|█▌        | 10/63 [00:03<00:17,  2.95it/s]Encoding documents (bs=32):  17%|█▋        | 11/63 [00:04<00:16,  3.06it/s]Encoding documents (bs=32):  19%|█▉        | 12/63 [00:04<00:16,  3.13it/s]Encoding documents (bs=32):  21%|██        | 13/63 [00:04<00:15,  3.15it/s]Encoding documents (bs=32):  22%|██▏       | 14/63 [00:04<00:14,  3.31it/s]Encoding documents (bs=32):  24%|██▍       | 15/63 [00:05<00:14,  3.32it/s]Encoding documents (bs=32):  25%|██▌       | 16/63 [00:05<00:13,  3.41it/s]Encoding documents (bs=32):  27%|██▋       | 17/63 [00:05<00:13,  3.43it/s]Encoding documents (bs=32):  29%|██▊       | 18/63 [00:06<00:12,  3.53it/s]Encoding documents (bs=32):  30%|███       | 19/63 [00:06<00:12,  3.61it/s]Encoding documents (bs=32):  32%|███▏      | 20/63 [00:06<00:11,  3.63it/s]Encoding documents (bs=32):  33%|███▎      | 21/63 [00:06<00:11,  3.55it/s]Encoding documents (bs=32):  35%|███▍      | 22/63 [00:07<00:11,  3.64it/s]Encoding documents (bs=32):  37%|███▋      | 23/63 [00:07<00:10,  3.74it/s]Encoding documents (bs=32):  38%|███▊      | 24/63 [00:07<00:10,  3.83it/s]Encoding documents (bs=32):  40%|███▉      | 25/63 [00:07<00:10,  3.66it/s]Encoding documents (bs=32):  41%|████▏     | 26/63 [00:08<00:10,  3.55it/s]Encoding documents (bs=32):  43%|████▎     | 27/63 [00:08<00:10,  3.56it/s]Encoding documents (bs=32):  44%|████▍     | 28/63 [00:08<00:09,  3.58it/s]Encoding documents (bs=32):  46%|████▌     | 29/63 [00:09<00:09,  3.67it/s]Encoding documents (bs=32):  48%|████▊     | 30/63 [00:09<00:08,  3.78it/s]Encoding documents (bs=32):  49%|████▉     | 31/63 [00:09<00:08,  3.77it/s]Encoding documents (bs=32):  51%|█████     | 32/63 [00:09<00:08,  3.73it/s]Encoding documents (bs=32):  52%|█████▏    | 33/63 [00:10<00:08,  3.70it/s]Encoding documents (bs=32):  54%|█████▍    | 34/63 [00:10<00:07,  3.75it/s]Encoding documents (bs=32):  56%|█████▌    | 35/63 [00:10<00:07,  3.82it/s]Encoding documents (bs=32):  57%|█████▋    | 36/63 [00:10<00:06,  3.94it/s]Encoding documents (bs=32):  59%|█████▊    | 37/63 [00:11<00:06,  4.01it/s]Encoding documents (bs=32):  60%|██████    | 38/63 [00:11<00:06,  3.97it/s]Encoding documents (bs=32):  62%|██████▏   | 39/63 [00:11<00:05,  4.04it/s]Encoding documents (bs=32):  63%|██████▎   | 40/63 [00:11<00:05,  4.08it/s]Encoding documents (bs=32):  65%|██████▌   | 41/63 [00:12<00:05,  3.94it/s]Encoding documents (bs=32):  67%|██████▋   | 42/63 [00:12<00:05,  3.88it/s]Encoding documents (bs=32):  68%|██████▊   | 43/63 [00:12<00:05,  3.98it/s]Encoding documents (bs=32):  70%|██████▉   | 44/63 [00:12<00:04,  4.00it/s]Encoding documents (bs=32):  71%|███████▏  | 45/63 [00:13<00:04,  4.09it/s]Encoding documents (bs=32):  73%|███████▎  | 46/63 [00:13<00:04,  4.14it/s]Encoding documents (bs=32):  75%|███████▍  | 47/63 [00:13<00:03,  4.17it/s]Encoding documents (bs=32):  76%|███████▌  | 48/63 [00:13<00:03,  4.23it/s]Encoding documents (bs=32):  78%|███████▊  | 49/63 [00:13<00:03,  4.30it/s]Encoding documents (bs=32):  79%|███████▉  | 50/63 [00:14<00:02,  4.34it/s]Encoding documents (bs=32):  81%|████████  | 51/63 [00:14<00:02,  4.32it/s]Encoding documents (bs=32):  83%|████████▎ | 52/63 [00:14<00:02,  4.31it/s]Encoding documents (bs=32):  84%|████████▍ | 53/63 [00:14<00:02,  4.34it/s]Encoding documents (bs=32):  86%|████████▌ | 54/63 [00:15<00:02,  4.39it/s]Encoding documents (bs=32):  87%|████████▋ | 55/63 [00:15<00:01,  4.33it/s]Encoding documents (bs=32):  89%|████████▉ | 56/63 [00:15<00:01,  4.33it/s]Encoding documents (bs=32):  90%|█████████ | 57/63 [00:15<00:01,  4.31it/s]Encoding documents (bs=32):  92%|█████████▏| 58/63 [00:16<00:01,  4.20it/s]Encoding documents (bs=32):  94%|█████████▎| 59/63 [00:16<00:00,  4.08it/s]Encoding documents (bs=32):  95%|█████████▌| 60/63 [00:16<00:00,  4.05it/s]Encoding documents (bs=32):  97%|█████████▋| 61/63 [00:16<00:00,  4.19it/s]Encoding documents (bs=32):  98%|█████████▊| 62/63 [00:17<00:00,  4.37it/s]Encoding documents (bs=32): 100%|██████████| 63/63 [00:17<00:00,  4.57it/s]Encoding documents (bs=32): 100%|██████████| 63/63 [00:17<00:00,  3.66it/s]
Encoding queries (bs=32):   0%|          | 0/238 [00:00<?, ?it/s]Encoding queries (bs=32):   0%|          | 1/238 [00:00<00:53,  4.47it/s]Encoding queries (bs=32):   1%|          | 2/238 [00:00<00:50,  4.69it/s]Encoding queries (bs=32):   1%|▏         | 3/238 [00:00<00:51,  4.53it/s]Encoding queries (bs=32):   2%|▏         | 4/238 [00:00<00:52,  4.43it/s]Encoding queries (bs=32):   2%|▏         | 5/238 [00:01<00:54,  4.31it/s]Encoding queries (bs=32):   3%|▎         | 6/238 [00:01<00:53,  4.30it/s]Encoding queries (bs=32):   3%|▎         | 7/238 [00:01<00:54,  4.26it/s]Encoding queries (bs=32):   3%|▎         | 8/238 [00:01<00:51,  4.44it/s]Encoding queries (bs=32):   4%|▍         | 9/238 [00:02<00:52,  4.33it/s]Encoding queries (bs=32):   4%|▍         | 10/238 [00:02<00:51,  4.44it/s]Encoding queries (bs=32):   5%|▍         | 11/238 [00:02<00:49,  4.62it/s]Encoding queries (bs=32):   5%|▌         | 12/238 [00:02<00:47,  4.75it/s]Encoding queries (bs=32):   5%|▌         | 13/238 [00:02<00:46,  4.83it/s]Encoding queries (bs=32):   6%|▌         | 14/238 [00:03<00:45,  4.88it/s]Encoding queries (bs=32):   6%|▋         | 15/238 [00:03<00:45,  4.93it/s]Encoding queries (bs=32):   7%|▋         | 16/238 [00:03<00:44,  4.96it/s]Encoding queries (bs=32):   7%|▋         | 17/238 [00:03<00:46,  4.78it/s]Encoding queries (bs=32):   8%|▊         | 18/238 [00:03<00:48,  4.54it/s]Encoding queries (bs=32):   8%|▊         | 19/238 [00:04<00:49,  4.41it/s]Encoding queries (bs=32):   8%|▊         | 20/238 [00:04<00:51,  4.26it/s]Encoding queries (bs=32):   9%|▉         | 21/238 [00:04<00:52,  4.16it/s]Encoding queries (bs=32):   9%|▉         | 22/238 [00:04<00:54,  3.97it/s]Encoding queries (bs=32):  10%|▉         | 23/238 [00:05<00:55,  3.85it/s]Encoding queries (bs=32):  10%|█         | 24/238 [00:05<00:56,  3.82it/s]Encoding queries (bs=32):  11%|█         | 25/238 [00:05<00:54,  3.88it/s]Encoding queries (bs=32):  11%|█         | 26/238 [00:06<00:54,  3.88it/s]Encoding queries (bs=32):  11%|█▏        | 27/238 [00:06<00:53,  3.91it/s]Encoding queries (bs=32):  12%|█▏        | 28/238 [00:06<00:54,  3.87it/s]Encoding queries (bs=32):  12%|█▏        | 29/238 [00:06<00:56,  3.69it/s]Encoding queries (bs=32):  13%|█▎        | 30/238 [00:07<00:57,  3.64it/s]Encoding queries (bs=32):  13%|█▎        | 31/238 [00:07<00:56,  3.66it/s]Encoding queries (bs=32):  13%|█▎        | 32/238 [00:07<00:55,  3.69it/s]Encoding queries (bs=32):  14%|█▍        | 33/238 [00:07<00:55,  3.70it/s]Encoding queries (bs=32):  14%|█▍        | 34/238 [00:08<00:57,  3.58it/s]Encoding queries (bs=32):  15%|█▍        | 35/238 [00:08<00:57,  3.53it/s]Encoding queries (bs=32):  15%|█▌        | 36/238 [00:08<00:57,  3.50it/s]Encoding queries (bs=32):  16%|█▌        | 37/238 [00:09<00:57,  3.47it/s]Encoding queries (bs=32):  16%|█▌        | 38/238 [00:09<00:56,  3.55it/s]Encoding queries (bs=32):  16%|█▋        | 39/238 [00:09<00:56,  3.55it/s]Encoding queries (bs=32):  17%|█▋        | 40/238 [00:09<00:55,  3.59it/s]Encoding queries (bs=32):  17%|█▋        | 41/238 [00:10<00:55,  3.58it/s]Encoding queries (bs=32):  18%|█▊        | 42/238 [00:10<00:52,  3.70it/s]Encoding queries (bs=32):  18%|█▊        | 43/238 [00:10<00:52,  3.71it/s]Encoding queries (bs=32):  18%|█▊        | 44/238 [00:10<00:51,  3.80it/s]Encoding queries (bs=32):  19%|█▉        | 45/238 [00:11<00:49,  3.88it/s]Encoding queries (bs=32):  19%|█▉        | 46/238 [00:11<00:48,  3.92it/s]Encoding queries (bs=32):  20%|█▉        | 47/238 [00:11<00:48,  3.94it/s]Encoding queries (bs=32):  20%|██        | 48/238 [00:11<00:49,  3.82it/s]Encoding queries (bs=32):  21%|██        | 49/238 [00:12<00:48,  3.89it/s]Encoding queries (bs=32):  21%|██        | 50/238 [00:12<00:47,  3.95it/s]Encoding queries (bs=32):  21%|██▏       | 51/238 [00:12<00:46,  4.01it/s]Encoding queries (bs=32):  22%|██▏       | 52/238 [00:12<00:47,  3.94it/s]Encoding queries (bs=32):  22%|██▏       | 53/238 [00:13<00:46,  3.96it/s]Encoding queries (bs=32):  23%|██▎       | 54/238 [00:13<00:47,  3.85it/s]Encoding queries (bs=32):  23%|██▎       | 55/238 [00:13<00:49,  3.69it/s]Encoding queries (bs=32):  24%|██▎       | 56/238 [00:14<00:48,  3.74it/s]Encoding queries (bs=32):  24%|██▍       | 57/238 [00:14<00:48,  3.73it/s]Encoding queries (bs=32):  24%|██▍       | 58/238 [00:14<00:50,  3.57it/s]Encoding queries (bs=32):  25%|██▍       | 59/238 [00:14<00:49,  3.59it/s]Encoding queries (bs=32):  25%|██▌       | 60/238 [00:15<00:49,  3.58it/s]Encoding queries (bs=32):  26%|██▌       | 61/238 [00:15<00:48,  3.64it/s]Encoding queries (bs=32):  26%|██▌       | 62/238 [00:15<00:49,  3.58it/s]Encoding queries (bs=32):  26%|██▋       | 63/238 [00:16<00:52,  3.34it/s]Encoding queries (bs=32):  27%|██▋       | 64/238 [00:16<00:53,  3.27it/s]Encoding queries (bs=32):  27%|██▋       | 65/238 [00:16<00:53,  3.25it/s]Encoding queries (bs=32):  28%|██▊       | 66/238 [00:17<00:55,  3.12it/s]Encoding queries (bs=32):  28%|██▊       | 67/238 [00:17<00:55,  3.06it/s]Encoding queries (bs=32):  29%|██▊       | 68/238 [00:17<00:56,  3.03it/s]Encoding queries (bs=32):  29%|██▉       | 69/238 [00:18<00:55,  3.04it/s]Encoding queries (bs=32):  29%|██▉       | 70/238 [00:18<00:56,  2.99it/s]Encoding queries (bs=32):  30%|██▉       | 71/238 [00:18<00:56,  2.96it/s]Encoding queries (bs=32):  30%|███       | 72/238 [00:19<00:56,  2.94it/s]Encoding queries (bs=32):  31%|███       | 73/238 [00:19<00:54,  3.04it/s]Encoding queries (bs=32):  31%|███       | 74/238 [00:19<00:54,  3.02it/s]Encoding queries (bs=32):  32%|███▏      | 75/238 [00:20<00:53,  3.03it/s]Encoding queries (bs=32):  32%|███▏      | 76/238 [00:20<00:52,  3.08it/s]Encoding queries (bs=32):  32%|███▏      | 77/238 [00:20<00:52,  3.09it/s]Encoding queries (bs=32):  33%|███▎      | 78/238 [00:21<00:51,  3.09it/s]Encoding queries (bs=32):  33%|███▎      | 79/238 [00:21<00:50,  3.12it/s]Encoding queries (bs=32):  34%|███▎      | 80/238 [00:21<00:51,  3.09it/s]Encoding queries (bs=32):  34%|███▍      | 81/238 [00:21<00:49,  3.15it/s]Encoding queries (bs=32):  34%|███▍      | 82/238 [00:22<00:49,  3.15it/s]Encoding queries (bs=32):  35%|███▍      | 83/238 [00:22<00:50,  3.06it/s]Encoding queries (bs=32):  35%|███▌      | 84/238 [00:23<00:51,  3.00it/s]Encoding queries (bs=32):  36%|███▌      | 85/238 [00:23<00:51,  2.99it/s]Encoding queries (bs=32):  36%|███▌      | 86/238 [00:23<00:51,  2.95it/s]Encoding queries (bs=32):  37%|███▋      | 87/238 [00:24<00:51,  2.91it/s]Encoding queries (bs=32):  37%|███▋      | 88/238 [00:24<00:52,  2.86it/s]Encoding queries (bs=32):  37%|███▋      | 89/238 [00:24<00:51,  2.92it/s]Encoding queries (bs=32):  38%|███▊      | 90/238 [00:25<00:48,  3.06it/s]Encoding queries (bs=32):  38%|███▊      | 91/238 [00:25<00:47,  3.08it/s]Encoding queries (bs=32):  39%|███▊      | 92/238 [00:25<00:48,  3.00it/s]Encoding queries (bs=32):  39%|███▉      | 93/238 [00:26<00:49,  2.93it/s]Encoding queries (bs=32):  39%|███▉      | 94/238 [00:26<00:49,  2.90it/s]Encoding queries (bs=32):  40%|███▉      | 95/238 [00:26<00:48,  2.96it/s]Encoding queries (bs=32):  40%|████      | 96/238 [00:27<00:47,  2.98it/s]Encoding queries (bs=32):  41%|████      | 97/238 [00:27<00:46,  3.06it/s]Encoding queries (bs=32):  41%|████      | 98/238 [00:27<00:47,  2.96it/s]Encoding queries (bs=32):  42%|████▏     | 99/238 [00:28<00:44,  3.12it/s]Encoding queries (bs=32):  42%|████▏     | 100/238 [00:28<00:41,  3.34it/s]Encoding queries (bs=32):  42%|████▏     | 101/238 [00:28<00:42,  3.19it/s]Encoding queries (bs=32):  43%|████▎     | 102/238 [00:28<00:43,  3.13it/s]Encoding queries (bs=32):  43%|████▎     | 103/238 [00:29<00:43,  3.12it/s]Encoding queries (bs=32):  44%|████▎     | 104/238 [00:29<00:41,  3.27it/s]Encoding queries (bs=32):  44%|████▍     | 105/238 [00:29<00:39,  3.40it/s]Encoding queries (bs=32):  45%|████▍     | 106/238 [00:30<00:36,  3.62it/s]Encoding queries (bs=32):  45%|████▍     | 107/238 [00:30<00:34,  3.82it/s]Encoding queries (bs=32):  45%|████▌     | 108/238 [00:30<00:34,  3.76it/s]Encoding queries (bs=32):  46%|████▌     | 109/238 [00:30<00:37,  3.48it/s]Encoding queries (bs=32):  46%|████▌     | 110/238 [00:31<00:36,  3.46it/s]Encoding queries (bs=32):  47%|████▋     | 111/238 [00:31<00:37,  3.35it/s]Encoding queries (bs=32):  47%|████▋     | 112/238 [00:31<00:36,  3.45it/s]Encoding queries (bs=32):  47%|████▋     | 113/238 [00:32<00:35,  3.49it/s]Encoding queries (bs=32):  48%|████▊     | 114/238 [00:32<00:35,  3.47it/s]Encoding queries (bs=32):  48%|████▊     | 115/238 [00:32<00:33,  3.63it/s]Encoding queries (bs=32):  49%|████▊     | 116/238 [00:32<00:32,  3.76it/s]Encoding queries (bs=32):  49%|████▉     | 117/238 [00:33<00:32,  3.77it/s]Encoding queries (bs=32):  50%|████▉     | 118/238 [00:33<00:30,  3.96it/s]Encoding queries (bs=32):  50%|█████     | 119/238 [00:33<00:28,  4.12it/s]Encoding queries (bs=32):  50%|█████     | 120/238 [00:33<00:27,  4.27it/s]Encoding queries (bs=32):  51%|█████     | 121/238 [00:33<00:25,  4.56it/s]Encoding queries (bs=32):  51%|█████▏    | 122/238 [00:34<00:23,  4.84it/s]Encoding queries (bs=32):  52%|█████▏    | 123/238 [00:34<00:22,  5.06it/s]Encoding queries (bs=32):  52%|█████▏    | 124/238 [00:34<00:21,  5.21it/s]Encoding queries (bs=32):  53%|█████▎    | 125/238 [00:34<00:21,  5.32it/s]Encoding queries (bs=32):  53%|█████▎    | 126/238 [00:34<00:20,  5.43it/s]Encoding queries (bs=32):  53%|█████▎    | 127/238 [00:34<00:20,  5.45it/s]Encoding queries (bs=32):  54%|█████▍    | 128/238 [00:35<00:19,  5.51it/s]Encoding queries (bs=32):  54%|█████▍    | 129/238 [00:35<00:19,  5.55it/s]Encoding queries (bs=32):  55%|█████▍    | 130/238 [00:35<00:19,  5.53it/s]Encoding queries (bs=32):  55%|█████▌    | 131/238 [00:35<00:20,  5.22it/s]Encoding queries (bs=32):  55%|█████▌    | 132/238 [00:35<00:21,  5.02it/s]Encoding queries (bs=32):  56%|█████▌    | 133/238 [00:36<00:21,  4.99it/s]Encoding queries (bs=32):  56%|█████▋    | 134/238 [00:36<00:20,  5.19it/s]Encoding queries (bs=32):  57%|█████▋    | 135/238 [00:36<00:19,  5.33it/s]Encoding queries (bs=32):  57%|█████▋    | 136/238 [00:36<00:18,  5.43it/s]Encoding queries (bs=32):  58%|█████▊    | 137/238 [00:36<00:18,  5.52it/s]Encoding queries (bs=32):  58%|█████▊    | 138/238 [00:37<00:18,  5.55it/s]Encoding queries (bs=32):  58%|█████▊    | 139/238 [00:37<00:17,  5.59it/s]Encoding queries (bs=32):  59%|█████▉    | 140/238 [00:37<00:17,  5.59it/s]Encoding queries (bs=32):  59%|█████▉    | 141/238 [00:37<00:17,  5.60it/s]Encoding queries (bs=32):  60%|█████▉    | 142/238 [00:37<00:17,  5.63it/s]Encoding queries (bs=32):  60%|██████    | 143/238 [00:37<00:16,  5.61it/s]Encoding queries (bs=32):  61%|██████    | 144/238 [00:38<00:17,  5.28it/s]Encoding queries (bs=32):  61%|██████    | 145/238 [00:38<00:19,  4.70it/s]Encoding queries (bs=32):  61%|██████▏   | 146/238 [00:38<00:21,  4.30it/s]Encoding queries (bs=32):  62%|██████▏   | 147/238 [00:38<00:21,  4.18it/s]Encoding queries (bs=32):  62%|██████▏   | 148/238 [00:39<00:23,  3.80it/s]Encoding queries (bs=32):  63%|██████▎   | 149/238 [00:39<00:23,  3.73it/s]Encoding queries (bs=32):  63%|██████▎   | 150/238 [00:39<00:25,  3.42it/s]Encoding queries (bs=32):  63%|██████▎   | 151/238 [00:40<00:24,  3.60it/s]Encoding queries (bs=32):  64%|██████▍   | 152/238 [00:40<00:22,  3.84it/s]Encoding queries (bs=32):  64%|██████▍   | 153/238 [00:40<00:21,  3.93it/s]Encoding queries (bs=32):  65%|██████▍   | 154/238 [00:40<00:20,  4.13it/s]Encoding queries (bs=32):  65%|██████▌   | 155/238 [00:41<00:18,  4.42it/s]Encoding queries (bs=32):  66%|██████▌   | 156/238 [00:41<00:17,  4.75it/s]Encoding queries (bs=32):  66%|██████▌   | 157/238 [00:41<00:16,  5.01it/s]Encoding queries (bs=32):  66%|██████▋   | 158/238 [00:41<00:15,  5.20it/s]Encoding queries (bs=32):  67%|██████▋   | 159/238 [00:41<00:14,  5.37it/s]Encoding queries (bs=32):  67%|██████▋   | 160/238 [00:41<00:14,  5.47it/s]Encoding queries (bs=32):  68%|██████▊   | 161/238 [00:42<00:13,  5.58it/s]Encoding queries (bs=32):  68%|██████▊   | 162/238 [00:42<00:13,  5.65it/s]Encoding queries (bs=32):  68%|██████▊   | 163/238 [00:42<00:13,  5.70it/s]Encoding queries (bs=32):  69%|██████▉   | 164/238 [00:42<00:12,  5.71it/s]Encoding queries (bs=32):  69%|██████▉   | 165/238 [00:42<00:12,  5.63it/s]Encoding queries (bs=32):  70%|██████▉   | 166/238 [00:43<00:15,  4.79it/s]Encoding queries (bs=32):  70%|███████   | 167/238 [00:43<00:17,  4.10it/s]Encoding queries (bs=32):  71%|███████   | 168/238 [00:43<00:17,  4.07it/s]Encoding queries (bs=32):  71%|███████   | 169/238 [00:43<00:18,  3.65it/s]Encoding queries (bs=32):  71%|███████▏  | 170/238 [00:44<00:19,  3.44it/s]Encoding queries (bs=32):  72%|███████▏  | 171/238 [00:44<00:20,  3.31it/s]Encoding queries (bs=32):  72%|███████▏  | 172/238 [00:44<00:20,  3.17it/s]Encoding queries (bs=32):  73%|███████▎  | 173/238 [00:45<00:21,  3.08it/s]Encoding queries (bs=32):  73%|███████▎  | 174/238 [00:45<00:20,  3.07it/s]Encoding queries (bs=32):  74%|███████▎  | 175/238 [00:45<00:18,  3.37it/s]Encoding queries (bs=32):  74%|███████▍  | 176/238 [00:46<00:16,  3.65it/s]Encoding queries (bs=32):  74%|███████▍  | 177/238 [00:46<00:15,  3.91it/s]Encoding queries (bs=32):  75%|███████▍  | 178/238 [00:46<00:14,  4.10it/s]Encoding queries (bs=32):  75%|███████▌  | 179/238 [00:46<00:13,  4.47it/s]Encoding queries (bs=32):  76%|███████▌  | 180/238 [00:46<00:12,  4.79it/s]Encoding queries (bs=32):  76%|███████▌  | 181/238 [00:47<00:11,  5.05it/s]Encoding queries (bs=32):  76%|███████▋  | 182/238 [00:47<00:10,  5.26it/s]Encoding queries (bs=32):  77%|███████▋  | 183/238 [00:47<00:10,  5.42it/s]Encoding queries (bs=32):  77%|███████▋  | 184/238 [00:47<00:09,  5.55it/s]Encoding queries (bs=32):  78%|███████▊  | 185/238 [00:47<00:09,  5.64it/s]Encoding queries (bs=32):  78%|███████▊  | 186/238 [00:47<00:09,  5.73it/s]Encoding queries (bs=32):  79%|███████▊  | 187/238 [00:48<00:08,  5.70it/s]Encoding queries (bs=32):  79%|███████▉  | 188/238 [00:48<00:08,  5.76it/s]Encoding queries (bs=32):  79%|███████▉  | 189/238 [00:48<00:08,  5.59it/s]Encoding queries (bs=32):  80%|███████▉  | 190/238 [00:48<00:09,  5.27it/s]Encoding queries (bs=32):  80%|████████  | 191/238 [00:48<00:09,  5.08it/s]Encoding queries (bs=32):  81%|████████  | 192/238 [00:49<00:08,  5.14it/s]Encoding queries (bs=32):  81%|████████  | 193/238 [00:49<00:08,  5.32it/s]Encoding queries (bs=32):  82%|████████▏ | 194/238 [00:49<00:08,  5.43it/s]Encoding queries (bs=32):  82%|████████▏ | 195/238 [00:49<00:07,  5.49it/s]Encoding queries (bs=32):  82%|████████▏ | 196/238 [00:49<00:07,  5.59it/s]Encoding queries (bs=32):  83%|████████▎ | 197/238 [00:49<00:07,  5.63it/s]Encoding queries (bs=32):  83%|████████▎ | 198/238 [00:50<00:07,  5.63it/s]Encoding queries (bs=32):  84%|████████▎ | 199/238 [00:50<00:06,  5.65it/s]Encoding queries (bs=32):  84%|████████▍ | 200/238 [00:50<00:06,  5.63it/s]Encoding queries (bs=32):  84%|████████▍ | 201/238 [00:50<00:06,  5.63it/s]Encoding queries (bs=32):  85%|████████▍ | 202/238 [00:50<00:06,  5.45it/s]Encoding queries (bs=32):  85%|████████▌ | 203/238 [00:51<00:06,  5.13it/s]Encoding queries (bs=32):  86%|████████▌ | 204/238 [00:51<00:06,  4.96it/s]Encoding queries (bs=32):  86%|████████▌ | 205/238 [00:51<00:06,  4.87it/s]Encoding queries (bs=32):  87%|████████▋ | 206/238 [00:51<00:06,  5.05it/s]Encoding queries (bs=32):  87%|████████▋ | 207/238 [00:51<00:05,  5.23it/s]Encoding queries (bs=32):  87%|████████▋ | 208/238 [00:51<00:05,  5.38it/s]Encoding queries (bs=32):  88%|████████▊ | 209/238 [00:52<00:05,  5.51it/s]Encoding queries (bs=32):  88%|████████▊ | 210/238 [00:52<00:05,  5.58it/s]Encoding queries (bs=32):  89%|████████▊ | 211/238 [00:52<00:04,  5.63it/s]Encoding queries (bs=32):  89%|████████▉ | 212/238 [00:52<00:04,  5.70it/s]Encoding queries (bs=32):  89%|████████▉ | 213/238 [00:52<00:04,  5.74it/s]Encoding queries (bs=32):  90%|████████▉ | 214/238 [00:53<00:04,  5.76it/s]Encoding queries (bs=32):  90%|█████████ | 215/238 [00:53<00:03,  5.80it/s]Encoding queries (bs=32):  91%|█████████ | 216/238 [00:53<00:03,  5.64it/s]Encoding queries (bs=32):  91%|█████████ | 217/238 [00:53<00:03,  5.28it/s]Encoding queries (bs=32):  92%|█████████▏| 218/238 [00:53<00:03,  5.08it/s]Encoding queries (bs=32):  92%|█████████▏| 219/238 [00:54<00:03,  5.12it/s]Encoding queries (bs=32):  92%|█████████▏| 220/238 [00:54<00:03,  5.31it/s]Encoding queries (bs=32):  93%|█████████▎| 221/238 [00:54<00:03,  5.42it/s]Encoding queries (bs=32):  93%|█████████▎| 222/238 [00:54<00:02,  5.54it/s]Encoding queries (bs=32):  94%|█████████▎| 223/238 [00:54<00:02,  5.60it/s]Encoding queries (bs=32):  94%|█████████▍| 224/238 [00:54<00:02,  5.65it/s]Encoding queries (bs=32):  95%|█████████▍| 225/238 [00:55<00:02,  5.69it/s]Encoding queries (bs=32):  95%|█████████▍| 226/238 [00:55<00:02,  5.74it/s]Encoding queries (bs=32):  95%|█████████▌| 227/238 [00:55<00:01,  5.71it/s]Encoding queries (bs=32):  96%|█████████▌| 228/238 [00:55<00:01,  5.69it/s]Encoding queries (bs=32):  96%|█████████▌| 229/238 [00:55<00:01,  5.60it/s]Encoding queries (bs=32):  97%|█████████▋| 230/238 [00:55<00:01,  5.28it/s]Encoding queries (bs=32):  97%|█████████▋| 231/238 [00:56<00:01,  5.06it/s]Encoding queries (bs=32):  97%|█████████▋| 232/238 [00:56<00:01,  4.93it/s]Encoding queries (bs=32):  98%|█████████▊| 233/238 [00:56<00:01,  4.98it/s]Encoding queries (bs=32):  98%|█████████▊| 234/238 [00:56<00:00,  5.20it/s]Encoding queries (bs=32):  99%|█████████▊| 235/238 [00:56<00:00,  5.35it/s]Encoding queries (bs=32):  99%|█████████▉| 236/238 [00:57<00:00,  5.48it/s]Encoding queries (bs=32): 100%|█████████▉| 237/238 [00:57<00:00,  5.56it/s]Encoding queries (bs=32): 100%|██████████| 238/238 [00:57<00:00,  5.63it/s]Encoding queries (bs=32): 100%|██████████| 238/238 [00:57<00:00,  4.14it/s]
2026-08-11 09:43:19,836 INFO it_colbert.benchmark.retrievers: maxsim 20/7609 queries
2026-08-11 09:43:20,540 INFO it_colbert.benchmark.retrievers: maxsim 40/7609 queries
2026-08-11 09:43:21,243 INFO it_colbert.benchmark.retrievers: maxsim 60/7609 queries
2026-08-11 09:43:21,940 INFO it_colbert.benchmark.retrievers: maxsim 80/7609 queries
2026-08-11 09:43:22,640 INFO it_colbert.benchmark.retrievers: maxsim 100/7609 queries
2026-08-11 09:43:23,342 INFO it_colbert.benchmark.retrievers: maxsim 120/7609 queries
2026-08-11 09:43:24,053 INFO it_colbert.benchmark.retrievers: maxsim 140/7609 queries
2026-08-11 09:43:24,748 INFO it_colbert.benchmark.retrievers: maxsim 160/7609 queries
2026-08-11 09:43:25,455 INFO it_colbert.benchmark.retrievers: maxsim 180/7609 queries
2026-08-11 09:43:26,158 INFO it_colbert.benchmark.retrievers: maxsim 200/7609 queries
2026-08-11 09:43:26,858 INFO it_colbert.benchmark.retrievers: maxsim 220/7609 queries
2026-08-11 09:43:27,554 INFO it_colbert.benchmark.retrievers: maxsim 240/7609 queries
2026-08-11 09:43:28,254 INFO it_colbert.benchmark.retrievers: maxsim 260/7609 queries
2026-08-11 09:43:28,953 INFO it_colbert.benchmark.retrievers: maxsim 280/7609 queries
2026-08-11 09:43:29,650 INFO it_colbert.benchmark.retrievers: maxsim 300/7609 queries
2026-08-11 09:43:30,351 INFO it_colbert.benchmark.retrievers: maxsim 320/7609 queries
2026-08-11 09:43:31,046 INFO it_colbert.benchmark.retrievers: maxsim 340/7609 queries
2026-08-11 09:43:31,749 INFO it_colbert.benchmark.retrievers: maxsim 360/7609 queries
2026-08-11 09:43:32,462 INFO it_colbert.benchmark.retrievers: maxsim 380/7609 queries
2026-08-11 09:43:33,168 INFO it_colbert.benchmark.retrievers: maxsim 400/7609 queries
2026-08-11 09:43:33,867 INFO it_colbert.benchmark.retrievers: maxsim 420/7609 queries
2026-08-11 09:43:34,563 INFO it_colbert.benchmark.retrievers: maxsim 440/7609 queries
2026-08-11 09:43:35,270 INFO it_colbert.benchmark.retrievers: maxsim 460/7609 queries
2026-08-11 09:43:35,976 INFO it_colbert.benchmark.retrievers: maxsim 480/7609 queries
2026-08-11 09:43:36,710 INFO it_colbert.benchmark.retrievers: maxsim 500/7609 queries
2026-08-11 09:43:37,448 INFO it_colbert.benchmark.retrievers: maxsim 520/7609 queries
2026-08-11 09:43:38,175 INFO it_colbert.benchmark.retrievers: maxsim 540/7609 queries
2026-08-11 09:43:38,919 INFO it_colbert.benchmark.retrievers: maxsim 560/7609 queries
2026-08-11 09:43:39,634 INFO it_colbert.benchmark.retrievers: maxsim 580/7609 queries
2026-08-11 09:43:40,349 INFO it_colbert.benchmark.retrievers: maxsim 600/7609 queries
2026-08-11 09:43:41,075 INFO it_colbert.benchmark.retrievers: maxsim 620/7609 queries
2026-08-11 09:43:41,814 INFO it_colbert.benchmark.retrievers: maxsim 640/7609 queries
2026-08-11 09:43:42,553 INFO it_colbert.benchmark.retrievers: maxsim 660/7609 queries
2026-08-11 09:43:43,299 INFO it_colbert.benchmark.retrievers: maxsim 680/7609 queries
2026-08-11 09:43:44,037 INFO it_colbert.benchmark.retrievers: maxsim 700/7609 queries
2026-08-11 09:43:44,777 INFO it_colbert.benchmark.retrievers: maxsim 720/7609 queries
2026-08-11 09:43:45,506 INFO it_colbert.benchmark.retrievers: maxsim 740/7609 queries
2026-08-11 09:43:46,201 INFO it_colbert.benchmark.retrievers: maxsim 760/7609 queries
2026-08-11 09:43:46,898 INFO it_colbert.benchmark.retrievers: maxsim 780/7609 queries
2026-08-11 09:43:47,588 INFO it_colbert.benchmark.retrievers: maxsim 800/7609 queries
2026-08-11 09:43:48,278 INFO it_colbert.benchmark.retrievers: maxsim 820/7609 queries
2026-08-11 09:43:48,965 INFO it_colbert.benchmark.retrievers: maxsim 840/7609 queries
2026-08-11 09:43:49,657 INFO it_colbert.benchmark.retrievers: maxsim 860/7609 queries
2026-08-11 09:43:50,342 INFO it_colbert.benchmark.retrievers: maxsim 880/7609 queries
2026-08-11 09:43:51,032 INFO it_colbert.benchmark.retrievers: maxsim 900/7609 queries
2026-08-11 09:43:51,724 INFO it_colbert.benchmark.retrievers: maxsim 920/7609 queries
2026-08-11 09:43:52,414 INFO it_colbert.benchmark.retrievers: maxsim 940/7609 queries
2026-08-11 09:43:53,104 INFO it_colbert.benchmark.retrievers: maxsim 960/7609 queries
2026-08-11 09:43:53,786 INFO it_colbert.benchmark.retrievers: maxsim 980/7609 queries
2026-08-11 09:43:54,479 INFO it_colbert.benchmark.retrievers: maxsim 1000/7609 queries
2026-08-11 09:43:55,165 INFO it_colbert.benchmark.retrievers: maxsim 1020/7609 queries
2026-08-11 09:43:55,851 INFO it_colbert.benchmark.retrievers: maxsim 1040/7609 queries
2026-08-11 09:43:56,540 INFO it_colbert.benchmark.retrievers: maxsim 1060/7609 queries
2026-08-11 09:43:57,285 INFO it_colbert.benchmark.retrievers: maxsim 1080/7609 queries
2026-08-11 09:43:58,093 INFO it_colbert.benchmark.retrievers: maxsim 1100/7609 queries
2026-08-11 09:43:58,890 INFO it_colbert.benchmark.retrievers: maxsim 1120/7609 queries
2026-08-11 09:43:59,708 INFO it_colbert.benchmark.retrievers: maxsim 1140/7609 queries
2026-08-11 09:44:00,513 INFO it_colbert.benchmark.retrievers: maxsim 1160/7609 queries
2026-08-11 09:44:01,322 INFO it_colbert.benchmark.retrievers: maxsim 1180/7609 queries
2026-08-11 09:44:02,122 INFO it_colbert.benchmark.retrievers: maxsim 1200/7609 queries
2026-08-11 09:44:02,949 INFO it_colbert.benchmark.retrievers: maxsim 1220/7609 queries
2026-08-11 09:44:03,803 INFO it_colbert.benchmark.retrievers: maxsim 1240/7609 queries
2026-08-11 09:44:04,623 INFO it_colbert.benchmark.retrievers: maxsim 1260/7609 queries
2026-08-11 09:44:05,463 INFO it_colbert.benchmark.retrievers: maxsim 1280/7609 queries
2026-08-11 09:44:06,263 INFO it_colbert.benchmark.retrievers: maxsim 1300/7609 queries
2026-08-11 09:44:07,100 INFO it_colbert.benchmark.retrievers: maxsim 1320/7609 queries
2026-08-11 09:44:07,850 INFO it_colbert.benchmark.retrievers: maxsim 1340/7609 queries
2026-08-11 09:44:08,555 INFO it_colbert.benchmark.retrievers: maxsim 1360/7609 queries
2026-08-11 09:44:09,251 INFO it_colbert.benchmark.retrievers: maxsim 1380/7609 queries
2026-08-11 09:44:09,951 INFO it_colbert.benchmark.retrievers: maxsim 1400/7609 queries
2026-08-11 09:44:10,652 INFO it_colbert.benchmark.retrievers: maxsim 1420/7609 queries
2026-08-11 09:44:11,353 INFO it_colbert.benchmark.retrievers: maxsim 1440/7609 queries
2026-08-11 09:44:12,050 INFO it_colbert.benchmark.retrievers: maxsim 1460/7609 queries
2026-08-11 09:44:12,744 INFO it_colbert.benchmark.retrievers: maxsim 1480/7609 queries
2026-08-11 09:44:13,442 INFO it_colbert.benchmark.retrievers: maxsim 1500/7609 queries
2026-08-11 09:44:14,138 INFO it_colbert.benchmark.retrievers: maxsim 1520/7609 queries
2026-08-11 09:44:14,832 INFO it_colbert.benchmark.retrievers: maxsim 1540/7609 queries
2026-08-11 09:44:15,532 INFO it_colbert.benchmark.retrievers: maxsim 1560/7609 queries
2026-08-11 09:44:16,233 INFO it_colbert.benchmark.retrievers: maxsim 1580/7609 queries
2026-08-11 09:44:16,932 INFO it_colbert.benchmark.retrievers: maxsim 1600/7609 queries
2026-08-11 09:44:17,633 INFO it_colbert.benchmark.retrievers: maxsim 1620/7609 queries
2026-08-11 09:44:18,325 INFO it_colbert.benchmark.retrievers: maxsim 1640/7609 queries
2026-08-11 09:44:19,023 INFO it_colbert.benchmark.retrievers: maxsim 1660/7609 queries
2026-08-11 09:44:19,725 INFO it_colbert.benchmark.retrievers: maxsim 1680/7609 queries
2026-08-11 09:44:20,432 INFO it_colbert.benchmark.retrievers: maxsim 1700/7609 queries
2026-08-11 09:44:21,167 INFO it_colbert.benchmark.retrievers: maxsim 1720/7609 queries
2026-08-11 09:44:21,900 INFO it_colbert.benchmark.retrievers: maxsim 1740/7609 queries
2026-08-11 09:44:22,627 INFO it_colbert.benchmark.retrievers: maxsim 1760/7609 queries
2026-08-11 09:44:23,354 INFO it_colbert.benchmark.retrievers: maxsim 1780/7609 queries
2026-08-11 09:44:24,080 INFO it_colbert.benchmark.retrievers: maxsim 1800/7609 queries
2026-08-11 09:44:24,799 INFO it_colbert.benchmark.retrievers: maxsim 1820/7609 queries
2026-08-11 09:44:25,528 INFO it_colbert.benchmark.retrievers: maxsim 1840/7609 queries
2026-08-11 09:44:26,271 INFO it_colbert.benchmark.retrievers: maxsim 1860/7609 queries
2026-08-11 09:44:27,009 INFO it_colbert.benchmark.retrievers: maxsim 1880/7609 queries
2026-08-11 09:44:27,751 INFO it_colbert.benchmark.retrievers: maxsim 1900/7609 queries
2026-08-11 09:44:28,489 INFO it_colbert.benchmark.retrievers: maxsim 1920/7609 queries
2026-08-11 09:44:29,193 INFO it_colbert.benchmark.retrievers: maxsim 1940/7609 queries
2026-08-11 09:44:29,884 INFO it_colbert.benchmark.retrievers: maxsim 1960/7609 queries
2026-08-11 09:44:30,590 INFO it_colbert.benchmark.retrievers: maxsim 1980/7609 queries
2026-08-11 09:44:31,292 INFO it_colbert.benchmark.retrievers: maxsim 2000/7609 queries
2026-08-11 09:44:31,999 INFO it_colbert.benchmark.retrievers: maxsim 2020/7609 queries
2026-08-11 09:44:32,705 INFO it_colbert.benchmark.retrievers: maxsim 2040/7609 queries
2026-08-11 09:44:33,407 INFO it_colbert.benchmark.retrievers: maxsim 2060/7609 queries
2026-08-11 09:44:34,112 INFO it_colbert.benchmark.retrievers: maxsim 2080/7609 queries
2026-08-11 09:44:34,814 INFO it_colbert.benchmark.retrievers: maxsim 2100/7609 queries
2026-08-11 09:44:35,520 INFO it_colbert.benchmark.retrievers: maxsim 2120/7609 queries
2026-08-11 09:44:36,219 INFO it_colbert.benchmark.retrievers: maxsim 2140/7609 queries
2026-08-11 09:44:36,923 INFO it_colbert.benchmark.retrievers: maxsim 2160/7609 queries
2026-08-11 09:44:37,632 INFO it_colbert.benchmark.retrievers: maxsim 2180/7609 queries
2026-08-11 09:44:38,371 INFO it_colbert.benchmark.retrievers: maxsim 2200/7609 queries
2026-08-11 09:44:39,082 INFO it_colbert.benchmark.retrievers: maxsim 2220/7609 queries
2026-08-11 09:44:39,781 INFO it_colbert.benchmark.retrievers: maxsim 2240/7609 queries
2026-08-11 09:44:40,472 INFO it_colbert.benchmark.retrievers: maxsim 2260/7609 queries
2026-08-11 09:44:41,162 INFO it_colbert.benchmark.retrievers: maxsim 2280/7609 queries
2026-08-11 09:44:41,849 INFO it_colbert.benchmark.retrievers: maxsim 2300/7609 queries
2026-08-11 09:44:42,545 INFO it_colbert.benchmark.retrievers: maxsim 2320/7609 queries
2026-08-11 09:44:43,235 INFO it_colbert.benchmark.retrievers: maxsim 2340/7609 queries
2026-08-11 09:44:43,925 INFO it_colbert.benchmark.retrievers: maxsim 2360/7609 queries
2026-08-11 09:44:44,608 INFO it_colbert.benchmark.retrievers: maxsim 2380/7609 queries
2026-08-11 09:44:45,311 INFO it_colbert.benchmark.retrievers: maxsim 2400/7609 queries
2026-08-11 09:44:46,016 INFO it_colbert.benchmark.retrievers: maxsim 2420/7609 queries
2026-08-11 09:44:46,721 INFO it_colbert.benchmark.retrievers: maxsim 2440/7609 queries
2026-08-11 09:44:47,429 INFO it_colbert.benchmark.retrievers: maxsim 2460/7609 queries
2026-08-11 09:44:48,136 INFO it_colbert.benchmark.retrievers: maxsim 2480/7609 queries
2026-08-11 09:44:48,847 INFO it_colbert.benchmark.retrievers: maxsim 2500/7609 queries
2026-08-11 09:44:49,551 INFO it_colbert.benchmark.retrievers: maxsim 2520/7609 queries
2026-08-11 09:44:50,254 INFO it_colbert.benchmark.retrievers: maxsim 2540/7609 queries
2026-08-11 09:44:50,964 INFO it_colbert.benchmark.retrievers: maxsim 2560/7609 queries
2026-08-11 09:44:51,671 INFO it_colbert.benchmark.retrievers: maxsim 2580/7609 queries
2026-08-11 09:44:52,370 INFO it_colbert.benchmark.retrievers: maxsim 2600/7609 queries
2026-08-11 09:44:53,070 INFO it_colbert.benchmark.retrievers: maxsim 2620/7609 queries
2026-08-11 09:44:53,764 INFO it_colbert.benchmark.retrievers: maxsim 2640/7609 queries
2026-08-11 09:44:54,460 INFO it_colbert.benchmark.retrievers: maxsim 2660/7609 queries
2026-08-11 09:44:55,154 INFO it_colbert.benchmark.retrievers: maxsim 2680/7609 queries
2026-08-11 09:44:55,853 INFO it_colbert.benchmark.retrievers: maxsim 2700/7609 queries
2026-08-11 09:44:56,551 INFO it_colbert.benchmark.retrievers: maxsim 2720/7609 queries
2026-08-11 09:44:57,259 INFO it_colbert.benchmark.retrievers: maxsim 2740/7609 queries
2026-08-11 09:44:57,960 INFO it_colbert.benchmark.retrievers: maxsim 2760/7609 queries
2026-08-11 09:44:58,676 INFO it_colbert.benchmark.retrievers: maxsim 2780/7609 queries
2026-08-11 09:44:59,388 INFO it_colbert.benchmark.retrievers: maxsim 2800/7609 queries
2026-08-11 09:45:00,088 INFO it_colbert.benchmark.retrievers: maxsim 2820/7609 queries
2026-08-11 09:45:00,794 INFO it_colbert.benchmark.retrievers: maxsim 2840/7609 queries
2026-08-11 09:45:01,496 INFO it_colbert.benchmark.retrievers: maxsim 2860/7609 queries
2026-08-11 09:45:02,207 INFO it_colbert.benchmark.retrievers: maxsim 2880/7609 queries
2026-08-11 09:45:02,907 INFO it_colbert.benchmark.retrievers: maxsim 2900/7609 queries
2026-08-11 09:45:03,612 INFO it_colbert.benchmark.retrievers: maxsim 2920/7609 queries
2026-08-11 09:45:04,320 INFO it_colbert.benchmark.retrievers: maxsim 2940/7609 queries
2026-08-11 09:45:05,023 INFO it_colbert.benchmark.retrievers: maxsim 2960/7609 queries
2026-08-11 09:45:05,731 INFO it_colbert.benchmark.retrievers: maxsim 2980/7609 queries
2026-08-11 09:45:06,432 INFO it_colbert.benchmark.retrievers: maxsim 3000/7609 queries
2026-08-11 09:45:07,143 INFO it_colbert.benchmark.retrievers: maxsim 3020/7609 queries
2026-08-11 09:45:07,844 INFO it_colbert.benchmark.retrievers: maxsim 3040/7609 queries
2026-08-11 09:45:08,545 INFO it_colbert.benchmark.retrievers: maxsim 3060/7609 queries
2026-08-11 09:45:09,242 INFO it_colbert.benchmark.retrievers: maxsim 3080/7609 queries
2026-08-11 09:45:09,936 INFO it_colbert.benchmark.retrievers: maxsim 3100/7609 queries
2026-08-11 09:45:10,634 INFO it_colbert.benchmark.retrievers: maxsim 3120/7609 queries
2026-08-11 09:45:11,332 INFO it_colbert.benchmark.retrievers: maxsim 3140/7609 queries
2026-08-11 09:45:12,029 INFO it_colbert.benchmark.retrievers: maxsim 3160/7609 queries
2026-08-11 09:45:12,727 INFO it_colbert.benchmark.retrievers: maxsim 3180/7609 queries
2026-08-11 09:45:13,428 INFO it_colbert.benchmark.retrievers: maxsim 3200/7609 queries
2026-08-11 09:45:14,126 INFO it_colbert.benchmark.retrievers: maxsim 3220/7609 queries
2026-08-11 09:45:14,825 INFO it_colbert.benchmark.retrievers: maxsim 3240/7609 queries
2026-08-11 09:45:15,521 INFO it_colbert.benchmark.retrievers: maxsim 3260/7609 queries
2026-08-11 09:45:16,216 INFO it_colbert.benchmark.retrievers: maxsim 3280/7609 queries
2026-08-11 09:45:16,913 INFO it_colbert.benchmark.retrievers: maxsim 3300/7609 queries
2026-08-11 09:45:17,612 INFO it_colbert.benchmark.retrievers: maxsim 3320/7609 queries
2026-08-11 09:45:18,301 INFO it_colbert.benchmark.retrievers: maxsim 3340/7609 queries
2026-08-11 09:45:18,998 INFO it_colbert.benchmark.retrievers: maxsim 3360/7609 queries
2026-08-11 09:45:19,691 INFO it_colbert.benchmark.retrievers: maxsim 3380/7609 queries
2026-08-11 09:45:20,384 INFO it_colbert.benchmark.retrievers: maxsim 3400/7609 queries
2026-08-11 09:45:21,081 INFO it_colbert.benchmark.retrievers: maxsim 3420/7609 queries
2026-08-11 09:45:21,776 INFO it_colbert.benchmark.retrievers: maxsim 3440/7609 queries
2026-08-11 09:45:22,475 INFO it_colbert.benchmark.retrievers: maxsim 3460/7609 queries
2026-08-11 09:45:23,173 INFO it_colbert.benchmark.retrievers: maxsim 3480/7609 queries
2026-08-11 09:45:23,887 INFO it_colbert.benchmark.retrievers: maxsim 3500/7609 queries
2026-08-11 09:45:24,582 INFO it_colbert.benchmark.retrievers: maxsim 3520/7609 queries
2026-08-11 09:45:25,284 INFO it_colbert.benchmark.retrievers: maxsim 3540/7609 queries
2026-08-11 09:45:25,985 INFO it_colbert.benchmark.retrievers: maxsim 3560/7609 queries
2026-08-11 09:45:26,717 INFO it_colbert.benchmark.retrievers: maxsim 3580/7609 queries
2026-08-11 09:45:27,451 INFO it_colbert.benchmark.retrievers: maxsim 3600/7609 queries
2026-08-11 09:45:28,195 INFO it_colbert.benchmark.retrievers: maxsim 3620/7609 queries
2026-08-11 09:45:28,921 INFO it_colbert.benchmark.retrievers: maxsim 3640/7609 queries
2026-08-11 09:45:29,644 INFO it_colbert.benchmark.retrievers: maxsim 3660/7609 queries
2026-08-11 09:45:30,367 INFO it_colbert.benchmark.retrievers: maxsim 3680/7609 queries
2026-08-11 09:45:31,097 INFO it_colbert.benchmark.retrievers: maxsim 3700/7609 queries
2026-08-11 09:45:31,837 INFO it_colbert.benchmark.retrievers: maxsim 3720/7609 queries
2026-08-11 09:45:32,578 INFO it_colbert.benchmark.retrievers: maxsim 3740/7609 queries
2026-08-11 09:45:33,320 INFO it_colbert.benchmark.retrievers: maxsim 3760/7609 queries
2026-08-11 09:45:34,059 INFO it_colbert.benchmark.retrievers: maxsim 3780/7609 queries
2026-08-11 09:45:34,774 INFO it_colbert.benchmark.retrievers: maxsim 3800/7609 queries
2026-08-11 09:45:35,472 INFO it_colbert.benchmark.retrievers: maxsim 3820/7609 queries
2026-08-11 09:45:36,172 INFO it_colbert.benchmark.retrievers: maxsim 3840/7609 queries
2026-08-11 09:45:36,878 INFO it_colbert.benchmark.retrievers: maxsim 3860/7609 queries
2026-08-11 09:45:37,582 INFO it_colbert.benchmark.retrievers: maxsim 3880/7609 queries
2026-08-11 09:45:38,273 INFO it_colbert.benchmark.retrievers: maxsim 3900/7609 queries
2026-08-11 09:45:38,966 INFO it_colbert.benchmark.retrievers: maxsim 3920/7609 queries
2026-08-11 09:45:39,659 INFO it_colbert.benchmark.retrievers: maxsim 3940/7609 queries
2026-08-11 09:45:40,349 INFO it_colbert.benchmark.retrievers: maxsim 3960/7609 queries
2026-08-11 09:45:41,039 INFO it_colbert.benchmark.retrievers: maxsim 3980/7609 queries
2026-08-11 09:45:41,731 INFO it_colbert.benchmark.retrievers: maxsim 4000/7609 queries
2026-08-11 09:45:42,420 INFO it_colbert.benchmark.retrievers: maxsim 4020/7609 queries
2026-08-11 09:45:43,112 INFO it_colbert.benchmark.retrievers: maxsim 4040/7609 queries
2026-08-11 09:45:43,800 INFO it_colbert.benchmark.retrievers: maxsim 4060/7609 queries
2026-08-11 09:45:44,486 INFO it_colbert.benchmark.retrievers: maxsim 4080/7609 queries
2026-08-11 09:45:45,172 INFO it_colbert.benchmark.retrievers: maxsim 4100/7609 queries
2026-08-11 09:45:45,866 INFO it_colbert.benchmark.retrievers: maxsim 4120/7609 queries
2026-08-11 09:45:46,564 INFO it_colbert.benchmark.retrievers: maxsim 4140/7609 queries
2026-08-11 09:45:47,259 INFO it_colbert.benchmark.retrievers: maxsim 4160/7609 queries
2026-08-11 09:45:48,022 INFO it_colbert.benchmark.retrievers: maxsim 4180/7609 queries
2026-08-11 09:45:48,855 INFO it_colbert.benchmark.retrievers: maxsim 4200/7609 queries
2026-08-11 09:45:49,680 INFO it_colbert.benchmark.retrievers: maxsim 4220/7609 queries
2026-08-11 09:45:50,510 INFO it_colbert.benchmark.retrievers: maxsim 4240/7609 queries
2026-08-11 09:45:51,314 INFO it_colbert.benchmark.retrievers: maxsim 4260/7609 queries
2026-08-11 09:45:52,100 INFO it_colbert.benchmark.retrievers: maxsim 4280/7609 queries
2026-08-11 09:45:52,899 INFO it_colbert.benchmark.retrievers: maxsim 4300/7609 queries
2026-08-11 09:45:53,706 INFO it_colbert.benchmark.retrievers: maxsim 4320/7609 queries
2026-08-11 09:45:54,506 INFO it_colbert.benchmark.retrievers: maxsim 4340/7609 queries
2026-08-11 09:45:55,304 INFO it_colbert.benchmark.retrievers: maxsim 4360/7609 queries
2026-08-11 09:45:56,125 INFO it_colbert.benchmark.retrievers: maxsim 4380/7609 queries
2026-08-11 09:45:56,926 INFO it_colbert.benchmark.retrievers: maxsim 4400/7609 queries
2026-08-11 09:45:57,757 INFO it_colbert.benchmark.retrievers: maxsim 4420/7609 queries
2026-08-11 09:45:58,581 INFO it_colbert.benchmark.retrievers: maxsim 4440/7609 queries
2026-08-11 09:45:59,408 INFO it_colbert.benchmark.retrievers: maxsim 4460/7609 queries
2026-08-11 09:46:00,212 INFO it_colbert.benchmark.retrievers: maxsim 4480/7609 queries
2026-08-11 09:46:01,026 INFO it_colbert.benchmark.retrievers: maxsim 4500/7609 queries
2026-08-11 09:46:01,849 INFO it_colbert.benchmark.retrievers: maxsim 4520/7609 queries
2026-08-11 09:46:02,673 INFO it_colbert.benchmark.retrievers: maxsim 4540/7609 queries
2026-08-11 09:46:03,478 INFO it_colbert.benchmark.retrievers: maxsim 4560/7609 queries
2026-08-11 09:46:04,276 INFO it_colbert.benchmark.retrievers: maxsim 4580/7609 queries
2026-08-11 09:46:05,073 INFO it_colbert.benchmark.retrievers: maxsim 4600/7609 queries
2026-08-11 09:46:05,853 INFO it_colbert.benchmark.retrievers: maxsim 4620/7609 queries
2026-08-11 09:46:06,638 INFO it_colbert.benchmark.retrievers: maxsim 4640/7609 queries
2026-08-11 09:46:07,421 INFO it_colbert.benchmark.retrievers: maxsim 4660/7609 queries
2026-08-11 09:46:08,124 INFO it_colbert.benchmark.retrievers: maxsim 4680/7609 queries
2026-08-11 09:46:08,823 INFO it_colbert.benchmark.retrievers: maxsim 4700/7609 queries
2026-08-11 09:46:09,520 INFO it_colbert.benchmark.retrievers: maxsim 4720/7609 queries
2026-08-11 09:46:10,220 INFO it_colbert.benchmark.retrievers: maxsim 4740/7609 queries
2026-08-11 09:46:10,919 INFO it_colbert.benchmark.retrievers: maxsim 4760/7609 queries
2026-08-11 09:46:11,624 INFO it_colbert.benchmark.retrievers: maxsim 4780/7609 queries
2026-08-11 09:46:12,325 INFO it_colbert.benchmark.retrievers: maxsim 4800/7609 queries
2026-08-11 09:46:13,025 INFO it_colbert.benchmark.retrievers: maxsim 4820/7609 queries
2026-08-11 09:46:13,720 INFO it_colbert.benchmark.retrievers: maxsim 4840/7609 queries
2026-08-11 09:46:14,419 INFO it_colbert.benchmark.retrievers: maxsim 4860/7609 queries
2026-08-11 09:46:15,120 INFO it_colbert.benchmark.retrievers: maxsim 4880/7609 queries
2026-08-11 09:46:15,815 INFO it_colbert.benchmark.retrievers: maxsim 4900/7609 queries
2026-08-11 09:46:16,514 INFO it_colbert.benchmark.retrievers: maxsim 4920/7609 queries
2026-08-11 09:46:17,211 INFO it_colbert.benchmark.retrievers: maxsim 4940/7609 queries
2026-08-11 09:46:17,916 INFO it_colbert.benchmark.retrievers: maxsim 4960/7609 queries
2026-08-11 09:46:18,618 INFO it_colbert.benchmark.retrievers: maxsim 4980/7609 queries
2026-08-11 09:46:19,325 INFO it_colbert.benchmark.retrievers: maxsim 5000/7609 queries
2026-08-11 09:46:20,027 INFO it_colbert.benchmark.retrievers: maxsim 5020/7609 queries
2026-08-11 09:46:20,729 INFO it_colbert.benchmark.retrievers: maxsim 5040/7609 queries
2026-08-11 09:46:21,430 INFO it_colbert.benchmark.retrievers: maxsim 5060/7609 queries
2026-08-11 09:46:22,132 INFO it_colbert.benchmark.retrievers: maxsim 5080/7609 queries
2026-08-11 09:46:22,832 INFO it_colbert.benchmark.retrievers: maxsim 5100/7609 queries
2026-08-11 09:46:23,533 INFO it_colbert.benchmark.retrievers: maxsim 5120/7609 queries
2026-08-11 09:46:24,240 INFO it_colbert.benchmark.retrievers: maxsim 5140/7609 queries
2026-08-11 09:46:24,937 INFO it_colbert.benchmark.retrievers: maxsim 5160/7609 queries
2026-08-11 09:46:25,633 INFO it_colbert.benchmark.retrievers: maxsim 5180/7609 queries
2026-08-11 09:46:26,334 INFO it_colbert.benchmark.retrievers: maxsim 5200/7609 queries
2026-08-11 09:46:27,038 INFO it_colbert.benchmark.retrievers: maxsim 5220/7609 queries
2026-08-11 09:46:27,749 INFO it_colbert.benchmark.retrievers: maxsim 5240/7609 queries
2026-08-11 09:46:28,453 INFO it_colbert.benchmark.retrievers: maxsim 5260/7609 queries
2026-08-11 09:46:29,161 INFO it_colbert.benchmark.retrievers: maxsim 5280/7609 queries
2026-08-11 09:46:29,860 INFO it_colbert.benchmark.retrievers: maxsim 5300/7609 queries
2026-08-11 09:46:30,559 INFO it_colbert.benchmark.retrievers: maxsim 5320/7609 queries
2026-08-11 09:46:31,261 INFO it_colbert.benchmark.retrievers: maxsim 5340/7609 queries
2026-08-11 09:46:31,961 INFO it_colbert.benchmark.retrievers: maxsim 5360/7609 queries
2026-08-11 09:46:32,667 INFO it_colbert.benchmark.retrievers: maxsim 5380/7609 queries
2026-08-11 09:46:33,368 INFO it_colbert.benchmark.retrievers: maxsim 5400/7609 queries
2026-08-11 09:46:34,101 INFO it_colbert.benchmark.retrievers: maxsim 5420/7609 queries
2026-08-11 09:46:34,838 INFO it_colbert.benchmark.retrievers: maxsim 5440/7609 queries
2026-08-11 09:46:35,572 INFO it_colbert.benchmark.retrievers: maxsim 5460/7609 queries
2026-08-11 09:46:36,301 INFO it_colbert.benchmark.retrievers: maxsim 5480/7609 queries
2026-08-11 09:46:37,021 INFO it_colbert.benchmark.retrievers: maxsim 5500/7609 queries
2026-08-11 09:46:37,753 INFO it_colbert.benchmark.retrievers: maxsim 5520/7609 queries
2026-08-11 09:46:38,485 INFO it_colbert.benchmark.retrievers: maxsim 5540/7609 queries
2026-08-11 09:46:39,235 INFO it_colbert.benchmark.retrievers: maxsim 5560/7609 queries
2026-08-11 09:46:39,980 INFO it_colbert.benchmark.retrievers: maxsim 5580/7609 queries
2026-08-11 09:46:40,735 INFO it_colbert.benchmark.retrievers: maxsim 5600/7609 queries
2026-08-11 09:46:41,482 INFO it_colbert.benchmark.retrievers: maxsim 5620/7609 queries
2026-08-11 09:46:42,201 INFO it_colbert.benchmark.retrievers: maxsim 5640/7609 queries
2026-08-11 09:46:42,918 INFO it_colbert.benchmark.retrievers: maxsim 5660/7609 queries
2026-08-11 09:46:43,627 INFO it_colbert.benchmark.retrievers: maxsim 5680/7609 queries
2026-08-11 09:46:44,344 INFO it_colbert.benchmark.retrievers: maxsim 5700/7609 queries
2026-08-11 09:46:45,064 INFO it_colbert.benchmark.retrievers: maxsim 5720/7609 queries
2026-08-11 09:46:45,773 INFO it_colbert.benchmark.retrievers: maxsim 5740/7609 queries
2026-08-11 09:46:46,475 INFO it_colbert.benchmark.retrievers: maxsim 5760/7609 queries
2026-08-11 09:46:47,171 INFO it_colbert.benchmark.retrievers: maxsim 5780/7609 queries
2026-08-11 09:46:47,864 INFO it_colbert.benchmark.retrievers: maxsim 5800/7609 queries
2026-08-11 09:46:48,553 INFO it_colbert.benchmark.retrievers: maxsim 5820/7609 queries
2026-08-11 09:46:49,252 INFO it_colbert.benchmark.retrievers: maxsim 5840/7609 queries
2026-08-11 09:46:49,961 INFO it_colbert.benchmark.retrievers: maxsim 5860/7609 queries
2026-08-11 09:46:50,663 INFO it_colbert.benchmark.retrievers: maxsim 5880/7609 queries
2026-08-11 09:46:51,370 INFO it_colbert.benchmark.retrievers: maxsim 5900/7609 queries
2026-08-11 09:46:52,091 INFO it_colbert.benchmark.retrievers: maxsim 5920/7609 queries
2026-08-11 09:46:52,798 INFO it_colbert.benchmark.retrievers: maxsim 5940/7609 queries
2026-08-11 09:46:53,504 INFO it_colbert.benchmark.retrievers: maxsim 5960/7609 queries
2026-08-11 09:46:54,209 INFO it_colbert.benchmark.retrievers: maxsim 5980/7609 queries
2026-08-11 09:46:54,916 INFO it_colbert.benchmark.retrievers: maxsim 6000/7609 queries
2026-08-11 09:46:55,620 INFO it_colbert.benchmark.retrievers: maxsim 6020/7609 queries
2026-08-11 09:46:56,323 INFO it_colbert.benchmark.retrievers: maxsim 6040/7609 queries
2026-08-11 09:46:57,034 INFO it_colbert.benchmark.retrievers: maxsim 6060/7609 queries
2026-08-11 09:46:57,743 INFO it_colbert.benchmark.retrievers: maxsim 6080/7609 queries
2026-08-11 09:46:58,452 INFO it_colbert.benchmark.retrievers: maxsim 6100/7609 queries
2026-08-11 09:46:59,158 INFO it_colbert.benchmark.retrievers: maxsim 6120/7609 queries
2026-08-11 09:46:59,862 INFO it_colbert.benchmark.retrievers: maxsim 6140/7609 queries
2026-08-11 09:47:00,566 INFO it_colbert.benchmark.retrievers: maxsim 6160/7609 queries
2026-08-11 09:47:01,275 INFO it_colbert.benchmark.retrievers: maxsim 6180/7609 queries
2026-08-11 09:47:01,984 INFO it_colbert.benchmark.retrievers: maxsim 6200/7609 queries
2026-08-11 09:47:02,688 INFO it_colbert.benchmark.retrievers: maxsim 6220/7609 queries
2026-08-11 09:47:03,394 INFO it_colbert.benchmark.retrievers: maxsim 6240/7609 queries
2026-08-11 09:47:04,110 INFO it_colbert.benchmark.retrievers: maxsim 6260/7609 queries
2026-08-11 09:47:04,816 INFO it_colbert.benchmark.retrievers: maxsim 6280/7609 queries
2026-08-11 09:47:05,522 INFO it_colbert.benchmark.retrievers: maxsim 6300/7609 queries
2026-08-11 09:47:06,222 INFO it_colbert.benchmark.retrievers: maxsim 6320/7609 queries
2026-08-11 09:47:06,920 INFO it_colbert.benchmark.retrievers: maxsim 6340/7609 queries
2026-08-11 09:47:07,640 INFO it_colbert.benchmark.retrievers: maxsim 6360/7609 queries
2026-08-11 09:47:08,335 INFO it_colbert.benchmark.retrievers: maxsim 6380/7609 queries
2026-08-11 09:47:09,034 INFO it_colbert.benchmark.retrievers: maxsim 6400/7609 queries
2026-08-11 09:47:09,731 INFO it_colbert.benchmark.retrievers: maxsim 6420/7609 queries
2026-08-11 09:47:10,430 INFO it_colbert.benchmark.retrievers: maxsim 6440/7609 queries
2026-08-11 09:47:11,125 INFO it_colbert.benchmark.retrievers: maxsim 6460/7609 queries
2026-08-11 09:47:11,820 INFO it_colbert.benchmark.retrievers: maxsim 6480/7609 queries
2026-08-11 09:47:12,515 INFO it_colbert.benchmark.retrievers: maxsim 6500/7609 queries
2026-08-11 09:47:13,211 INFO it_colbert.benchmark.retrievers: maxsim 6520/7609 queries
2026-08-11 09:47:13,908 INFO it_colbert.benchmark.retrievers: maxsim 6540/7609 queries
2026-08-11 09:47:14,604 INFO it_colbert.benchmark.retrievers: maxsim 6560/7609 queries
2026-08-11 09:47:15,301 INFO it_colbert.benchmark.retrievers: maxsim 6580/7609 queries
2026-08-11 09:47:15,999 INFO it_colbert.benchmark.retrievers: maxsim 6600/7609 queries
2026-08-11 09:47:16,697 INFO it_colbert.benchmark.retrievers: maxsim 6620/7609 queries
2026-08-11 09:47:17,399 INFO it_colbert.benchmark.retrievers: maxsim 6640/7609 queries
2026-08-11 09:47:18,095 INFO it_colbert.benchmark.retrievers: maxsim 6660/7609 queries
2026-08-11 09:47:18,795 INFO it_colbert.benchmark.retrievers: maxsim 6680/7609 queries
2026-08-11 09:47:19,490 INFO it_colbert.benchmark.retrievers: maxsim 6700/7609 queries
2026-08-11 09:47:20,191 INFO it_colbert.benchmark.retrievers: maxsim 6720/7609 queries
2026-08-11 09:47:20,889 INFO it_colbert.benchmark.retrievers: maxsim 6740/7609 queries
2026-08-11 09:47:21,586 INFO it_colbert.benchmark.retrievers: maxsim 6760/7609 queries
2026-08-11 09:47:22,282 INFO it_colbert.benchmark.retrievers: maxsim 6780/7609 queries
2026-08-11 09:47:22,980 INFO it_colbert.benchmark.retrievers: maxsim 6800/7609 queries
2026-08-11 09:47:23,676 INFO it_colbert.benchmark.retrievers: maxsim 6820/7609 queries
2026-08-11 09:47:24,374 INFO it_colbert.benchmark.retrievers: maxsim 6840/7609 queries
2026-08-11 09:47:25,075 INFO it_colbert.benchmark.retrievers: maxsim 6860/7609 queries
2026-08-11 09:47:25,777 INFO it_colbert.benchmark.retrievers: maxsim 6880/7609 queries
2026-08-11 09:47:26,474 INFO it_colbert.benchmark.retrievers: maxsim 6900/7609 queries
2026-08-11 09:47:27,170 INFO it_colbert.benchmark.retrievers: maxsim 6920/7609 queries
2026-08-11 09:47:27,866 INFO it_colbert.benchmark.retrievers: maxsim 6940/7609 queries
2026-08-11 09:47:28,560 INFO it_colbert.benchmark.retrievers: maxsim 6960/7609 queries
2026-08-11 09:47:29,260 INFO it_colbert.benchmark.retrievers: maxsim 6980/7609 queries
2026-08-11 09:47:29,959 INFO it_colbert.benchmark.retrievers: maxsim 7000/7609 queries
2026-08-11 09:47:30,654 INFO it_colbert.benchmark.retrievers: maxsim 7020/7609 queries
2026-08-11 09:47:31,354 INFO it_colbert.benchmark.retrievers: maxsim 7040/7609 queries
2026-08-11 09:47:32,041 INFO it_colbert.benchmark.retrievers: maxsim 7060/7609 queries
2026-08-11 09:47:32,740 INFO it_colbert.benchmark.retrievers: maxsim 7080/7609 queries
2026-08-11 09:47:33,441 INFO it_colbert.benchmark.retrievers: maxsim 7100/7609 queries
2026-08-11 09:47:34,155 INFO it_colbert.benchmark.retrievers: maxsim 7120/7609 queries
2026-08-11 09:47:34,893 INFO it_colbert.benchmark.retrievers: maxsim 7140/7609 queries
2026-08-11 09:47:35,625 INFO it_colbert.benchmark.retrievers: maxsim 7160/7609 queries
2026-08-11 09:47:36,357 INFO it_colbert.benchmark.retrievers: maxsim 7180/7609 queries
2026-08-11 09:47:37,076 INFO it_colbert.benchmark.retrievers: maxsim 7200/7609 queries
2026-08-11 09:47:37,905 INFO it_colbert.benchmark.retrievers: maxsim 7220/7609 queries
2026-08-11 09:47:38,782 INFO it_colbert.benchmark.retrievers: maxsim 7240/7609 queries
2026-08-11 09:47:39,676 INFO it_colbert.benchmark.retrievers: maxsim 7260/7609 queries
2026-08-11 09:47:40,573 INFO it_colbert.benchmark.retrievers: maxsim 7280/7609 queries
2026-08-11 09:47:41,466 INFO it_colbert.benchmark.retrievers: maxsim 7300/7609 queries
2026-08-11 09:47:42,316 INFO it_colbert.benchmark.retrievers: maxsim 7320/7609 queries
2026-08-11 09:47:43,135 INFO it_colbert.benchmark.retrievers: maxsim 7340/7609 queries
2026-08-11 09:47:43,927 INFO it_colbert.benchmark.retrievers: maxsim 7360/7609 queries
2026-08-11 09:47:44,766 INFO it_colbert.benchmark.retrievers: maxsim 7380/7609 queries
2026-08-11 09:47:45,589 INFO it_colbert.benchmark.retrievers: maxsim 7400/7609 queries
2026-08-11 09:47:46,425 INFO it_colbert.benchmark.retrievers: maxsim 7420/7609 queries
2026-08-11 09:47:47,185 INFO it_colbert.benchmark.retrievers: maxsim 7440/7609 queries
2026-08-11 09:47:48,037 INFO it_colbert.benchmark.retrievers: maxsim 7460/7609 queries
2026-08-11 09:47:48,862 INFO it_colbert.benchmark.retrievers: maxsim 7480/7609 queries
2026-08-11 09:47:49,676 INFO it_colbert.benchmark.retrievers: maxsim 7500/7609 queries
2026-08-11 09:47:50,490 INFO it_colbert.benchmark.retrievers: maxsim 7520/7609 queries
2026-08-11 09:47:51,325 INFO it_colbert.benchmark.retrievers: maxsim 7540/7609 queries
2026-08-11 09:47:52,162 INFO it_colbert.benchmark.retrievers: maxsim 7560/7609 queries
2026-08-11 09:47:53,010 INFO it_colbert.benchmark.retrievers: maxsim 7580/7609 queries
2026-08-11 09:47:53,861 INFO it_colbert.benchmark.retrievers: maxsim 7600/7609 queries
2026-08-11 09:47:56,190 INFO it_colbert.benchmark.run: --- squad-ita / ItColBERT (phase1-only) ---
2026-08-11 09:47:56,191 INFO it_colbert.benchmark.retrievers: loading colbert model outputs/final_phase1
2026-08-11 09:47:56,192 INFO sentence_transformers.SentenceTransformer: Use pytorch device_name: cuda:0
2026-08-11 09:47:56,192 INFO sentence_transformers.SentenceTransformer: Load pretrained ColBERT: outputs/final_phase1
2026-08-11 09:47:56,775 INFO httpx: HTTP Request: HEAD https://huggingface.co/outputs/final_phase1/resolve/main/modules.json "HTTP/1.1 404 Not Found"
2026-08-11 09:47:56,775 WARNING pylate.models.colbert: No sentence-transformers model found with name outputs/final_phase1.
2026-08-11 09:47:57,024 INFO httpx: HTTP Request: HEAD https://huggingface.co/outputs/final_phase1/resolve/main/adapter_config.json "HTTP/1.1 404 Not Found"
2026-08-11 09:47:57,024 ERROR it_colbert.benchmark.run: failed on squad-ita / ItColBERT (phase1-only)
Traceback (most recent call last):
  File "/home/enricollen/PROJECTS/it-colbert/.venv/lib/python3.11/site-packages/huggingface_hub/utils/_http.py", line 795, in hf_raise_for_status
    response.raise_for_status()
  File "/home/enricollen/PROJECTS/it-colbert/.venv/lib/python3.11/site-packages/httpx/_models.py", line 829, in raise_for_status
    raise HTTPStatusError(message, request=request, response=self)
httpx.HTTPStatusError: Client error '404 Not Found' for url 'https://huggingface.co/outputs/final_phase1/resolve/main/adapter_config.json'
For more information check: https://developer.mozilla.org/en-US/docs/Web/HTTP/Status/404

The above exception was the direct cause of the following exception:

Traceback (most recent call last):
  File "/home/enricollen/PROJECTS/it-colbert/.venv/lib/python3.11/site-packages/transformers/utils/hub.py", line 420, in cached_files
    hf_hub_download(
  File "/home/enricollen/PROJECTS/it-colbert/.venv/lib/python3.11/site-packages/huggingface_hub/utils/_validators.py", line 88, in _inner_fn
    return fn(*args, **kwargs)
           ^^^^^^^^^^^^^^^^^^^
  File "/home/enricollen/PROJECTS/it-colbert/.venv/lib/python3.11/site-packages/huggingface_hub/file_download.py", line 1019, in hf_hub_download
    return _hf_hub_download_to_cache_dir(
           ^^^^^^^^^^^^^^^^^^^^^^^^^^^^^^
  File "/home/enricollen/PROJECTS/it-colbert/.venv/lib/python3.11/site-packages/huggingface_hub/file_download.py", line 1166, in _hf_hub_download_to_cache_dir
    _raise_on_head_call_error(head_call_error, force_download, local_files_only)
  File "/home/enricollen/PROJECTS/it-colbert/.venv/lib/python3.11/site-packages/huggingface_hub/file_download.py", line 1876, in _raise_on_head_call_error
    raise head_call_error
  File "/home/enricollen/PROJECTS/it-colbert/.venv/lib/python3.11/site-packages/huggingface_hub/file_download.py", line 1713, in _get_metadata_or_catch_error
    metadata = get_hf_file_metadata(
               ^^^^^^^^^^^^^^^^^^^^^
  File "/home/enricollen/PROJECTS/it-colbert/.venv/lib/python3.11/site-packages/huggingface_hub/utils/_validators.py", line 88, in _inner_fn
    return fn(*args, **kwargs)
           ^^^^^^^^^^^^^^^^^^^
  File "/home/enricollen/PROJECTS/it-colbert/.venv/lib/python3.11/site-packages/huggingface_hub/file_download.py", line 1621, in get_hf_file_metadata
    response = _httpx_follow_relative_redirects_with_backoff(
               ^^^^^^^^^^^^^^^^^^^^^^^^^^^^^^^^^^^^^^^^^^^^^^
  File "/home/enricollen/PROJECTS/it-colbert/.venv/lib/python3.11/site-packages/huggingface_hub/utils/_http.py", line 726, in _httpx_follow_relative_redirects_with_backoff
    hf_raise_for_status(response)
  File "/home/enricollen/PROJECTS/it-colbert/.venv/lib/python3.11/site-packages/huggingface_hub/utils/_http.py", line 882, in hf_raise_for_status
    raise _format(RepositoryNotFoundError, message, response, repo_type=repo_type, repo_id=repo_id) from e
huggingface_hub.errors.RepositoryNotFoundError: 404 Client Error. (Request ID: Root=1-6a7ad3ae-7e07a139607025955c836889;8a7e52b1-6ef1-4663-b29c-e508e51819e2)

Repository Not Found for url: https://huggingface.co/outputs/final_phase1/resolve/main/adapter_config.json.
Please make sure you specified the correct `repo_id` and `repo_type`.
If you are trying to access a private or gated repo, make sure you are authenticated and your token has the required permissions.
For more details, see https://huggingface.co/docs/huggingface_hub/authentication

The above exception was the direct cause of the following exception:

Traceback (most recent call last):
  File "/home/enricollen/PROJECTS/it-colbert/src/it_colbert/benchmark/run.py", line 426, in run_benchmark
    scores = _retrieve_for_model(spec, split, cfg)
             ^^^^^^^^^^^^^^^^^^^^^^^^^^^^^^^^^^^^^
  File "/home/enricollen/PROJECTS/it-colbert/src/it_colbert/benchmark/run.py", line 288, in _retrieve_for_model
    retr = ColBERTRetriever(
           ^^^^^^^^^^^^^^^^^
  File "/home/enricollen/PROJECTS/it-colbert/src/it_colbert/benchmark/retrievers.py", line 324, in __init__
    self.model = models.ColBERT(
                 ^^^^^^^^^^^^^^^
  File "/home/enricollen/PROJECTS/it-colbert/.venv/lib/python3.11/site-packages/pylate/models/colbert.py", line 231, in __init__
    super(ColBERT, self).__init__(
  File "/home/enricollen/PROJECTS/it-colbert/.venv/lib/python3.11/site-packages/sentence_transformers/SentenceTransformer.py", line 339, in __init__
    modules = self._load_auto_model(
              ^^^^^^^^^^^^^^^^^^^^^^
  File "/home/enricollen/PROJECTS/it-colbert/.venv/lib/python3.11/site-packages/pylate/models/colbert.py", line 1270, in _load_auto_model
    transformer_model = Transformer(
                        ^^^^^^^^^^^^
  File "/home/enricollen/PROJECTS/it-colbert/.venv/lib/python3.11/site-packages/sentence_transformers/models/Transformer.py", line 120, in __init__
    config, is_peft_model = self._load_config(model_name_or_path, cache_dir, backend, config_args)
                            ^^^^^^^^^^^^^^^^^^^^^^^^^^^^^^^^^^^^^^^^^^^^^^^^^^^^^^^^^^^^^^^^^^^^^^
  File "/home/enricollen/PROJECTS/it-colbert/.venv/lib/python3.11/site-packages/sentence_transformers/models/Transformer.py", line 171, in _load_config
    find_adapter_config_file(
  File "/home/enricollen/PROJECTS/it-colbert/.venv/lib/python3.11/site-packages/transformers/utils/peft_utils.py", line 84, in find_adapter_config_file
    adapter_cached_filename = cached_file(
                              ^^^^^^^^^^^^
  File "/home/enricollen/PROJECTS/it-colbert/.venv/lib/python3.11/site-packages/transformers/utils/hub.py", line 277, in cached_file
    file = cached_files(path_or_repo_id=path_or_repo_id, filenames=[filename], **kwargs)
           ^^^^^^^^^^^^^^^^^^^^^^^^^^^^^^^^^^^^^^^^^^^^^^^^^^^^^^^^^^^^^^^^^^^^^^^^^^^^^
  File "/home/enricollen/PROJECTS/it-colbert/.venv/lib/python3.11/site-packages/transformers/utils/hub.py", line 450, in cached_files
    raise OSError(
OSError: outputs/final_phase1 is not a local folder and is not a valid model identifier listed on 'https://huggingface.co/models'
If this is a private repository, make sure to pass a token having permission to this repo either by logging in with `hf auth login` or by passing `token=<your_token>`
2026-08-11 09:47:57,228 INFO it_colbert.benchmark.run: --- squad-ita / ItColBERT ---
2026-08-11 09:47:57,228 INFO it_colbert.benchmark.retrievers: loading colbert model outputs/final
2026-08-11 09:47:57,229 INFO sentence_transformers.SentenceTransformer: Use pytorch device_name: cuda:0
2026-08-11 09:47:57,229 INFO sentence_transformers.SentenceTransformer: Load pretrained ColBERT: outputs/final
2026-08-11 09:47:57,476 INFO httpx: HTTP Request: HEAD https://huggingface.co/outputs/final/resolve/main/modules.json "HTTP/1.1 404 Not Found"
2026-08-11 09:47:57,476 WARNING pylate.models.colbert: No sentence-transformers model found with name outputs/final.
2026-08-11 09:47:57,761 INFO httpx: HTTP Request: HEAD https://huggingface.co/outputs/final/resolve/main/adapter_config.json "HTTP/1.1 404 Not Found"
2026-08-11 09:47:57,762 ERROR it_colbert.benchmark.run: failed on squad-ita / ItColBERT
Traceback (most recent call last):
  File "/home/enricollen/PROJECTS/it-colbert/.venv/lib/python3.11/site-packages/huggingface_hub/utils/_http.py", line 795, in hf_raise_for_status
    response.raise_for_status()
  File "/home/enricollen/PROJECTS/it-colbert/.venv/lib/python3.11/site-packages/httpx/_models.py", line 829, in raise_for_status
    raise HTTPStatusError(message, request=request, response=self)
httpx.HTTPStatusError: Client error '404 Not Found' for url 'https://huggingface.co/outputs/final/resolve/main/adapter_config.json'
For more information check: https://developer.mozilla.org/en-US/docs/Web/HTTP/Status/404

The above exception was the direct cause of the following exception:

Traceback (most recent call last):
  File "/home/enricollen/PROJECTS/it-colbert/.venv/lib/python3.11/site-packages/transformers/utils/hub.py", line 420, in cached_files
    hf_hub_download(
  File "/home/enricollen/PROJECTS/it-colbert/.venv/lib/python3.11/site-packages/huggingface_hub/utils/_validators.py", line 88, in _inner_fn
    return fn(*args, **kwargs)
           ^^^^^^^^^^^^^^^^^^^
  File "/home/enricollen/PROJECTS/it-colbert/.venv/lib/python3.11/site-packages/huggingface_hub/file_download.py", line 1019, in hf_hub_download
    return _hf_hub_download_to_cache_dir(
           ^^^^^^^^^^^^^^^^^^^^^^^^^^^^^^
  File "/home/enricollen/PROJECTS/it-colbert/.venv/lib/python3.11/site-packages/huggingface_hub/file_download.py", line 1166, in _hf_hub_download_to_cache_dir
    _raise_on_head_call_error(head_call_error, force_download, local_files_only)
  File "/home/enricollen/PROJECTS/it-colbert/.venv/lib/python3.11/site-packages/huggingface_hub/file_download.py", line 1876, in _raise_on_head_call_error
    raise head_call_error
  File "/home/enricollen/PROJECTS/it-colbert/.venv/lib/python3.11/site-packages/huggingface_hub/file_download.py", line 1713, in _get_metadata_or_catch_error
    metadata = get_hf_file_metadata(
               ^^^^^^^^^^^^^^^^^^^^^
  File "/home/enricollen/PROJECTS/it-colbert/.venv/lib/python3.11/site-packages/huggingface_hub/utils/_validators.py", line 88, in _inner_fn
    return fn(*args, **kwargs)
           ^^^^^^^^^^^^^^^^^^^
  File "/home/enricollen/PROJECTS/it-colbert/.venv/lib/python3.11/site-packages/huggingface_hub/file_download.py", line 1621, in get_hf_file_metadata
    response = _httpx_follow_relative_redirects_with_backoff(
               ^^^^^^^^^^^^^^^^^^^^^^^^^^^^^^^^^^^^^^^^^^^^^^
  File "/home/enricollen/PROJECTS/it-colbert/.venv/lib/python3.11/site-packages/huggingface_hub/utils/_http.py", line 726, in _httpx_follow_relative_redirects_with_backoff
    hf_raise_for_status(response)
  File "/home/enricollen/PROJECTS/it-colbert/.venv/lib/python3.11/site-packages/huggingface_hub/utils/_http.py", line 882, in hf_raise_for_status
    raise _format(RepositoryNotFoundError, message, response, repo_type=repo_type, repo_id=repo_id) from e
huggingface_hub.errors.RepositoryNotFoundError: 404 Client Error. (Request ID: Root=1-6a7ad3af-54393af5192f9f1a62668923;9fcb220e-afdf-468b-84f1-5436f12126d6)

Repository Not Found for url: https://huggingface.co/outputs/final/resolve/main/adapter_config.json.
Please make sure you specified the correct `repo_id` and `repo_type`.
If you are trying to access a private or gated repo, make sure you are authenticated and your token has the required permissions.
For more details, see https://huggingface.co/docs/huggingface_hub/authentication

The above exception was the direct cause of the following exception:

Traceback (most recent call last):
  File "/home/enricollen/PROJECTS/it-colbert/src/it_colbert/benchmark/run.py", line 426, in run_benchmark
    scores = _retrieve_for_model(spec, split, cfg)
             ^^^^^^^^^^^^^^^^^^^^^^^^^^^^^^^^^^^^^
  File "/home/enricollen/PROJECTS/it-colbert/src/it_colbert/benchmark/run.py", line 288, in _retrieve_for_model
    retr = ColBERTRetriever(
           ^^^^^^^^^^^^^^^^^
  File "/home/enricollen/PROJECTS/it-colbert/src/it_colbert/benchmark/retrievers.py", line 324, in __init__
    self.model = models.ColBERT(
                 ^^^^^^^^^^^^^^^
  File "/home/enricollen/PROJECTS/it-colbert/.venv/lib/python3.11/site-packages/pylate/models/colbert.py", line 231, in __init__
    super(ColBERT, self).__init__(
  File "/home/enricollen/PROJECTS/it-colbert/.venv/lib/python3.11/site-packages/sentence_transformers/SentenceTransformer.py", line 339, in __init__
    modules = self._load_auto_model(
              ^^^^^^^^^^^^^^^^^^^^^^
  File "/home/enricollen/PROJECTS/it-colbert/.venv/lib/python3.11/site-packages/pylate/models/colbert.py", line 1270, in _load_auto_model
    transformer_model = Transformer(
                        ^^^^^^^^^^^^
  File "/home/enricollen/PROJECTS/it-colbert/.venv/lib/python3.11/site-packages/sentence_transformers/models/Transformer.py", line 120, in __init__
    config, is_peft_model = self._load_config(model_name_or_path, cache_dir, backend, config_args)
                            ^^^^^^^^^^^^^^^^^^^^^^^^^^^^^^^^^^^^^^^^^^^^^^^^^^^^^^^^^^^^^^^^^^^^^^
  File "/home/enricollen/PROJECTS/it-colbert/.venv/lib/python3.11/site-packages/sentence_transformers/models/Transformer.py", line 171, in _load_config
    find_adapter_config_file(
  File "/home/enricollen/PROJECTS/it-colbert/.venv/lib/python3.11/site-packages/transformers/utils/peft_utils.py", line 84, in find_adapter_config_file
    adapter_cached_filename = cached_file(
                              ^^^^^^^^^^^^
  File "/home/enricollen/PROJECTS/it-colbert/.venv/lib/python3.11/site-packages/transformers/utils/hub.py", line 277, in cached_file
    file = cached_files(path_or_repo_id=path_or_repo_id, filenames=[filename], **kwargs)
           ^^^^^^^^^^^^^^^^^^^^^^^^^^^^^^^^^^^^^^^^^^^^^^^^^^^^^^^^^^^^^^^^^^^^^^^^^^^^^
  File "/home/enricollen/PROJECTS/it-colbert/.venv/lib/python3.11/site-packages/transformers/utils/hub.py", line 450, in cached_files
    raise OSError(
OSError: outputs/final is not a local folder and is not a valid model identifier listed on 'https://huggingface.co/models'
If this is a private repository, make sure to pass a token having permission to this repo either by logging in with `hf auth login` or by passing `token=<your_token>`
2026-08-11 09:47:57,977 INFO it_colbert.benchmark.run: wrote outputs/benchmark/results.json
